Parameter Settings																										
LaCyTools Version	1.1.0-alpha																									
LaCyTools Build	190207b																									
Extraction Parameters																										
SUM_SPECTRUM_RESOLUTION	100																									
MASS_WINDOW	0.2																									
TIME_WINDOW	8																									
MIN_CHARGE	2																									
MAX_CHARGE	3																									
MIN_TOTAL	0.95																									
BACKGROUND_WINDOW	10																									
																										
Absolute Intensity (Background Subtracted, 2+)	IgGI1H3N4	IgGI1H4N4	IgGI1H5N4	IgGI1H3N5	IgGI1H4N5	IgGI1H5N5	IgGI1H3N4F1	IgGI1H4N4F1	IgGI1H5N4F1	IgGI1H3N5F1	IgGI1H4N5F1	IgGI1H5N5F1	IgGI1H4N4S1	IgGI1H5N4S1	IgGI1H5N4S2	IgGI1H4N5S1	IgGI1H5N5S1	IgGI1H4N4F1S1	IgGI1H5N4F1S1	IgGI1H5N4F1S2	IgGI1H4N5F1S1	IgGI1H5N5F1S1	IgGI1H4N5F2	IgGI1H5N5F2	IgGI1H4N4F2S1	IgGI1H5N4F2S1
Fraction	0.978335887	0.973446769	0.967959697	0.972130484	0.966475822	0.960210759	0.973817224	0.968364975	0.962305248	0.966891046	0.960660177	0.953814889	0.96321064	0.956622851	0.979382475	0.954828344	0.981262795	0.957089849	0.982337811	0.975829405	0.981505389	0.977914576	0.954296081	0.981012967	0.950420079	0.979115684
Monoisotopic Mass	[1244.999152393576]	[1326.02557400047]	[1407.0519945897695]	[1346.5388426448847]	[1427.5652633631255]	[1508.5916832163723]	[1318.0281165180265]	[1399.0545371187573]	[1480.0809568497966]	[1419.5678058935518]	[1500.5942257566583]	[1581.6206448725472]	[1471.5732894678354]	[1552.5997089370617]	[1698.1474222980485]	[1573.1129781043744]	[1654.139396998329]	[1544.6022514818471]	[1625.6286702643677]	[1771.176382877912]	[1646.14193955238]	[1727.1683578475408]	[1573.6231874215257]	[1654.6496058962548]	[1617.6312128173681]	[1698.6576310008422]
alignedLin_38075IM5-Spike-PL4_F04_01 20200803_000068.raw	368.984	354.54	383.128	939.612	1001.172	809.832	206.52	520.916	559.284	637.388	775.884	566.52	905.352	1165.912	188.176	502.816	423.32	1106.124	981.072	284.488	695.972	428.068	668.832	402.8	508.964	206.7
alignedLin_38075IM5-Spike-PL4_H01_01 20200803_000091.raw	915.18	1122.484	1615.588	1903.428	2716.972	2628.656	8853.592	7371.28	3212.552	3068.444	2635.6	2154.512	3293.344	3452.888	530.308	1744.88	1207.956	2356.5	1719.48	649.524	951.964	181.588	2103.344	1054.796	1630.56	416.028
alignedLin_38075IM5-Spike-PL4_H04_01 20200803_000094.raw	554.944	369.232	573.796	890.392	1276.32	1172.172	1814.06	1446.676	1070.232	1302.74	1155.48	1045.024	1549.552	1626.632	234.452	803.824	450.86	1074.12	930.348	256.6	446.34	118.428	1017.184	415.02	616.788	232.46
alignedLin_38075IM5-Spike-PL5_A11_01 20200804_000015.raw	559.948	792.9	226.308	417.152	271.132	217.16	1603.236	1547.256	582.492	482.472	306.14	135.66	249.384	247.28	44.58	64.316	74.06	289.788	461.04	72.596	226.552	114.156	55.624	72.284	95.04	53.756
alignedLin_38075IM5-Spike-PL5_B11_01 20200804_000027.raw	105.42	529.232	183.704	734.288	335.436	217.476	4839.68	1298.572	372.868	371.944	228.348	228.448	195.988	150.432	81.28	95.084	91.704	354.308	743.528	144.172	260.092	116.54	114.824	131.096	106.244	49.3
alignedLin_38075IM5-Spike-PL5_C03_01 20200804_000032.raw	201.16	506.852	239.532	563.78	330.648	159.196	3106.304	1621.78	729.32	613.3	344.876	136.412	217.032	183.22	46.24	78.76	126.5	319.748	532.304	90.84	197.912	78.46	88.9	165.9	59.1	56.36
alignedLin_38075IM5-Spike-PL5_C10_01 20200804_000039.raw	120.824	589.588	243.884	534.304	285.52	138.184	3718.868	1362.672	559.94	441.616	285.432	198.804	214.08	209.42	55.284	40.12	100.784	330.616	658.508	68.424	251.076	143.708	64.396	116.236	90.02	41.54
alignedLin_38075IM5-Spike-PL5_D01_01 20200804_000042.raw	201.756	753.6	252.892	599.06	434.124	232.72	4012.988	1506.156	691.192	515.168	305.82	198.928	257.748	271.256	65.852	58.772	98.308	374.48	631.168	100.02	239.464	149.412	81.476	116.284	93.116	64.96
alignedLin_38075IM5-Spike-PL5_D09_01 20200804_000050.raw	128.6	710.1	205.084	544.192	328.22	203.912	3691.952	1473.728	366.144	567.124	256.26	125.748	221.476	220.528	69.952	82.196	112.04	330.536	570.492	60.12	187.444	147.388	101.284	104.296	107.272	50.06
alignedLin_38075IM5-Spike-PL5_D11_01 20200804_000052.raw	137.472	557.304	211.568	556.228	203.436	229.96	1535.436	1196.52	556.048	278.092	232.1	104.28	202.92	231.64	55.4	65.584	102.1	237.896	503.628	66.26	248.84	109.836	62.384	119.032	76.824	43.4
alignedLin_38075IM5-Spike-PL5_E04_01 20200804_000060.raw	520.764	411.872	253.484	478.06	284.7	179.496	2452.972	1409.32	486.04	607.052	245.02	221.1	212.356	257.66	48.96	59.708	121.68	235.724	601.924	93.212	201.296	173.364	83	140.844	100.84	44.584
alignedLin_38075IM5-Spike-PL5_E09_01 20200804_000065.raw	160.94	608.08	204.176	461.744	218.176	177.94	4856.668	1327.992	403.86	385.032	211.78	128.16	180.448	208.416	29.94	62.384	98.836	365.368	599.728	72.08	163.54	197.696	63.152	89.4	56.676	32.02
alignedLin_38075IM5-Spike-PL5_G02_02 20200804_000087.raw	343.2	502.488	367.084	197.84	218.996	192.1	2543.32	1996.544	746.568	491.348	191	154.08	226.6	198.356	59.74	70.816	120.048	195.572	481.992	122.46	159.448	138.408	95.432	134.576	75.784	70.156
aligned_38075IM5-Spike-PL4_A01_01 20200803_000005.raw	26790.112	41727.112	15489.852	1950.16	3761.956	2147.7	804361.156	378886.304	83741.488	69286.616	18857.832	2552.76	3854.48	2838.708	529.1	1456.544	1314.616	10895.152	19292.08	399.308	1160.444	698.168	1813	1223.024	1183.272	459.72
aligned_38075IM5-Spike-PL4_A02_01 20200803_000006.raw	25522.864	34043.476	11256.808	1688.716	3158.428	1690.504	794961.528	368830.796	82270.296	70314.98	19228.02	2387.808	3176.656	2559.876	380.576	1093.372	979.696	10170.828	18387.292	336.488	876.852	508.692	1357.76	887.588	911.692	320.272
aligned_38075IM5-Spike-PL4_A03_01 20200803_000007.raw	26408.192	32092.324	10581.448	2049.088	3748.988	1660.34	794036.3	356777.652	84412.288	81252.6	20765.16	2544.372	2773.808	2379.16	352.084	1057.368	825.372	9848.276	19510.88	384.012	899.06	491.284	1310.98	772.596	783.104	307.932
aligned_38075IM5-Spike-PL4_A04_01 20200803_000008.raw	58847.708	46206.008	15810.34	5257.344	4740.42	1870.528	735516.32	424034.512	102325.2	108767.384	29649.14	3037.464	4246.8	3640.4	528.52	1320.488	1181.188	15525.788	31319.644	846.372	1282.844	584.696	1586.364	1112.772	1227.812	468.16
aligned_38075IM5-Spike-PL4_A05_01 20200803_000009.raw	58709.964	46134.232	17260.624	5797.576	5334.968	2105.1	737278.264	419380.188	102542.284	117590.792	30467.348	3323.292	4378.88	3833.228	519.84	1383.464	1206.8	14763.98	31235.012	883.788	1273.572	929.6	1778.644	1221.396	1399.528	447.836
aligned_38075IM5-Spike-PL4_A06_01 20200803_000010.raw	1598.02	818.48	990.084	1105.764	1915.048	1814.852	2386.74	1789.032	1367.784	1610.304	1476.12	1398.124	2353.396	2594.104	434.868	1316.076	849.78	1770.432	1557.532	523.636	1027.1	321.836	1645.412	749.784	1206.392	393.524
aligned_38075IM5-Spike-PL4_A07_01 20200803_000011.raw	1167.668	744.392	1081.712	2446.82	2555.976	2106.016	14106.064	3704.82	2283.888	2224.44	1939.26	1489.612	3877.768	3234.708	463.744	1760.048	1169.192	2066.444	1626.504	540.664	1318.656	1040.236	2092.352	1076.82	1316.956	414.2
aligned_38075IM5-Spike-PL4_A08_01 20200803_000012.raw	23423.42	31951.72	22951.516	1523.392	2209.66	1591.228	583694.136	733510.328	330057.988	24920.436	22111.9	4626.136	4289.2	4073.556	375.644	1419.32	1124.024	19772.62	83915.844	1096.356	1180.74	916.428	1771.692	1040.628	1087.944	329.952
aligned_38075IM5-Spike-PL4_A09_01 20200803_000013.raw	23237.204	32279.848	22666.644	1461.476	2040.82	1557.712	584498.524	712709.048	314755.032	27706.132	23480.276	5130.82	4036	4254.856	409.852	1510.764	1036.116	18401.572	77051.908	977.02	1166.296	770.884	1810.604	951.34	895.364	383.448
aligned_38075IM5-Spike-PL4_A10_01 20200803_000014.raw	21847.9	28683.908	18872.16	1030.74	2125.868	1466.748	560645.872	665703.632	287500.684	29131.408	24806.064	5005.328	3779.62	3445.672	299.456	1205.984	1006.428	16728.404	67746.544	933.544	1012.46	777.872	1420.836	944.136	927.848	275.82
aligned_38075IM5-Spike-PL4_A11_01 20200803_000015.raw	87704.984	147637.464	95746.796	17881.264	21513.324	4962.084	1166609.508	1510909.576	842347.256	238105.212	207317.428	50035.164	11251.16	26073.892	2082.716	2116.084	1895.492	36345.492	202865.704	2116.836	2942.676	4057.268	2499.76	1856.448	964.788	2082.98
aligned_38075IM5-Spike-PL4_A12_01 20200803_000016.raw	90409.628	146655.992	93016.732	18821.88	20805.14	4767.844	1169996.12	1514091.768	843257.676	238210.528	205903.432	49956.656	12142.736	26906.552	1761.432	2334.28	2300	35593.884	203028.432	1855.444	3304.548	3888.92	2758.4	2256.852	1113.82	1808.456
aligned_38075IM5-Spike-PL4_B01_01 20200803_000018.raw	10590.432	24689.62	14506.396	1120.992	2425.28	1972.308	603615.724	531343.952	160405.008	36252.752	22956.248	3970.368	3257.148	3087.18	434.392	1270.156	1004.236	12387.82	30849.352	504.652	1223.224	850.68	1551.956	945.084	1212.176	381.432
aligned_38075IM5-Spike-PL4_B02_01 20200803_000019.raw	10384.824	23446.284	13087.86	1277.512	2377.096	1945.696	607957.956	502405.56	148098.516	38467.288	21479.58	3549.816	3414.096	2932.824	451.936	1605.044	1214.896	11442.248	27863.92	683.152	1227.884	510.252	1982.644	1150.908	1187.38	451.94
aligned_38075IM5-Spike-PL4_B03_01 20200803_000020.raw	8719.272	20085.68	11041.28	1167.172	2712.22	2082.496	531331.688	390220.78	121263.304	39832.784	18969.112	3345.96	3536.836	3190.62	514.716	1524.052	1238.804	8748.588	23238.928	504.632	1327.152	698.556	1917.812	1167.384	1379.104	459.66
aligned_38075IM5-Spike-PL4_B04_02 20200803_000101.raw	7021.568	31443.76	19049.528	1330.8	2861.504	1901.46	453548.492	327068.092	101031.248	34333.756	15568.524	2691.62	2676.52	2777.256	351.204	1045.304	804.872	7135.708	19895.428	625.56	1011.416	380.16	1340.752	704.764	988.088	341.12
aligned_38075IM5-Spike-PL4_B05_01 20200803_000022.raw	6182.552	12786.088	7195.192	1065.74	2349.72	1762.9	393135.048	279027.888	89904.236	32132.336	13656.432	2790.592	2770.772	2647.908	454.856	1286.828	1033.4	6153.16	16661.948	664.66	1048.764	417.384	1596.516	961.74	1071.332	394.54
aligned_38075IM5-Spike-PL4_B06_01 20200803_000023.raw	19187.708	24846.388	13372.42	1051.556	2470.856	1863.992	671529.536	514654.74	153255.284	39529.744	21636.792	3641.7	4005.36	3509.064	521.98	1568.412	1338.836	17067.72	44218.608	990.796	1106.644	527.864	1860.52	1231.736	1283.768	476.852
aligned_38075IM5-Spike-PL4_B07_01 20200803_000024.raw	20707.856	32025.124	20021.632	1988.74	3467.024	2782.92	684138.74	512230.768	154627.444	42399.06	22601.372	3770.172	5994.076	5071.376	698.32	2214.14	1792.228	17220.724	44418.96	1187.692	1816.324	1081.848	2781.404	1630.796	1706.2	622.008
aligned_38075IM5-Spike-PL4_B08_01 20200803_000025.raw	7346.208	20760.696	12823.516	1645.248	3130.808	2279.636	459881.944	323035.304	103431.732	30366.512	12841.78	2665	3946.492	4007.804	454.028	1818.632	1305.508	11084.688	29501.676	862.5	1731.532	513.748	2228.124	1163.56	1433.244	378.46
aligned_38075IM5-Spike-PL4_B09_01 20200803_000026.raw	6903.652	19186.388	12867.808	2236.764	3939.56	3053.792	420329.8	285567.88	90202.584	29848.404	11506.776	3012.32	4937.884	4889.916	742.172	2274.804	1652.804	9853.344	25990.392	999.86	2186.68	1314.8	2722.844	1493.008	1793.696	628.848
aligned_38075IM5-Spike-PL4_B10_01 20200803_000027.raw	1122.752	593.636	1038.944	1050.6	1940.904	1763.228	761.328	1150.168	1255.296	1474.152	1543.784	1464.676	2310.964	2458.196	422.792	1442.196	817.036	1692.376	1269.52	445.66	765.6	204.688	1822.328	717.96	1097.456	357.956
aligned_38075IM5-Spike-PL4_C01_01 20200803_000029.raw	2489.16	12424.744	15970.82	2650.04	4206.776	3742.94	363308.072	423846.832	144421.1	20393.66	19642.952	4582.608	6648.024	5860.78	674.744	2705.38	1895.928	14075.364	37930.86	892.176	2326.96	1513.128	3306.3	1731.796	2383.34	557.18
aligned_38075IM5-Spike-PL4_C02_01 20200803_000030.raw	2403.96	11244.452	14379.028	2846.548	4452.308	3970.848	345085.36	399327.392	134998.084	22532.828	19563.924	4352.28	6340.236	6030.896	864.852	2562.672	1968.812	13361.86	35853.472	1073.12	2116.7	1231.956	3341.652	1820.896	2137.74	777.5
aligned_38075IM5-Spike-PL4_C03_01 20200803_000031.raw	1999.9	10972.2	13400.04	2559.056	3804.148	3482.216	321535.98	358341.632	139495.384	33414.156	24798.208	5406.724	5879.296	5477.952	606.208	2456.724	1927.724	11849.436	37804.448	1258.048	2216.312	1175.344	2998.168	1759.172	2023.436	599.16
aligned_38075IM5-Spike-PL4_C04_01 20200803_000032.raw	1964.052	9291.188	8818.044	1211.584	2779.916	2237.708	318419.572	355192.628	145132.536	34289.552	26168.692	5417.984	4120.244	3834.832	474.748	1538.904	1324.564	10887.836	37416.72	864.464	1326.196	733.936	1910.348	1246.924	1429.584	387.088
aligned_38075IM5-Spike-PL4_C05_01 20200803_000033.raw	2619.592	11757.864	15185.88	2630.652	4112.772	3577.296	317059.472	347727.668	145737.392	38167.98	27608.768	6026.344	6484.616	5645.8	656.316	2549.016	1878.256	10928.276	37205.148	864.42	2552.728	1661.116	3138.528	1741.396	2435.756	548.724
aligned_38075IM5-Spike-PL4_C06_01 20200803_000034.raw	3039.788	8841.688	9883.1	2601.984	3838.9	4002.968	226267.076	248468.24	85259.92	15389.284	13354.144	3312.7	5816.256	5411.528	837.332	2856.032	1812.156	10462.712	27520.216	1099.34	2466.524	1290.648	3368.168	1690.824	2158.628	725.08
aligned_38075IM5-Spike-PL4_C07_01 20200803_000035.raw	3245.232	9339.308	9171.936	1732.748	3010.76	2791.696	247233.432	273648.552	93521.3	15771.24	14738.884	3413.172	4451.188	4300.076	684.408	2020.528	1398.784	10264.488	28752.324	832.028	1703.312	1038.132	2560.708	1254.632	1783.104	615.252
aligned_38075IM5-Spike-PL4_C08_01 20200803_000036.raw	3045.276	9378.36	8591.796	1615.496	2726.748	2361.988	236546.264	262383.744	88680.24	16903.108	16032.728	3327.044	3828.884	4025.688	650.888	1956.912	1271.756	9722.664	27151.556	835.516	1435.228	511.66	2380.456	1157.904	1600.896	586.22
aligned_38075IM5-Spike-PL4_C09_01 20200803_000037.raw	1338.828	535.104	1244.088	1903.824	2842.724	2571.66	476.968	1612.132	1640.012	1922.332	2086.9	1860.74	3029.416	3540.068	644.372	1879.288	1312.6	2507.184	1726.26	847.276	1523.192	728.844	2427.984	1122.852	1568.088	583.8
aligned_38075IM5-Spike-PL4_D01_01 20200803_000039.raw	6481.836	13991.032	10424.316	1430.052	3054.56	2356.608	477143.5	466710.612	199537.524	50902.596	33323.016	6777.4	4904.388	4581.912	486.58	2022.796	1595.92	13418.676	46430.176	985.704	1482.724	1075.888	2474.188	1457.456	1406.076	410.092
aligned_38075IM5-Spike-PL4_D02_01 20200803_000040.raw	1573.628	546.176	1078.308	1440.88	2665.98	2161.276	1781.08	1434.192	1484.524	1716.332	1764.432	1756.744	2784.104	3393.368	514.548	1695.392	1223.212	2161.888	2051.28	813.664	1134.136	321.024	2096.756	1085.576	1486.616	446.872
aligned_38075IM5-Spike-PL4_D03_01 20200803_000041.raw	60433.536	53666.3	23609.108	3129.8	3773.628	3181.564	358330.16	397565.112	131603.384	22444.248	17199.984	3556.5	4929.1	5635	743.8	2180.36	1395.344	11227.22	29108.416	983.6	1989.724	821.872	2648.14	1287.144	1918.976	645.832
aligned_38075IM5-Spike-PL4_D04_01 20200803_000042.raw	53690.656	47651.616	18185.06	2514.6	2816.36	2390.448	341413.708	362358.436	119241.792	21238.204	16215.504	3497.44	3781.62	4216.8	511.364	1571.056	1152.392	10085.252	25817.448	813.32	1435.348	502.272	1976.192	1063.172	1572.444	454.16
aligned_38075IM5-Spike-PL4_D05_01 20200803_000043.raw	46855.1	41532.324	16836.624	2227.28	3198.8	2475.376	306931.54	319355.088	104057.208	19563.212	14268.024	3045.244	3894.72	4431.84	575.512	1489.4	1197.076	9059.208	22073.456	787.364	1229.392	530.412	1844.12	1011.832	1469.96	520.076
aligned_38075IM5-Spike-PL4_D06_01 20200803_000044.raw	42516.364	37318.892	14457.044	1407.484	2586.42	2068.52	285131.576	292539.548	94085.952	18814.18	13299.612	2833.16	3161.46	3646.44	551.156	1538.048	1022.128	8096.812	19915.524	740.34	1135.924	461.556	1919.536	877.256	1318.084	499.84
aligned_38075IM5-Spike-PL4_D07_01 20200803_000045.raw	39502.508	36888.476	14091.944	1987.32	2609.024	2105.844	276551.832	278379.424	88047.364	18149.068	12744.076	2610.08	3539.04	3896.64	478.136	1562.124	1166.952	7825.912	19143.504	681.16	1232.508	462.184	1856.228	1076.304	1385.96	427.004
aligned_38075IM5-Spike-PL4_D08_01 20200803_000046.raw	15265.204	31375.596	16313.3	1848.056	3696.82	2787.58	642642.968	413068.02	137677.832	51104.044	21264.896	3902.228	5647.128	4972.32	631.976	2234.424	1570.376	13862.18	35261.816	987.06	1920.152	656.316	2714.54	1481.128	1778.464	611.24
aligned_38075IM5-Spike-PL4_D09_01 20200803_000047.raw	36351.988	42159.348	18707.024	1847.94	3085.54	2450.06	685741.716	468360.488	116975.376	32083.408	17316.672	2961.48	4340.832	4499.16	599.184	1816.48	1488.328	16730.26	31329.568	869.992	1507.164	765.688	2221.364	1411.78	1403.176	564.06
aligned_38075IM5-Spike-PL4_D10_01 20200803_000048.raw	35535.62	46813.308	23199.832	2523.704	3658.54	3022.252	793141.1	527377.96	128067.272	36891.068	19048.732	3274.52	5172.22	5225.26	585.24	2394.384	1484.112	18397.972	33222.58	1025.708	1926.308	1102.82	2843.148	1400.416	1817.532	509.484
aligned_38075IM5-Spike-PL4_D11_01 20200803_000049.raw	29818.36	35151.384	14840.476	1644.884	2581.584	2211.02	730518.46	481317.524	119840.856	33844.884	18400.448	3148.68	4155.804	4211.332	635.236	1928.972	1275.36	15824.752	29954.888	1070.532	1313.292	477.268	2359.864	1182.648	1478.108	536.452
aligned_38075IM5-Spike-PL4_D12_01 20200803_000050.raw	19925.348	29524.596	16720.016	1363.056	2989.18	2373.4	690531.716	552168.476	165673.752	44870.044	31986.668	5442.368	4600.592	4370.484	530.312	2033.984	1345.984	17633.04	39917.448	997.464	1784.22	646.544	2473.084	1225.364	1492.988	451.816
aligned_38075IM5-Spike-PL4_E01_01 20200803_000055.raw	3532.54	9723.736	16851.124	1653.76	3291.356	2879.224	152672.932	532156.012	402787.736	11705.468	33174.424	11245.392	4556.696	5761.952	753.34	1858.988	1713.436	14002.264	113743.4	1615.256	2191.952	1415.336	2275.924	1589.964	1736.884	715.628
aligned_38075IM5-Spike-PL4_E02_01 20200803_000056.raw	2711.992	9565.592	16327.124	1511.096	2942.584	2909.512	229206.876	524295.556	348868.616	19795.792	33622.692	10356.344	4883.92	5364.26	805.228	2034.9	1782.996	13422.168	94413.856	1554.76	1865.644	1286.08	2433.556	1656.912	1985.76	753.924
aligned_38075IM5-Spike-PL4_E03_01 20200803_000057.raw	611.868	345.996	621.416	971.184	1352.44	1186.304	1676.2	1352.14	948.6	972.448	1236.396	939.356	1544.08	1670.832	312.412	801.124	514.232	1381.132	1143.5	322.208	667.444	317.64	992.584	451.268	780.212	295.74
aligned_38075IM5-Spike-PL4_E04_01 20200803_000058.raw	714.884	767.82	1352.052	2015.98	2664.176	2387.268	1664.776	1468.692	1565.292	1862.776	2112.024	1709.48	2634.008	3073.02	475.82	1608.784	1049.016	2701.764	2223.744	501.22	1724.788	995.808	1935.708	949.292	1395.476	409.552
aligned_38075IM5-Spike-PL4_E05_01 20200803_000059.raw	523.916	344.632	544.96	798.168	1211.064	1106.516	2837.736	882.2	815.96	1045.852	1015.532	874.228	1239.256	1399.428	232.532	783.992	572.252	947.46	1049.296	325.3	576.356	159.012	955.656	503.54	655.596	209.816
aligned_38075IM5-Spike-PL4_E06_01 20200803_000060.raw	382.68	322.012	629.06	714.9	1257.72	1020.388	2701.72	790.56	860.636	891.496	1053.808	827.752	1169.864	1456.992	297.096	649.556	518.148	923.38	723.06	309.32	431.528	89.18	830.08	458.56	563.936	284.84
aligned_38075IM5-Spike-PL4_E07_01 20200803_000061.raw	9252.82	23869.512	15952.316	1291.056	1722.936	1472.252	501973.8	477005.02	145331.356	26750.288	19217.076	3161.172	3065.836	2897.52	256.328	1223.84	860.124	10865.488	26709.296	446.62	1051.096	569.98	1468.844	798.036	1072.496	260.52
aligned_38075IM5-Spike-PL4_E08_01 20200803_000062.raw	2562.904	9334.44	8022.372	1042.012	1840.516	1630.204	236480.228	263213.464	87943.028	20003.316	18172.916	3510.716	2806.048	2665.38	373.16	1136.736	679.288	9586.356	27686.444	471.604	1113.516	499.9	1330.856	615.976	900.712	324.52
aligned_38075IM5-Spike-PL4_E09_01 20200803_000063.raw	23707.72	32859.368	15890.356	1224.76	1961.38	1477.564	664054.096	454622.92	141113.944	36010.496	21591.824	3859.984	2751.02	2633.2	376.068	1072.18	772.316	13233.376	31785.34	532.612	886.392	569.98	1366.188	724.076	842.704	343.24
aligned_38075IM5-Spike-PL4_F01_01 20200803_000065.raw	89796.98	66103.544	18186.124	2885.188	2035.4	1185.928	299541.092	272921.952	61754.02	10106.164	8418.98	1484.02	5521.684	5095.008	326.388	1450.652	944.408	10240.888	16450.832	348	784.76	489.628	1682.768	850.264	988.6	280.424
aligned_38075IM5-Spike-PL4_F02_01 20200803_000066.raw	67895.44	52498.024	16337.1	2469.712	1962	1240.652	270312.052	241114.868	59890.52	9976.284	8623.856	1451.56	4470.392	4206.848	283.932	1166.836	927.28	8455.52	14973.564	316.016	729.528	454.02	1414.636	854.524	873.324	260.72
aligned_38075IM5-Spike-PL4_F03_01 20200803_000067.raw	368.624	333.94	417.672	595.168	872.36	632.952	3425.876	869.26	473.568	599.2	713.16	548.872	774.516	958.112	152.576	443.404	330.872	641.008	860.772	199.712	434.936	205.224	563.308	320.756	355.792	131.56
aligned_38075IM5-Spike-PL4_F05_01 20200803_000069.raw	45241.4	75494.636	34670.74	2002.94	2027.052	818.436	61203.352	139178.636	65906.444	2558.268	4381.416	1205.224	3298.676	5702.608	105.4	460.292	392.008	4906.836	17553.352	319.888	968.272	585.52	549.292	371.328	424.12	89.168
aligned_38075IM5-Spike-PL4_F06_01 20200803_000070.raw	70954.14	105001.168	42407.828	2350.12	2685.94	1040.9	124483.78	244399.952	102621.16	4679.3	8822.392	2178.624	4127.708	7550.056	153.404	555.664	500.1	7788.104	26294.624	440.768	705.38	524.548	607.536	486.5	387.676	131.244
aligned_38075IM5-Spike-PL4_F07_01 20200803_000071.raw	32026.2	71531.528	37236.332	2031.528	1307.224	519.904	66123.036	207909.32	102209.46	2209.324	5036.86	1187.488	3923.952	6969.36	93.764	589.288	324.16	7776.556	31479.448	579.116	678.064	597.06	679.484	332.156	663.8	87.14
aligned_38075IM5-Spike-PL4_F08_01 20200803_000072.raw	8727.548	21652.972	12552.248	836.86	1064.104	773.792	466098.108	391625.244	106542.888	22004.512	13233.06	1853.288	1955.58	1820.492	122.98	551.424	508.82	13107.892	29430.108	470.848	753.088	456.852	616.528	484.108	401.668	133.1
aligned_38075IM5-Spike-PL4_F09_01 20200803_000073.raw	680.36	1070.716	920.16	346.38	441.8	134.236	2033.336	1957.2	1483.872	143.424	362.42	179.192	237.06	410.56	47.5	105.8	101.852	277.816	655.264	103.68	309.336	141.292	97.28	106.916	114.14	25.488
aligned_38075IM5-Spike-PL4_F10_01 20200803_000074.raw	82148.528	63865.548	22108.828	5595.728	5769.304	3619.44	852979	543264.648	126945.612	86575.008	29682.06	4156.54	7322.9	6054.8	731.744	2589.672	1798.496	21576.864	38859.024	1033.632	1725.428	477.612	3280.512	1705.42	2076.168	677.64
aligned_38075IM5-Spike-PL4_F11_01 20200803_000075.raw	10661.188	14162.896	12465.312	3297.304	1567.604	852.98	156324.06	242789.344	83659.636	4405.136	6386.62	1339.164	3714.664	2436.688	128.6	637.256	466.968	8963.688	23345.384	377.632	773.824	949.704	730.224	520.928	981.732	124.82
aligned_38075IM5-Spike-PL4_F12_01 20200803_000076.raw	6059.98	13692.388	10593.92	564.876	1411.392	1023.004	445435.488	440989.964	188597.46	46245.344	31113.464	5584.616	2140.328	1404.996	62.108	456.832	380.18	12664.74	45784.472	509.372	767.832	571.42	514.78	368.152	162.62	62.82
aligned_38075IM5-Spike-PL4_G01_01 20200803_000078.raw	59455.66	54828.668	18784.676	2446.46	1493.148	492.584	268431.988	297869.208	89809.84	12849.9	14279.26	2161.892	3121.7	3469.956	127.18	362.956	390.616	9610.1	23996.108	304.736	449.468	468.972	456.556	381.124	313.172	102.956
aligned_38075IM5-Spike-PL4_G02_01 20200803_000079.raw	52983.44	50274.652	17445.488	2370.444	1851.488	542.264	278943.312	314257.88	93167.296	13761.964	15620.184	2425.952	3020.344	3329.332	39.06	446.892	373.432	9757.7	24841.024	329.02	552.108	445.444	496.32	379.164	266.12	71.952
aligned_38075IM5-Spike-PL4_G03_01 20200803_000080.raw	1542.64	3123.6	1906.62	242.24	216.176	184.996	16324.576	40573.108	19510.916	658.092	1319.552	405.572	549.72	420.7	57.504	123.848	94.836	1219.992	4534.896	178.096	209.96	181.364	131.328	93.3	122.108	56.068
aligned_38075IM5-Spike-PL4_G04_01 20200803_000081.raw	6951.568	7851.152	5683.104	746.3	879.012	461.788	273470.924	289290.284	127035.468	31250.164	20206.46	3855.344	1093.424	665.828	87.9	207.808	267.084	6240.08	24240.28	226.888	324.548	240.688	232.492	287.58	49.72	88.98
aligned_38075IM5-Spike-PL4_G05_01 20200803_000082.raw	12306.768	29398.42	8717.048	2364.7	5181.644	1303.728	927853.388	349420.024	98854.472	187581.796	38800.864	4002.864	2150.748	1220.64	142.18	240.908	297.66	11712.088	26395.38	372.552	1024.52	520.516	303.028	352.336	174.92	139.88
aligned_38075IM5-Spike-PL4_G06_01 20200803_000083.raw	9367.368	18135.716	9210.364	902.48	1405.58	622.592	445481.916	271923.66	87775.2	36283.092	14238.032	2143.044	1683.232	1176.62	94.7	311.788	306.624	7578.664	21854.64	340.916	443.852	439.46	389.032	307.152	209.324	122.78
aligned_38075IM5-Spike-PL4_G07_01 20200803_000084.raw	1682.72	13825.632	9672.456	1403.484	2948.252	1583.168	351061.516	249512.428	68621.24	68178.18	29364.008	3372.288	2169.18	1503.34	48.976	315.036	406.132	8216.632	20961.76	319.4	1356.08	883.336	320.54	439.628	325.88	53.904
aligned_38075IM5-Spike-PL4_G08_01 20200803_000085.raw	13462.22	20644.84	13261.436	1180.584	1080.664	641.548	112451.452	210544.872	131718.948	12465.28	16347.356	4482.164	1525	2678.1	62.484	197.896	295.192	6388.784	38713.016	568.388	658.712	572.46	239.484	361.168	158.908	57.392
aligned_38075IM5-Spike-PL4_G09_01 20200803_000086.raw	24797.84	34455.936	22379.536	4053.972	3033.436	1449.772	283806.872	329946.56	178159.232	37671.96	29689.2	5984.036	1794.36	2812.06	51.812	201.184	312.584	9429.86	46785.768	503.528	887.684	876.488	236.184	346.824	430.028	69.572
aligned_38075IM5-Spike-PL4_G10_01 20200803_000087.raw	12199.016	22646.62	15908.208	1057.66	997.832	905.184	440135.488	470856.756	194156.832	23671.588	17245.684	3073.752	2578.128	1896.272	121.904	440.792	469.384	14312.84	49375.196	537.26	568.288	655.868	449.952	453.484	487.112	107.928
aligned_38075IM5-Spike-PL4_G11_01 20200803_000088.raw	77255.86	74332.472	28301.08	3933.68	4564.08	3134.084	439261.812	496453.58	158454.832	25439.384	26654.128	5038.276	7628.1	7672.448	543.464	2489.232	1742.872	17129.836	42711.788	1052.74	1480.092	675.42	3083.244	1650.348	1915.792	409.1
aligned_38075IM5-Spike-PL4_G12_01 20200803_000089.raw	61978.572	58976.896	22231.992	2782.44	1907.844	676.868	271909.868	297295.796	92064.964	12775.576	13690.54	2286.924	3282.892	3323.372	107.88	369.364	402.116	9627.66	23315.164	236.336	335.18	386.468	394.208	424.796	258.4	71.68
aligned_38075IM5-Spike-PL4_H02_01 20200803_000092.raw	663.324	1328.416	1435.776	3457.14	3606.932	2865.772	16670.188	4958.36	3164.532	3760.86	2867.284	2290.196	5683.376	4477.476	506.932	2437.796	1212.616	2849.216	1261.816	685.84	1311.876	834.264	2780.104	1132.196	1615.32	502.74
aligned_38075IM5-Spike-PL4_H03_01 20200803_000093.raw	35868.464	34750.72	18273.448	1986.568	2808.116	2585.656	728944.292	744743.048	319932.112	23301.952	16703.304	4271.376	5728.12	5549.892	423.38	2126.76	1454.204	22563.396	89895.628	1463.908	1384.892	638.996	2456.448	1401.7	1483.848	368.208
aligned_38075IM5-Spike-PL4_H05_01 20200803_000095.raw	456.084	335.564	754.368	1069.676	1311.256	1227.484	1356.864	1045.204	912.604	1254.42	1269.62	809.48	1476.224	1670.048	248.896	1031.476	708.632	1408.108	730.036	328.316	442.284	391.024	1263.124	658.68	699.164	233.46
aligned_38075IM5-Spike-PL4_H06_01 20200803_000096.raw	365.516	253.864	527.268	905.62	1304.072	910.36	910.776	915.16	801.5	908.832	1088.2	756.428	1089.448	1330.976	179.82	625.244	368.76	1003.368	779.632	320.456	586.384	219.14	784.196	345.7	526.104	161.668
aligned_38075IM5-Spike-PL4_H07_01 20200803_000097.raw	540.144	471.312	799.78	1169.464	1457.788	1387.82	5166.48	989.56	1039.624	1391.172	1179.128	1045.424	1491.14	1804.56	221.22	893.992	578.02	1373.652	1123.204	424.056	649.972	342.512	1063.092	541.2	812.416	220.88
aligned_38075IM5-Spike-PL4_H08_01 20200803_000098.raw	339.584	339.98	509.796	724.584	1107.944	1074.308	2011.44	907.66	861.432	1126.744	1035.176	856.588	1324.184	1427.524	280.068	583.176	461.836	1008.592	832.988	280.668	519.036	174.188	743.236	420.608	670.26	244.28
aligned_38075IM5-Spike-PL4_H09_01 20200803_000099.raw	9593.5	28990.82	14087.372	1565.6	2425.396	1994.424	690554.072	382120.356	54117.372	18448.764	8725.748	1681.14	3696.752	3365.112	399.22	1574.028	983.54	17011.38	17305.96	566.964	1334.784	567.976	1927.976	943.68	1332.564	432.124
aligned_38075IM5-Spike-PL4_H10_01 20200803_000100.raw	199853.04	176043.748	58076.916	7750.2	6412.936	2178.144	572270.608	626072.612	177566.656	31002.444	32523.412	5420.288	10697.084	12803.004	391.34	1873.264	1197.28	29128.212	63982.476	1285.284	1748.156	972.18	2302.692	1162.924	1153.412	341.64
aligned_38075IM5-Total-PL4_A01_02 20200805_000111.raw	29693.468	53455.132	15225.572	4607.252	3694.972	1182.656	2017891.192	898293.056	173750.24	154873.656	42488.5	4322.832	3576.496	1531.264	204.044	531.268	377.94	28065.72	37013.756	437.732	818.828	487.344	604.472	378.06	294.724	213.964
aligned_38075IM5-Total-PL4_A02_01 20200805_000112.raw	36489.48	61255.84	18322.24	7102.228	4127.648	1555.492	2352797.616	1050601.164	217519.232	199350.936	52711.668	5478.524	5067.712	2123.712	188.788	728.74	484.916	33896.26	45791.176	532.664	1066.896	585.56	828.496	467.38	324.816	185.972
aligned_38075IM5-Total-PL4_A03_01 20200805_000113.raw	31654.66	55310.04	15942	6316.6	4226.816	1397.844	2062360.004	905979.56	193880.704	192380.124	50903.68	5474.788	4044.624	1949.284	181.016	635.236	323.9	27073.62	39511.852	423.26	899.636	546.012	654.216	295.3	255.816	181.964
aligned_38075IM5-Total-PL4_A04_01 20200805_000114.raw	30996.62	37074.48	15320.696	4118.38	3284.972	1452.976	1054092.456	819086.396	225018.12	120637.084	66577.404	9235.828	4719.996	3041.196	226.104	686.752	331.78	26754.38	56517.416	714.64	1156.38	963.144	723.616	318.436	174.744	232.316
aligned_38075IM5-Total-PL4_A05_01 20200805_000115.raw	24160.148	27659.16	11551.968	3036.652	2524.524	868.948	866051.268	679691.228	186605.344	99200.316	55970.104	7368.632	3257.736	2617.664	266.228	583.868	304.12	20829.78	44771.508	448.784	832.68	736.732	588.596	286.248	107.164	250.804
aligned_38075IM5-Total-PL4_A06_01 20200805_000116.raw	15041.344	28293.372	19190.604	2872.06	3404.66	1249.46	390405.448	481668.104	224573.56	63407.108	53613.996	11496.18	2399.532	3821.972	241.504	484.656	298.128	9923.72	43914.924	395.46	665.24	877.092	512.348	272.92	149.168	227.712
aligned_38075IM5-Total-PL4_A07_01 20200805_000117.raw	8746.26	22010.44	6301.78	999.664	2227.924	675.26	881480.588	384637.28	59014.896	84773.96	26197.752	2246.856	1461.624	825.848	155.064	265.448	213.22	11477.1	12135.228	127.044	410.344	198.672	316.828	198.42	156.904	160.228
aligned_38075IM5-Total-PL4_A08_01 20200805_000118.raw	103055.616	130717.652	66286.876	16661.784	7119.972	2049.664	2122989.864	1623482.384	538223.536	159352.696	89263.6	13498.296	12552.028	13374.66	463.244	1857.36	792.56	47013.56	128154.876	1236.828	1395.396	1409.076	2037.656	747.48	358.56	475.58
aligned_38075IM5-Total-PL4_A09_01 20200805_000119.raw	66510.392	93581.824	47778.556	9377.752	4613.004	1731.06	1505430.5	1147923.44	364921.444	112227.408	65852.092	9725.924	5960.596	8070.416	366.432	1053.952	493.824	29492.84	76399.224	607.508	863.24	840.54	1147.192	468.808	242.8	368.128
aligned_38075IM5-Total-PL4_A10_01 20200805_000120.raw	86482.6	108480.228	56174.844	11390.624	5836.968	1907.344	1752908.62	1336669.784	433673.532	141406.248	79209.132	11826.768	8275.548	10126.272	314.988	1172.9	541.7	35900.9	92351.244	916.064	1209.172	1217.816	1322.96	510.04	382.98	349.684
aligned_38075IM5-Total-PL4_B01_01 20200805_000122.raw	54947.44	58402.06	19695.456	6799.176	3604.204	1070.316	1694720.376	931235.564	234999.62	163672.828	51960.672	5435.68	5400.724	3017.776	176.16	849.276	477.6	20260.12	38870.288	403.26	621.292	490.012	980.268	455.52	301.256	201.132
aligned_38075IM5-Total-PL4_B02_01 20200805_000123.raw	55500.78	56802.796	19725.972	6770.308	3787.6	1176.464	1633282.008	871900.58	217251.232	165369.576	50334.52	5257.18	5360.376	3197.496	157.58	893.16	467.804	19267.86	36076.324	347.824	563.22	440.292	1060.38	435.86	255.304	167.664
aligned_38075IM5-Total-PL4_B03_01 20200805_000124.raw	53443.4	51594.236	18459.44	6042.824	3343.216	900.4	1378374.648	725186.956	187897.012	149143.34	45914.324	4773.812	4289.924	3109.152	110.72	779.696	330.84	15124.58	31080.58	218.368	497.368	433.284	886.056	314.6	164.864	107.82
aligned_38075IM5-Total-PL4_B04_01 20200805_000125.raw	49352.42	48259.86	17510.692	5491.196	3061.212	944.316	1239131.004	652730.936	167861.8	134950.928	42457.34	4668.432	3592.66	2743.784	154.984	598.1	365.292	13160.26	27091.056	219.712	437.848	312.644	695.484	347.632	206.8	168.528
aligned_38075IM5-Total-PL4_B05_01 20200805_000126.raw	55450.34	54104.48	19036.284	6084.596	3983.764	949.288	1225392.976	657383.16	168730.232	138100.916	44971.04	5082.2	3544.82	2844.912	60.12	607.152	386.12	13412.74	27077.028	277.408	499.584	309.54	734.94	373.48	217.336	70.016
aligned_38075IM5-Total-PL4_B06_01 20200805_000127.raw	64232.16	63174.364	27454.428	5076.608	3452.428	1189.516	1540401.452	952881.5	296829.312	142949.756	51740.872	7091.048	5550.3	5633.496	239.74	701.92	442.552	29723.44	78512.5	932.088	970.5	837.272	812.54	429.716	177.64	253.048
aligned_38075IM5-Total-PL4_B07_01 20200805_000128.raw	63478.884	62743.296	27789.312	5094.916	3566.116	1267.272	1597043.024	989303.216	312786.468	154953.464	55592.6	7875.712	6384.06	6374.304	350.36	1037.74	581.64	31866.26	85423.512	1033.364	854.68	863.228	1184.92	550.828	168.42	354.196
aligned_38075IM5-Total-PL4_B08_01 20200805_000129.raw	64192.22	50734.388	16936.02	6018.808	3407.908	758.908	1227523.728	593019.684	138763.048	130614.116	34974.868	4186.692	3355.996	2842.608	197.268	512.88	289.236	15287.72	28263.412	261.508	390.056	375.608	575.972	263.1	110.54	217.032
aligned_38075IM5-Total-PL4_B09_01 20200805_000130.raw	85490.4	70534.308	23347.18	8806.912	5235.732	1016.268	1508447.848	755656.036	188811.796	178132.396	48479.024	5876.116	5201.872	4315.044	151.06	878.972	520.48	20463.22	40720.756	474.852	717.136	687.456	1080.34	509.14	226.48	154.88
aligned_38075IM5-Total-PL4_B10_01 20200805_000131.raw	137.748	95.604	124.64	90.98	127.848	142.7	2908.824	1768.936	421.036	253.304	180.368	161.48	147.256	96.708	35.968	72.96	103.748	108.22	71.332	63.024	39.8	21.36	92.308	89.116	70.64	41.376
aligned_38075IM5-Total-PL4_C01_01 20200805_000133.raw	3913.368	20773.588	12596.692	500.236	1474.672	1012.604	788858.56	615163.956	209214.452	59291.292	40863.664	8412.956	1858.66	1763.456	71.984	459.156	268.64	13963.24	41594.148	414.172	515.116	515.72	498.436	261.22	152.544	89.484
aligned_38075IM5-Total-PL4_C02_01 20200805_000134.raw	5255.288	20891.3	13501.672	734.828	1597.884	1153.916	947583.252	718296.684	238852.424	84821.14	53776.74	10244.988	2207.488	2264.304	109.44	405.504	300.64	17548.62	49149.504	346.756	660.736	739.992	506.224	295.02	82.176	111.128
aligned_38075IM5-Total-PL4_C03_01 20200805_000135.raw	8107.26	30775.468	17423.124	1401.308	3485.324	1733.32	1271929.768	903345.304	287754.892	164375.308	81779.656	13121.66	4282.836	3034.696	169.3	737.992	379.004	22958.92	58589.556	619.908	1063.748	924.264	848.24	362.16	119.116	190.676
aligned_38075IM5-Total-PL4_C04_01 20200805_000136.raw	9921.184	31473.136	18461.424	2159.136	3242.976	1839.012	1450943.408	1032872.552	339151.928	206554.98	99167.564	15675.964	5135.132	3762.64	189.26	932.4	489.468	27274.1	71567.004	620.9	1288	1191.368	1051.344	464.28	130.3	192.896
aligned_38075IM5-Total-PL4_C05_01 20200805_000137.raw	10003.136	37380.384	19444.688	2069.436	4533.492	1843.94	1378522.008	974028.556	317848.324	203829.796	96904.708	15299.476	5308.42	3831.776	235.088	942.96	430	24697.74	65092.136	665.196	1374.22	1110.128	1131.18	417.456	193.788	262.648
aligned_38075IM5-Total-PL4_C06_01 20200805_000138.raw	54428.48	60910.316	25041.436	3438.092	2769.428	661.564	930381.308	604869.628	157798.896	71885.232	34200.212	4547.124	4038.484	4664.988	140.42	743.128	371.88	18186.28	38672.52	389.896	633.016	392.82	864.56	352.688	260.5	139.788
aligned_38075IM5-Total-PL4_C07_01 20200805_000139.raw	41565.888	48109.552	20663.236	2694	2295.888	599.628	858323.244	553436.544	150594.332	67492.656	32182.296	4414.956	3592.544	4170.352	159.548	654.876	347.92	16228.2	37066.556	424.62	422.452	443.436	760.444	348.52	273.06	157.028
aligned_38075IM5-Total-PL4_C08_01 20200805_000140.raw	65787.64	74694.32	32903.292	4785.088	4180.804	838.212	1140196.74	760785.564	226374.04	105571.876	49277.648	7123.012	5385.916	6569.264	195.232	822.036	387.78	24082.46	58683.512	500.36	782.48	750.24	1016.548	385.9	282.7	195.48
aligned_38075IM5-Total-PL4_C09_01 20200805_000141.raw	175.24	204.28	139.932	75.3	138.656	130.68	4544.208	2855.624	803.724	427.736	338.648	130.66	140.24	213.16	74.256	69.476	57.904	184.02	138.664	54.3	79.04	13.956	100.984	55.288	76.64	77.832
aligned_38075IM5-Total-PL4_D01_01 20200805_000143.raw	18512.676	30374.576	11468.512	2611.736	3739.964	1314.168	1093223.444	722308.288	176855.028	166243.08	64555.924	7332.172	4028.684	2337.872	215.38	645.084	362.14	17428.92	29731.9	266.008	764.484	569.316	767.54	344.628	231.216	214.996
aligned_38075IM5-Total-PL4_D02_01 20200805_000144.raw	12000.14	23778.156	16326.148	1904.424	3061.424	1276.332	316983.024	397093.04	183487.116	54034.056	46406.8	10022.812	1589.792	3052.768	277.952	372.7	193.696	7462.76	34871.856	390.456	555.744	678.3	395.384	186.492	115.628	285.104
aligned_38075IM5-Total-PL4_D03_01 20200805_000145.raw	85213.38	91052.1	39689.628	5389.044	4443.364	1566.304	824151.216	719972.932	239257.948	75083.268	53172.988	8209.136	3854.936	6212.54	186.632	538.66	413.208	18473	50394.308	512.076	757.012	691.96	609.552	441.596	134.384	188.168
aligned_38075IM5-Total-PL4_D04_01 20200805_000146.raw	81103.36	97377.312	52617.54	5602.276	5416.164	1598.048	783270.164	716331.444	260204.372	75052.392	56389.78	9483.988	3689.94	8060.432	283.648	541.52	364.944	17992.84	53334.304	497.2	787.012	837.048	580.34	375.776	129.088	297.464
aligned_38075IM5-Total-PL4_D05_01 20200805_000147.raw	92005.1	109265.12	62274.244	6299.468	5640.108	1756.712	797732.344	733832.136	272730.564	79558.188	59931.256	10350.088	4341.976	9399.884	356.352	603.34	410.148	19210.06	57798.048	478.192	866.992	851.36	635.9	394.156	150.736	373.516
aligned_38075IM5-Total-PL4_D06_01 20200805_000148.raw	71476.82	92178.264	52505.22	4818.18	4998.524	1563.988	682881.204	632259.056	230081.952	68461.924	52614.64	8986.704	3488.876	7653.076	284.192	574	340.74	15151.6	46771.536	451.372	737.548	700.152	623.48	324.428	182.412	311.908
aligned_38075IM5-Total-PL4_D07_01 20200805_000149.raw	60787.76	78641.46	45339.328	4639.588	4276.184	1457.212	578636.244	540181.556	192800.472	58550.536	45497.688	7537.8	3232.02	6393.116	200.376	397.72	313.652	12839.34	37907.016	339	607.996	621.576	491.48	303.24	202.848	228.012
aligned_38075IM5-Total-PL4_D08_01 20200805_000150.raw	56936.424	65375.728	29496.344	6925.34	5898.136	1664.196	957928.884	823542.356	289947.016	126932.664	76640.092	12807.484	5357.48	6260.776	308.504	932.76	437.58	20926.36	62447.316	672.12	935.64	1131.264	1051.6	429.408	197.924	310.496
aligned_38075IM5-Total-PL4_D09_01 20200805_000151.raw	51065.084	49780.536	18033.204	3826.576	2639.88	1151.248	1409764.948	917736.552	225056.024	101210.096	46271.34	5744.432	4035.544	2631.232	312.992	639.58	376.16	26273.08	46285.692	546.932	784.056	559.936	782.256	363.18	337.696	319.796
aligned_38075IM5-Total-PL4_D10_01 20200805_000152.raw	40679.188	38206.936	14349.216	3117.54	1899.848	973.068	1313691.432	846082.1	199258.56	86032.012	39390.308	4572.46	3223.816	2180.056	147.812	608.336	388.288	23757.76	40297.032	418.564	617.748	378.5	751.712	380.972	282.448	151.984
aligned_38075IM5-Total-PL4_D11_01 20200805_000153.raw	45783.776	49796.516	18000.732	3919.652	2559.348	1247.372	1462830.004	971950.092	239467.812	107411.804	50202.524	6270.704	3918.04	2366.4	258.312	652.084	416.316	28898	49537.832	573.06	721.512	613.164	773.68	399.48	399.788	266.744
aligned_38075IM5-Total-PL4_D12_01 20200805_000154.raw	26591.74	32690.136	13679.704	2311.496	1971.984	888.484	1129568.74	773047.144	189174.888	95240.948	48192.612	5992.924	2729.54	1982.424	172.136	553.728	317.38	21336.12	37638.076	325.54	679.7	587.032	635.648	313.44	203.736	170.332
aligned_38075IM5-Total-PL4_E01_01 20200805_000159.raw	13585.348	42672.94	35968.084	2704.156	3715.652	1820.024	908800.76	1104548.04	633030.564	94910.82	83987.972	21444.304	5964.532	9898.96	580.712	1259.68	574.972	25810.7	161230.632	1668.64	1464.184	2039.34	1309.24	570.252	296.872	578.772
aligned_38075IM5-Total-PL4_E02_01 20200805_000160.raw	6688.316	29484.66	24475.164	943.428	2561.828	1713.508	609483.74	722406.66	377287.516	61497.532	54541.908	13141.16	2330.66	4638.184	319.192	422.492	289.096	14612.44	81360.704	868.368	911.256	990	481.448	286.164	174.4	336.092
aligned_38075IM5-Total-PL4_E03_01 20200805_000161.raw	39692.54	42619.492	17253.432	5524.804	4486.652	1440.1	1138218.364	769900.404	219213.192	154941.804	72209.28	9516.46	4089.496	3334.024	240.452	694.08	323.32	24338.72	59080.444	549.084	1163.596	947.248	833.06	309.16	186.52	266.12
aligned_38075IM5-Total-PL4_E04_01 20200805_000162.raw	41838.644	43628.22	17224.66	5557.844	4475.62	1384.98	1167838.412	804033.476	233655.564	160490.504	75452.284	10166.436	3988.792	3453.396	221.192	571.56	336.68	25888.06	62924.576	719.788	1259.104	1056.876	640.24	321	168.372	221.668
aligned_38075IM5-Total-PL4_E05_01 20200805_000163.raw	39008.096	43940.736	17393.724	5224.08	4723.228	1693.24	1141408.54	783058.92	229210.956	157687.888	74360.96	9894	4251.452	3456.968	252.424	701.252	367.192	25198.7	61405.844	729.5	1251.42	994.464	844.836	358.724	203.48	278.292
aligned_38075IM5-Total-PL4_E06_01 20200805_000164.raw	42499.448	48824.44	19220.696	5809.056	5557.932	1747.6	1217427.872	842306.416	249680.344	173565.6	81420.828	10910.012	4164.132	3699.02	220.14	735.2	310.896	26946.32	66248.684	762.896	1516.64	1049.796	860.14	302.968	230.184	241.076
aligned_38075IM5-Total-PL4_E07_01 20200805_000165.raw	61826.54	65195.648	23421.436	7197.604	3659.464	1349.492	1861522.68	1096494.372	298926.276	171609.804	59391.692	6700.64	6074.512	3664.22	178.372	1058.644	640.62	24950.68	51914.188	375.668	714.14	580.712	1268.584	634.456	312.552	218.772
aligned_38075IM5-Total-PL4_E08_01 20200805_000166.raw	78199.864	81833.764	35614.264	6662.8	4882.204	990.82	1188579.784	810865.896	248096.796	131941.868	59882.48	8400.032	6736.236	7832.944	274.876	1094.316	590.184	26622.76	66006.576	603.384	1146.204	912.716	1265.052	573.348	296.148	283.304
aligned_38075IM5-Total-PL4_E09_01 20200805_000167.raw	31987.44	34365.044	14028.004	2657.624	2106.096	1115.532	1174544.28	794415.836	202612.796	89833.764	45908.84	6155.468	3062.716	1996.672	188.124	593.492	378.776	21048.2	39511.788	428.864	696.288	613.112	662.28	378.88	315.212	175.856
aligned_38075IM5-Total-PL4_F01_01 20200805_000169.raw	65074.56	78582.14	34041.128	4901.724	5601.92	2317.596	813069.944	923233.708	326204.892	85368.712	71701.736	13294.416	5649.988	5918.924	250.16	1123.44	516.54	31635.54	91955.856	1146.324	1340.112	1283.196	1270.38	505.872	400.76	258.508
aligned_38075IM5-Total-PL4_F02_01 20200805_000170.raw	45955.84	51825.396	22071.064	3424.852	3369.856	1352.404	627238.624	671329.432	219614.84	60384.3	49300.44	8685.3	3966.284	3979.716	175.968	746.032	515.944	21479.92	57178.932	677.804	1012.056	859.62	878.48	513.192	344.536	162.532
aligned_38075IM5-Total-PL4_F03_01 20200805_000171.raw	17542.552	31971.368	21725.16	2854.104	3352.14	1462.372	450660.16	564314.696	273733.836	71535.484	60388.46	13366.86	3134.224	4811.784	290.744	561.308	258.7	11773.08	53866.788	403.624	856.34	1072.188	629.8	255.16	166.844	280.756
aligned_38075IM5-Total-PL4_F04_01 20200805_000172.raw	242.764	258.64	143.852	91.16	247.948	238.98	5732.936	4004.472	1201.12	554.54	458.46	194.432	300.844	306.6	67.46	158.36	91.34	246.98	203.704	99.772	122.372	46.388	197.532	82.076	98.952	73.576
aligned_38075IM5-Total-PL4_F05_01 20200805_000173.raw	55791.44	71403.3	29288.576	4141.548	3871.548	1398.476	542716.648	594307.8	212711.12	77142.432	48209.564	8044.048	4407.5	6180.576	256.036	859.18	483.816	18189.8	56598.98	679.956	835.424	803.808	1021.52	474.444	186.88	245.24
aligned_38075IM5-Total-PL4_F06_01 20200805_000174.raw	41009.78	53224.312	21345.108	2969.324	2556.164	842.652	394739.208	449514.644	157434.244	49958.496	32728.508	5382.36	3191.852	3942.424	182.692	522	305.244	13141.24	38535.672	525.056	552.068	497.264	603.952	301.256	150.68	180.856
aligned_38075IM5-Total-PL4_F07_01 20200805_000175.raw	185.484	380.168	230.424	162.404	244.896	262.676	5416.244	3981.968	1067.612	582.092	472.484	211.276	254.312	280.72	55.5	157.508	98.14	225.488	283.412	70.688	97.12	49.12	229.328	94.668	154.508	48.92
aligned_38075IM5-Total-PL4_F08_01 20200805_000176.raw	215.46	510.996	201.188	153.336	233.416	229.416	5138.624	3626.448	1221.488	654.364	471.424	249.5	258.132	292.544	60.08	224.568	120.92	216.896	221.82	94.156	105.692	46.12	300.072	127.82	166.924	62.42
aligned_38075IM5-Total-PL4_F09_01 20200805_000177.raw	253.68	224.152	216.036	123.288	242.08	204.384	6574.636	4079.564	1328.188	508.568	404.288	205.516	270.028	362.176	62.48	183.676	132.18	259.26	194.68	66.26	88.404	19.608	222.488	123.06	123.352	58.2
aligned_38075IM5-Total-PL4_F10_01 20200805_000178.raw	335.08	307.636	222.968	121.356	274.352	263.836	5336.56	3847.876	1201.532	635.016	482.4	213.6	257.144	271.756	59.9	151.508	125.78	221.412	253.44	103.988	115.408	18.756	186.32	117.38	160.268	53.3
aligned_38075IM5-Total-PL4_F11_01 20200805_000179.raw	212.156	305.7	210	202.016	241.348	381.6	4876.508	3485.216	933.904	611.164	442.388	180.424	199.592	352.664	59.436	140.088	118.816	231.08	265.092	64.608	128.056	26.752	183.992	111.612	92.504	52.48
aligned_38075IM5-Total-PL4_F12_01 20200805_000180.raw	240.76	213.28	284.7	87.56	263.752	255.304	5092.668	3250.488	905.288	515.288	388.732	205.596	259.384	293.336	36.128	188.248	123.72	203.2	248.74	102.424	109.988	39.108	228.612	125.86	109.396	38.916
aligned_38075IM5-Total-PL4_G01_01 20200805_000182.raw	24638.48	33908.456	15300.224	2064.12	2472.484	1122.444	355026.436	389912.184	129073.168	33361.128	28244.28	4987.688	2364.988	2454.14	117.832	539.748	307.476	10568.74	30370.528	325.9	446.956	492.052	682.304	293.324	346.116	109.572
aligned_38075IM5-Total-PL4_G02_01 20200805_000183.raw	50935.44	65190.416	28497.804	3902.584	4456	1795.476	657576.6	733830.304	259872.164	68285.236	57884.16	10081.688	5402.096	5076.236	212.82	1008.84	662.84	22041.44	65803.068	659.28	1074.996	952.736	1192.276	635.66	483.5	209.7
aligned_38075IM5-Total-PL4_G03_01 20200805_000184.raw	33043.072	58402.624	36786.376	5630.532	6462.444	2044.584	528390.932	752833.968	329066.832	72122.66	65784.244	14200.3	3669.812	7032.78	170.988	884.6	450.26	20256.5	83918.58	904.576	1013.452	1267.488	944.972	426.176	281.896	170.136
aligned_38075IM5-Total-PL4_G04_01 20200805_000185.raw	70373.172	80849.052	37892.76	10499.34	8258.624	2442.14	1504013.508	1204970.24	399307.3	228189.512	125057.884	17937.724	8169.628	7515.664	512.384	1360.84	651.16	32629.42	85048.78	785.136	1642.648	1559.1	1537.676	624.8	307.92	532.732
aligned_38075IM5-Total-PL4_G05_01 20200805_000186.raw	39311.26	37910.712	9849.344	4246.532	4508.328	1241.748	817791.82	348858.668	73427.444	165566.192	47141.66	4820.328	2553.968	1819.656	207.696	496.104	328.62	10081.276	14849.596	170.704	760.324	393.952	604.892	315.912	244.432	221.168
aligned_38075IM5-Total-PL4_G06_01 20200805_000187.raw	30526.64	32143.776	9604.12	2496.764	2707.644	1035.46	852826.576	432218.388	104575.748	83883.732	30640.296	3751.272	1858.592	1565.148	90.24	453.736	196.44	9781.524	18474.388	192.14	310.744	271.604	543.62	180.624	159.828	82.38
aligned_38075IM5-Total-PL4_G07_01 20200805_000188.raw	12062.82	17098.096	6562.004	2961.524	2986.88	935.736	510064.292	308350.072	84228.088	102085.976	40861.216	5163.788	1892.428	1449.2	124.56	401.044	337.82	7486.212	17258.196	298.728	531.068	466.692	504.64	341.4	231.456	106.56
aligned_38075IM5-Total-PL4_G08_01 20200805_000189.raw	12260.9	20669.872	11791.868	2201.492	2538.888	825.756	201385.268	283064.7	132171.632	41802.98	34225.392	7349.18	1853.124	3013.856	197.076	432.736	298.812	7371.816	32177.052	405.436	670.076	548.504	532.868	285.364	211.732	210.26
aligned_38075IM5-Total-PL4_G09_01 20200805_000190.raw	68653.688	84730.348	49168.748	9910.832	8882.6	2426.424	901951.8	979166.964	492113.884	146976.108	108387.188	22874.116	8585.204	14867.064	1294.764	1618.108	921.476	29459.36	135176.232	1553.584	1873.776	2255.948	1815.264	887.78	299.404	1353.684
aligned_38075IM5-Total-PL4_G10_01 20200805_000191.raw	42014.036	60779.632	32279.14	5616.252	4454.68	1689.364	1352989.136	1249887.896	479401.484	143564.42	89753.432	15659.316	8045.44	8150.224	598.204	1357.312	669	37763.78	119829.584	1246.756	1420.496	1496.968	1472.08	647.48	379.928	631.508
aligned_38075IM5-Total-PL4_G11_01 20200805_000192.raw	47825.56	59246.84	25463.688	3640.144	3500.444	1478.54	629361.764	700207.736	244749.072	64571.22	53767.936	9269.292	4696.472	4657.472	189.48	920.956	651.932	20676.18	61524.92	724.36	926.02	910.992	1087.228	640.116	455.704	197.088
aligned_38075IM5-Total-PL4_G12_01 20200805_000193.raw	59518.32	70940.22	29591.496	4541.728	4878.696	1670.44	729355.432	797273.16	279894.072	75598.32	62828.452	10818.552	5835.62	5645.252	214.452	1052.34	703.892	24411.94	71977.772	898.292	1017.876	957.22	1275.816	672.62	438.74	206.488
aligned_38075IM5-Total-PL4_H01_01 20200805_000195.raw	76881.26	87664.396	25949.156	7313.772	4099.804	1734.86	2093608.564	1090853.764	233577.052	100642.408	34553.104	4153.776	8005.416	4320.788	325.484	1729.808	1102.092	29384.88	42890.064	389.48	550.24	410.748	1991.964	1035.608	665.116	342.868
aligned_38075IM5-Total-PL4_H02_01 20200805_000196.raw	88605.344	93982.796	30078.764	9833.4	4886.2	1981.74	2367901.66	1264155.192	296533.92	128065.508	45685.368	5820.612	8957.2	5154.452	477.544	2030.716	1085.092	35978.12	56206.356	593.552	863.244	729.872	2346.404	1034.648	798.796	481.94
aligned_38075IM5-Total-PL4_H03_01 20200805_000197.raw	142862.704	145330.124	48111.896	22367.176	9047.84	3325.576	3384438.096	1827088.756	480877.3	228222.756	79897.788	10516.06	15518.564	9230.004	685.872	3157.576	1731.772	59067.28	102468.412	1155.292	1358.768	1147.512	3669.868	1652.392	1127.896	677.244
aligned_38075IM5-Total-PL4_H04_01 20200805_000198.raw	68620.3	86251.852	29315.316	7125.004	5085.472	2066.568	1979859.548	1091491.992	277813.228	115847.608	46771.768	6566.52	8240.1	5331.9	357.332	1984.924	947.636	26636.3	48292.484	650.556	874.796	827.816	2319.004	893.712	730.516	355.608
aligned_38075IM5-Total-PL4_H05_01 20200805_000199.raw	84321.084	97710.032	34741.14	9854.676	6014.292	2458.776	2219648.576	1269368.128	343757.904	138492.564	56623.852	8302.408	10246.324	7042.96	513.716	2424.944	1229.988	31530.98	62215.44	692.748	741.716	892.96	2761.092	1181.052	858.996	516.544
aligned_38075IM5-Total-PL4_H06_01 20200805_000200.raw	65822.476	80403.352	29532.608	7298.388	4934.172	1766.056	1827702.88	1046613.724	282725.38	114520.484	49351.132	7658.644	7945.18	6107.948	456.296	1998.372	1207.028	25058.5	49657.296	569.564	702.08	703.336	2350.108	1140.86	770.612	429.708
aligned_38075IM5-Total-PL4_H09_01 20200805_000201.raw	26010.5	57092	14652.556	4692.128	2162.544	1360.86	2688867.672	1033413.864	148229.648	110481.54	27232.532	2644.652	7156.496	3050.92	361.324	1699.572	961.292	53508.58	48711.408	841.772	736.46	494.764	1971.592	923.216	761.712	369.088
aligned_38075IM5-Total-PL4_H10_01 20200805_000202.raw	157495.292	151821.8	52487.044	9238.408	8071.096	2507.1	1261694.208	1287755.184	406922.996	143797.412	102308.484	15086.852	11762.156	12540.396	579.62	1567.984	962.92	58923.66	144856.332	2525.908	2306.352	2028.992	1839.716	920.908	523.96	616.48
aligned_38075IM5-Spike-PL5_A01_01 20200804_000005.raw	15131.44	25057.08	7555.676	2161.884	3364.692	958.728	495070.356	175682.632	43620.396	75410.572	15162.576	1465.828	1408.56	738.232	41.764	270.676	281.008	4303.196	8626.508	95.72	326.024	321.84	349.364	266.676	145.744	37.42
aligned_38075IM5-Spike-PL5_A01_02 20200804_000088.raw	12815.488	30065.304	9105.228	1884.548	3956.976	856.8	424225.092	151345.432	37136.7	62166.94	11869.604	1276.156	1324.196	724.892	134.624	209.768	235.38	3274.62	8380.436	74.5	320.772	200.676	253.72	268.352	87.248	115.704
aligned_38075IM5-Spike-PL5_A02_01 20200804_000006.raw	15039.372	23590.8	13801.072	1202.444	1168.796	927.508	435831.18	366382.456	231318.192	24726.888	16853.816	4749.704	1437.588	1266.916	42.76	199.2	175.82	8067.94	40983.18	401.388	617.38	506.052	232.576	170.892	139.46	40.2
aligned_38075IM5-Spike-PL5_A03_01 20200804_000007.raw	18846.068	28060.644	14841.78	2174.864	3046.632	1243.624	760651.076	529322.008	226871.08	96327.664	37005.104	5716.688	2596.132	1582.8	40.152	402.952	444.76	11111.2	43908.328	350.528	639.56	568.544	479.528	433.508	168.8	42.14
aligned_38075IM5-Spike-PL5_A04_01 20200804_000008.raw	15616.38	26935.588	13282.8	1329.524	2453.18	1071.26	743248.272	487158.472	180567.432	81677.528	32734.948	5082.852	2208.964	1480.552	65.148	289.78	261.54	13891.46	44982.432	580.268	753.364	564.764	356.02	275.24	139.68	57.444
aligned_38075IM5-Spike-PL5_A05_01 20200804_000009.raw	4500.164	14213.904	6780.544	724.144	1329.504	519.26	319757.036	162680.896	53051.212	33386.676	7914.464	1189.944	805.968	561.196	44.432	134.868	174.892	4510.008	12342.32	250.948	287.824	225.328	177.456	169.308	147.72	42
aligned_38075IM5-Spike-PL5_A06_01 20200804_000010.raw	1193.756	9020.572	9869.056	1158.272	1734.392	1506.936	208119.916	252984.792	151593.408	37627.688	35116.164	8269.368	1755.328	1152.272	58.12	263.76	271.284	5238.54	29916.432	305.04	786.748	782.348	299.456	279.692	314.328	37.516
aligned_38075IM5-Spike-PL5_A07_01 20200804_000011.raw	11611.78	25452.292	11356.472	1408.804	2106.416	837.708	683251.312	407903.272	134990.408	69757.408	26703.864	3685.296	1496.748	1093.944	107.716	192.48	160.688	10547.956	28501.44	288.752	687.204	418.22	190.948	168.224	250.84	90.04
aligned_38075IM5-Spike-PL5_A08_01 20200804_000012.raw	14986.64	24687.172	12373.632	1135.332	1041.768	541.784	301763.02	284178.472	93534.6	20363.424	10940.216	1571.192	1370.98	1474.432	64.676	191.012	227.104	8732.984	24981.228	318.516	292.896	251.804	222.54	216.8	112.26	42.864
aligned_38075IM5-Spike-PL5_A09_01 20200804_000013.raw	285.26	642.3	223.876	621.52	277.264	203.872	4519.832	2073.316	888.572	608.848	376.276	211.344	163	169.356	47.568	52.176	134.512	271.732	603.4	68.9	124.936	130.6	49.48	138.884	89.964	45.532
aligned_38075IM5-Spike-PL5_A10_01 20200804_000014.raw	155.54	672.784	421.004	1150.084	472.764	370.74	4094.86	1958.532	531.952	864.12	333.46	204.88	297.212	225.66	44.448	110.236	127.952	514.832	829.464	89.68	484.124	277.096	116.616	99.692	132.06	55.184
aligned_38075IM5-Spike-PL5_B01_01 20200804_000017.raw	57181.86	52328.088	19403.712	2630.944	1838.764	710.172	360612.796	375022.928	109932.792	19044.444	17750.444	2593.696	3139.564	2795.264	50.352	582.424	444.54	11061.784	27066.348	360.32	475.68	441.96	687.188	429.12	397.708	46.168
aligned_38075IM5-Spike-PL5_B02_01 20200804_000018.raw	61303.88	54701.376	20427.36	2947.744	1779.868	672.316	411389.648	420764.856	125516.748	22161.676	19737.5	2839.388	3468.18	3081.752	65.324	594.768	467.384	12374.444	31211.548	333.268	581.92	512.676	723.052	444.7	463.776	72.12
aligned_38075IM5-Spike-PL5_B03_01 20200804_000019.raw	192.52	725.816	562.684	1049.62	622.18	370.5	5045.38	1631.872	727.108	1481.516	428.78	186.72	441.48	322.292	28.828	77.908	107.692	475.32	915.064	107.272	470.58	322.096	156.3	115.652	108.624	36.136
aligned_38075IM5-Spike-PL5_B04_01 20200804_000020.raw	194.26	700.248	535.528	842.392	580.68	300.62	4844.48	1513.692	722.696	1548.4	495.848	164.852	301.02	358.9	28.7	97.336	175.508	594.048	896.704	133.78	392.484	280.444	84.268	146.324	104.84	42.94
aligned_38075IM5-Spike-PL5_B05_01 20200804_000021.raw	199.32	637.52	929.044	1140.684	654.4	432.1	4901.928	1716.096	673.768	2380.492	361.924	168.78	465.88	377.388	34.044	143.884	216.644	594.96	981.096	131.072	539.072	312.06	165.2	261.296	150.916	43.936
aligned_38075IM5-Spike-PL5_B06_01 20200804_000022.raw	133.22	863.5	551.636	1117.06	679.376	404.2	4360.28	1496.696	481.476	1386.832	335.58	178.808	479.38	345.324	23.82	145.1	123.952	696.484	1005.404	88.4	607.26	389.332	175.72	132.368	150.348	32.12
aligned_38075IM5-Spike-PL5_B07_01 20200804_000023.raw	151.844	611.38	256.152	506.94	311.06	137.908	4735.664	1415.888	450.06	532.156	287.124	192.516	327.944	198.144	67.54	68.888	22.836	367.96	401.488	88.96	176.372	160.18	69.876	25.508	97.348	64.94
aligned_38075IM5-Spike-PL5_B08_01 20200804_000024.raw	169.72	1057.356	486.764	1211.2	639.684	426.28	4316.76	1713.384	551.676	1139.296	363.02	226.76	417.96	387.04	87.456	147.428	89	632.992	833.572	94.14	606.372	315.44	169.512	110.216	155.104	46.176
aligned_38075IM5-Spike-PL5_B09_01 20200804_000025.raw	116.552	854.972	319.316	1191.652	480.744	427.98	4861.2	1940.776	568.792	1139.224	359.872	210.324	404.864	347.428	61.1	75.196	194.952	677.256	837.116	101.864	529.748	320.844	94.68	212.14	182.824	49.848
aligned_38075IM5-Spike-PL5_B10_01 20200804_000026.raw	120.932	781.892	182.328	970.864	451.232	349.92	4441.9	1782.56	568.552	877.06	423.66	210.6	373.1	325.392	70.908	86.972	104.72	653.88	737.716	132.676	347.58	305.176	132.98	114.168	125.192	58.7
aligned_38075IM5-Spike-PL5_B12_01 20200804_000028.raw	126.256	632.82	215.64	734.2	320.812	284.04	4473.56	1580.792	486.832	593.98	324.988	186.268	312.008	263.06	31.324	142.512	175.572	474.82	849.656	124.136	349.096	207.596	136.056	203.684	159.848	27.668
aligned_38075IM5-Spike-PL5_C01_01 20200804_000030.raw	333.84	584.24	397.88	774.684	472.352	361.08	3497.28	2080.308	865.208	1123.432	474.012	194.088	403.864	328.396	105.58	123.824	138.132	581.94	713.34	103.188	475.528	338.892	167.856	167.36	164.232	88.86
aligned_38075IM5-Spike-PL5_C02_01 20200804_000031.raw	257.14	887.292	661.944	1034.72	633.72	523.14	2937.328	1766.716	793.568	1817.752	341.8	208.108	474.004	354.76	67.86	124.772	154.728	662.88	892.804	128.372	614.708	293.84	154.244	182.208	131.68	53.872
aligned_38075IM5-Spike-PL5_C04_01 20200804_000033.raw	167.604	631.804	324.2	600.232	303.18	270.348	2946.328	1651.464	626.96	722.152	348.44	168.344	193.836	198.9	64.024	75.184	75.66	282.588	668.988	82.696	317	178.508	103.952	76.82	101.46	64.464
aligned_38075IM5-Spike-PL5_C05_01 20200804_000034.raw	283.128	641.4	422.752	819.8	412.18	328.46	3597.5	1394.776	680.112	1246.544	370.76	250.8	313.024	282.088	18.528	111.252	137.144	482.04	701.712	51.34	438.484	169.82	146.468	115.512	185.956	14.716
aligned_38075IM5-Spike-PL5_C06_01 20200804_000035.raw	189.332	578.512	256.6	891.108	441.96	289.96	3575.792	1621.516	627.704	984.044	418.592	249.612	300.328	346.62	29.28	139.42	197.204	509.48	680.264	113.14	437.544	250.06	156.444	170.564	112.908	58.052
aligned_38075IM5-Spike-PL5_C07_01 20200804_000036.raw	237.844	786.512	407.464	1071.32	502.732	308.2	3862.96	1727.86	676.32	952.9	416.12	220.132	412.348	366.728	55.48	112.168	30.24	611.72	1010.468	99.82	531.024	288.32	132.26	52.42	179.884	75.32
aligned_38075IM5-Spike-PL5_C08_01 20200804_000037.raw	159.896	529.808	218.352	391.3	249.72	221.304	4246.48	1526.768	482.3	569.98	294.92	157.232	173.592	218.3	49.28	75.084	92.312	272.588	519.22	71.48	221.632	166.512	73.764	121.848	109.08	39.732
aligned_38075IM5-Spike-PL5_C09_01 20200804_000038.raw	156.68	688.028	435.36	957.56	518.8	392.7	3761.836	1611.396	590.132	953.756	361.26	248	443.616	304.184	92.14	168.012	179.684	616.88	923.392	135.476	584.708	266.452	193.692	222.136	160.98	61.24
aligned_38075IM5-Spike-PL5_C11_01 20200804_000040.raw	116.232	646.908	253.224	476.38	285.684	260.92	3831.468	1613.468	639.136	536.012	314.216	192.82	258.392	267.14	44.356	101.272	139.62	289.808	823.432	118.544	256.976	146.772	122.916	142.468	128.732	65.268
aligned_38075IM5-Spike-PL5_D02_01 20200804_000043.raw	187.54	572.116	120.36	449.9	308.244	204.02	4130.488	1480.228	622.416	557.116	199.244	162.14	183.668	222.22	36.504	59.124	68.008	273.26	663.272	64.964	180.14	106.5	69.14	84.14	86.74	20.084
aligned_38075IM5-Spike-PL5_D03_01 20200804_000044.raw	269.844	494.816	167.672	224.3	244.84	142.852	4344.088	1351.888	583.644	465.984	161.94	136.24	150.068	170.22	47.86	69.716	62.204	228.548	399.552	104.308	115.088	57.216	88.38	67.468	79.36	53.42
aligned_38075IM5-Spike-PL5_D04_01 20200804_000045.raw	112.508	504	156	417.352	194.9	186.688	3961.632	1350.76	607.936	588.344	266.196	125.2	155.528	221.372	58.84	83.66	159.688	294.04	449.176	81.296	197.78	128.32	98.468	171.364	113.64	47.72
aligned_38075IM5-Spike-PL5_D05_01 20200804_000046.raw	203.64	450.388	186.76	688.052	339.536	239.5	4251.08	1340.56	599.748	662.86	356.588	191.46	281.188	294.576	64.768	77.964	203.176	330.572	628.604	78.796	273.548	154.06	90.26	204.06	96.724	61.02
aligned_38075IM5-Spike-PL5_D06_01 20200804_000047.raw	168.46	567.056	151.592	483.4	334.34	163.48	4256.48	1408.14	594.2	580.044	246.276	152.36	224.556	224.76	60.64	66.236	29.76	235.924	492.044	92.38	198.128	126.552	76.136	65.252	138.672	48.696
aligned_38075IM5-Spike-PL5_D07_01 20200804_000048.raw	126.584	674.816	268.368	659.724	366.324	232.436	3567.62	1506.256	403.54	531.456	297.792	235.224	221.944	250.04	39.24	66.584	118.288	422	566.896	84.088	294.564	203.064	67.728	150.776	129.744	32.62
aligned_38075IM5-Spike-PL5_D08_01 20200804_000049.raw	156.16	613.816	182.1	444.22	247	200.104	3739.812	1539.848	444.788	529.544	222.876	171.764	166.28	259.22	83.284	74.208	145.648	216.112	456.32	54.196	260.864	118.82	100.876	181.112	98.316	78.344
aligned_38075IM5-Spike-PL5_D10_01 20200804_000051.raw	178.42	777.328	268.556	652.816	360.784	264.74	4038.584	2045.036	572.812	616.244	339.572	249.84	277.608	240.684	30.028	91.456	119.516	430.436	810.9	55	232.992	177.524	106.132	141.232	101.896	30.072
aligned_38075IM5-Spike-PL5_E01_01 20200804_000057.raw	255.38	590.532	504.476	743.46	510.056	310.74	2690.16	1752.444	678.356	1062.412	474.192	237.736	357.352	301.36	57.22	170.54	77.172	551.92	569.008	93.412	372.04	226.384	214.812	89.724	165.544	30.716
aligned_38075IM5-Spike-PL5_E02_01 20200804_000058.raw	418.1	520.532	181.96	441.416	301.724	157.972	2645.348	1526.168	608.68	392.552	233.728	147.484	179.324	210.78	49.864	84.296	130.64	278.728	359.08	85.044	166.364	102.288	117.548	125.996	119.068	40.428
aligned_38075IM5-Spike-PL5_E03_01 20200804_000059.raw	429.772	544.672	670.564	955.16	421.78	288.04	2764.448	1540.976	753.584	1504.752	391.144	187.68	347.4	282.416	54.1	109.584	61.156	570.92	732.552	116.324	465.348	288.004	135.592	64.352	130.264	52.96
aligned_38075IM5-Spike-PL5_E05_01 20200804_000061.raw	395.448	407.208	120.164	334	180.524	177.62	2419.292	1531.76	604.424	586.2	229.68	171.436	144.812	177.656	22.7	67.064	40.36	268.06	359.1	73.76	148.084	200.744	86.492	52.88	52.376	28.556
aligned_38075IM5-Spike-PL5_E06_01 20200804_000062.raw	172.196	489.668	163.94	460.3	299.24	207.452	5033.304	1490.4	549.376	608.532	329.18	238.58	325.024	217.18	77.64	78.44	135.12	371.56	464.316	46.82	123.02	123.108	104.712	129.804	134.524	74.176
aligned_38075IM5-Spike-PL5_E07_01 20200804_000063.raw	777.152	796.272	227.444	388.108	204.58	221.38	4709.1	1415.224	576.044	718.708	262.02	248.876	300.14	188.056	57.94	62.5	95.448	298.18	500.044	77.344	116.644	113.08	63.064	106.872	145.164	43.76
aligned_38075IM5-Spike-PL5_E08_01 20200804_000064.raw	143.64	647.112	233.128	651.888	337.244	215.8	4822.66	1474.96	526.912	566.144	304.512	180.888	190.448	233.784	44.648	34.456	41.416	370.548	584.7	88.524	273.776	162.3	64.18	48.612	119.72	43.78
aligned_38075IM5-Spike-PL5_E10_01 20200804_000066.raw	109.8	517.596	270.144	519.852	227.92	150.56	5402.86	1277.864	444.816	468.116	236.64	182.836	153.86	239.22	41.86	52.312	65.12	272.684	701.484	67.16	166.04	113.94	58.6	113.356	87.92	31.36
aligned_38075IM5-Spike-PL5_E11_01 20200804_000067.raw	162.896	831.684	783.164	827.104	442.32	332.168	2662.58	1658.812	658.572	855.652	321.284	236.16	364.552	341.44	66.84	59.172	52.532	548.94	941.544	93.584	468.936	307.744	66.072	73.96	115.428	39.764
aligned_38075IM5-Spike-PL5_F01_01 20200804_000069.raw	260.02	704.684	370.016	281.54	145.132	144.644	7326.468	5226.864	2416.48	733.328	508.804	268.328	156.58	168.424	34.884	87.416	83.784	252.44	645.464	82.448	78.752	93.776	97.892	64.864	80.46	32.208
aligned_38075IM5-Spike-PL5_F02_01 20200804_000070.raw	192.988	512.78	294.992	596.52	320.34	248.58	5197.744	2130.748	861.472	736.872	311.06	166.7	240.72	181.24	57.56	105.46	117.024	422.684	578.028	63.612	293.748	202.464	118.136	137.7	69.368	45.736
aligned_38075IM5-Spike-PL5_F03_01 20200804_000071.raw	244.84	531.2	168.82	331.692	201.82	130.852	5135.328	1955.072	881.628	521.756	315.492	168.448	132.64	188.048	38.88	42.172	53.12	216.112	523.872	49.076	133.732	144.116	43.692	56.724	127.6	32.36
aligned_38075IM5-Spike-PL5_F04_01 20200804_000072.raw	242.9	402.96	260.692	405.804	171.436	208.96	5264.312	1768.816	778.104	475.472	300.176	182.48	156.232	205.336	32.82	69.7	111.472	219.996	476.332	63.744	151.308	155.548	82.48	145.772	74.868	35.888
aligned_38075IM5-Spike-PL5_F05_01 20200804_000073.raw	122.72	823.776	282	681.124	355.704	173.336	5900.872	1970.476	798.472	756.036	386.268	249.204	226.04	221.036	66.816	66.756	61.66	316.608	574.396	69.36	326.144	140.7	79.308	52.36	134	57.892
aligned_38075IM5-Spike-PL5_F06_01 20200804_000074.raw	103.24	496.128	137.364	357.72	144.808	138.7	4854.28	1360.02	425.128	318.472	224.768	144.516	152.652	173.38	35.8	54.904	48.5	273.46	447.456	44.14	198.38	150.94	59.684	51.108	77.848	40.18
aligned_38075IM5-Spike-PL5_F07_01 20200804_000075.raw	246	569.584	201.216	499.608	243.348	180.812	5810.624	1256.476	411.04	516.32	289.264	208.548	130.36	155.6	22.556	63.62	93.976	360.952	514.832	51.292	154.868	126.988	82.44	91.796	107.252	33.844
aligned_38075IM5-Spike-PL5_F08_01 20200804_000076.raw	130.348	615.08	165.208	233.232	165.716	55.104	4474.396	1120.508	511.908	443.872	257.096	103.828	125.32	154.44	26.148	41.072	73.712	169.78	538.924	46.796	74.844	100.172	49.86	87.74	66.032	35.272
aligned_38075IM5-Spike-PL5_F09_01 20200804_000077.raw	157.32	675.232	182.12	714.908	413.684	208.52	5038.92	1423.728	545.796	689.588	295.748	228.548	244.956	239.244	53.372	77.332	70.624	401.84	760.952	38.48	304.14	210.224	103.412	67.132	110.8	41.388
aligned_38075IM5-Spike-PL5_F10_01 20200804_000078.raw	200.616	774.248	444.74	1076.152	485.2	301.76	5768.664	1371.984	545.792	864.98	375.52	220.252	311.44	330.86	80.26	88.456	97.564	713.2	937.108	100.1	505.38	252.044	102.672	87.94	146.52	63.712
aligned_38075IM5-Spike-PL5_F11_01 20200804_000079.raw	184.288	114.284	206.032	862.196	455.188	261.28	2169.064	1634.444	517.396	408.628	320.46	172.484	323.824	346.68	49.76	175.98	136.168	445.432	644.656	106.66	373.984	222	178.648	145.02	90.628	48.996
aligned_38075IM5-Spike-PL5_G01_01 20200804_000081.raw	324.32	912.312	514.12	722.684	382.98	290.48	2489.136	1725.776	701.532	923.572	340.64	249.24	358.652	337.924	46.32	137.436	174.52	473.48	432.96	63.156	222.092	201.304	171.432	202.248	141.52	45.4
aligned_38075IM5-Spike-PL5_G03_01 20200804_000083.raw	157.012	516.416	217.42	441.316	289.084	176.916	3179.996	1485.512	567.488	507.884	303.364	177.244	208.208	236.5	44.764	90.812	46.82	205.056	490.332	47.808	247.852	118.92	84.468	47.612	92.36	32.62
aligned_38075IM5-Spike-PL5_G04_01 20200804_000084.raw	247.352	465.108	222.376	342.856	207.46	143.964	2543.576	1272.688	700.776	320.556	140.888	106.068	77.972	117.44	18.376	59.96	69.08	132.66	279.428	57.52	97.708	72.084	74.6	77.764	74.672	17.356
aligned_38075IM5-Spike-PL5_G05_01 20200804_000085.raw	200.6	468.248	279.648	294.576	212.484	134.036	2910.856	1467.464	593.368	324.356	194.46	178.968	137.34	135.98	51.376	73.644	35.612	108.18	437.992	33.388	137.888	74.048	86.172	41.8	57.02	48.988
aligned_38075IM5-Spike-PL5_G06_01 20200804_000086.raw	285.28	531.984	285.16	574.736	340.34	258.72	1983.868	1370.236	543.568	423.324	266.26	97.76	262.024	260.952	40.408	153.62	132.96	412.752	562.84	46.86	291.88	207.952	177.3	151.028	113.4	43.44
aligned_38075IM5-Total-PL5_A01_01 20200806_000097.raw	28288.22	43984.228	14439.828	5525.236	5337.908	1635.848	1261884.388	662110.356	191634.524	157545.756	56971.296	7395.94	3419.18	2376.54	180.88	666.448	351.996	16411.952	37239.92	393.18	799.604	604.724	813.804	354.432	424.744	171.52
aligned_38075IM5-Total-PL5_A02_01 20200806_000098.raw	53086.292	79600.168	42983.144	7871.408	7378.416	2489.792	1164302.456	971668.604	369974.5	110639.336	69619.848	12148.22	6565.716	7459.512	280.48	1290.64	692.088	20726.3	66100.344	660.168	806.912	1039.44	1460.46	671.716	423.924	306.212
aligned_38075IM5-Total-PL5_A03_01 20200806_000099.raw	82533.604	100298.856	52754.228	10377.68	8417.304	3082.244	1604456.44	1229029.172	431540.008	197499.844	106319.8	16296.872	7846.616	9607.204	428.684	1422.62	705.42	32348.62	89859.9	834.568	1497.64	1428.32	1593.72	673.16	294.94	439.964
aligned_38075IM5-Total-PL5_A04_01 20200806_000100.raw	39408.94	43405.828	20114.448	4388.856	3856.484	1371.86	956377.852	612098.844	195248.308	122740.744	49262.604	7111.84	3854.72	4142.408	271.568	669.48	444.232	15822	42409.092	480.864	666.628	678.352	799.46	432.496	199.444	273.596
aligned_38075IM5-Total-PL5_A05_01 20200806_000101.raw	81400.6	72219.428	27875.988	10422.808	6648.688	1580.976	1202748.196	720249.132	220272.88	178469.116	59175.832	8051.148	5774.408	5310.676	281.136	945.46	502.76	17372.52	44246.508	434.972	715.808	690.664	1045.68	483.54	298.604	271.996
aligned_38075IM5-Total-PL5_A06_01 20200806_000102.raw	5732.016	24595.652	17850.184	1335.592	4447.776	2282.892	705816.384	606301.152	251262.492	142963.928	91499.28	17489.688	2020.612	3207.332	177.328	318.576	253.04	12323.992	47355.236	425.796	1107.416	1179.52	381.056	254.436	154.892	197.124
aligned_38075IM5-Total-PL5_A07_01 20200806_000103.raw	20209.816	29822.932	13733.112	2633.792	3235.984	1471.408	841486.884	617894.72	197218.08	114453.568	63237.192	9876.856	3872.684	3641.952	391.508	714.548	366.952	17984.94	46922.972	438.284	988.48	1000.7	839.22	355.62	226.892	406.608
aligned_38075IM5-Total-PL5_A08_01 20200806_000104.raw	44696.32	57728.128	24471.108	6005.848	5764.052	1787.7	793491.932	684962.584	210030.076	100492.532	64760.332	9648.176	3950.812	4087.268	182.916	628.832	267.788	16556.46	42058.54	492.272	839.888	776.148	735.2	267.892	223.656	190.328
aligned_38075IM5-Total-PL5_A09_01 20200806_000105.raw	29346.812	56184.176	30866.008	4154.352	5194.264	1856.976	355988.56	546901.104	247933.06	51977.88	59591.556	12525.384	2115.436	4450.224	190.236	329.308	227.88	10004.12	42365.492	620.8	783.768	822.088	358.588	219.58	177.648	194.288
aligned_38075IM5-Total-PL5_A10_01 20200806_000106.raw	10713.3	15366.368	7055.296	1529.208	1893.392	817.304	380823.848	251904.624	79379.792	53490.176	26595.848	3723.792	885.176	1162.788	61.8	236.556	128.48	5721.396	17559.8	231.128	387.916	343.412	276.544	138.316	132.756	58.5
aligned_38075IM5-Total-PL5_A11_01 20200806_000107.raw	332.716	396.916	306.56	153.028	369.412	264.712	7582.94	6067.668	1942.696	924.164	669.26	294.52	313.556	318.864	32.332	197.008	100.9	240.088	322.076	93.676	123.08	32.9	255.324	95.88	132.692	36.232
aligned_38075IM5-Total-PL5_B01_01 20200806_000109.raw	55310.26	71942.216	31191.484	4462.444	5045.748	1946.372	737153.832	809504.272	291051.268	79693.864	65762.576	10830.272	5787.608	5690.828	182.86	1227.572	684.58	24506.98	74704.5	736.996	1135.944	1143.004	1459.932	670.28	533.724	172.736
aligned_38075IM5-Total-PL5_B02_01 20200806_000110.raw	39718.22	58239.1	26781.136	3703.14	4256.232	2032.276	561842.156	629980.44	222891.948	62830.588	53152.208	9197.62	2846.808	3846.792	162.116	472.16	363.968	17230.32	55596.58	724.108	839.528	786.9	574.3	370.3	297.612	140.684
aligned_38075IM5-Total-PL5_B03_01 20200806_000111.raw	19694.48	29835.528	13686.272	3845.548	4365.828	1678.712	420965.572	450760.404	168325.624	90061.444	67518.772	11550.76	2536.004	3142.76	235.124	462.936	288.524	8263.332	27843.628	247.508	848.34	694.676	544.38	279.92	152.956	238.9
aligned_38075IM5-Total-PL5_B04_01 20200806_000112.raw	30041.404	59813.66	45061.588	8222.812	11306.608	3696.42	430338.768	528744.988	302833.288	130607.728	103224.1	25118.284	2981.88	7470.828	362.772	708.14	463.844	9782.152	55038.36	588.896	1002.004	1491.484	778.48	447.712	164.148	352.724
aligned_38075IM5-Total-PL5_B05_01 20200806_000113.raw	30948.38	60454.552	44986.004	8688.624	11197.596	3572.496	420786.372	524369.436	302393.052	128774.192	102720.152	25581.996	3158.756	7569.636	359.48	920.2	540.528	9865.512	54697.248	597.08	1098.832	1576.648	1019.852	528.808	255.488	373.504
aligned_38075IM5-Total-PL5_B06_01 20200806_000114.raw	27759.38	42725.356	19879.432	4736.212	5794.448	2128.456	551736.128	598061.132	231404.016	113551.888	82612.056	14457.508	3543.308	4168.04	351.948	863.04	400.572	11732.208	38667.856	442.068	859.056	790.352	1007.724	376.784	241.276	365.212
aligned_38075IM5-Total-PL5_B07_01 20200806_000115.raw	27623.468	41195.004	18295.632	4942.488	5361.184	1920.364	532824.496	573600.328	221624.92	108501.092	79476.012	13808.348	3782.488	4109.328	342.052	911.9	485.792	11247.412	37258.808	442.192	859.844	912.276	1040	464.94	217.436	356.532
aligned_38075IM5-Total-PL5_B08_01 20200806_000116.raw	104588.536	105334.484	43153.572	17876.308	13452.476	3242.192	813885.028	915487.076	360679.188	152548.176	113122.744	20047.168	5670.98	7011.128	400.212	1103.252	529.916	16838.12	55531.084	569.736	939.06	1146.34	1232.312	540.26	285.436	421.396
aligned_38075IM5-Total-PL5_B09_01 20200806_000117.raw	116105.42	113316.204	45532.636	19994.252	13732.284	3161.84	863183.876	967538.208	382030.464	163836.724	121984.48	21576.072	6562.192	8060.008	542.812	1058.22	567.4	18020.12	59679.368	585.048	1077.132	1261.472	1256.38	556.04	226.804	543.1
aligned_38075IM5-Total-PL5_B10_01 20200806_000118.raw	99451.2	99648.616	40125.788	16845.188	11960.62	2861.816	771237.472	871053.664	340082.952	142587.824	106793.644	18740.004	5587.508	6706.916	295.952	1050.556	515.956	16107.6	50582.644	450.14	944.732	1143.736	1205.484	495.348	304.612	299.944
aligned_38075IM5-Total-PL5_B11_01 20200806_000119.raw	89682.5	91478.244	37477.192	15189.956	11118.288	2872.22	733470.664	826882.1	321578.008	134798.672	100860.636	17734.852	5255.012	6068.28	456.5	1021.252	549.22	15007.224	48184.7	532.78	908.976	934.752	1175.64	543.38	208.844	471.38
aligned_38075IM5-Total-PL5_B12_01 20200806_000120.raw	86950.26	87121.656	35488.264	14443.324	10769.372	2796.236	692550.868	773505.904	296581.844	127201.208	94532.58	16152.696	4935.64	5683.524	286.656	1009.168	431.984	13746.664	42847.86	413.216	725.02	809.572	1105.184	422.62	263.248	323.464
aligned_38075IM5-Total-PL5_C01_01 20200806_000122.raw	27929.98	58822.832	32135.892	3952.596	5817.824	2259.444	367271.664	566164.72	256856.976	54431.08	61860.036	13598.6	2071.488	4590.94	115.08	470.2	266.84	10774.46	44724.288	580.668	751.896	956.484	508.632	258.588	314.952	113.84
aligned_38075IM5-Total-PL5_C02_01 20200806_000123.raw	30674.376	59272.548	31933.736	4356.16	5771.332	2061.272	369627.388	571031.8	257161.52	55755.212	62536.324	13396.248	2206.588	4528.98	133.14	569.14	267.892	10752.612	44388.572	403.092	795.172	853.936	633.212	256	213.924	131.4
aligned_38075IM5-Total-PL5_C03_01 20200806_000124.raw	43651.564	78792.272	41359.888	6159.368	6773.036	2050.876	501512.404	762165.436	358230.492	71531.204	78285.288	17048.348	3758.324	6886.348	278.252	870.076	343.04	15378.632	64336.716	581.252	1090.844	1030.328	1016.068	326.532	336.204	278.236
aligned_38075IM5-Total-PL5_C04_01 20200806_000125.raw	54254.592	100898.572	53173.436	7982.616	9317.824	2719.692	611101.3	930314.308	441870.348	90056.876	97388.768	21300.928	4239.088	8909.924	302.696	884.784	519.78	19612.02	84656.44	1001.42	1202.764	1604.792	1001.516	506.28	341.916	303.232
aligned_38075IM5-Total-PL5_C05_01 20200806_000126.raw	42290.684	74789.012	56311.7	12044.628	14216.3	4224.784	526502.532	653190.98	383805.02	169050.028	132545.588	32831.896	4506.376	10336.356	605.084	1229.92	685.988	12459.564	71855.188	779.6	1433.372	2022.636	1413.04	683.98	349.5	625.084
aligned_38075IM5-Total-PL5_C06_01 20200806_000127.raw	24842.764	52927.896	32801.216	5758.912	8144.736	2405.096	603664.828	530363.476	294907.5	132726.144	84473.088	20960.092	4419.192	7960.768	652.884	1044.76	540.76	11909.32	64137.196	676.136	1313.744	1549.964	1206.3	516.6	363.108	671.384
aligned_38075IM5-Total-PL5_C07_01 20200806_000128.raw	32716.064	62307.516	38244.696	7873.996	9520.244	2952.024	717297.02	628837.084	357894.212	163651.696	103730.128	25608.276	5726.248	10159.484	933.988	1443.112	935.992	14564.72	81075.216	908.348	1389.992	1959.368	1628.076	942.66	406.44	955.788
aligned_38075IM5-Total-PL5_C08_01 20200806_000129.raw	20387.12	44331.112	27300.488	5081	7693.42	2614.676	518642.38	455514.892	246963.744	122779.292	80683.344	19405.052	3743.56	6614.956	702.124	968.304	551.7	10074.368	53675.28	730.08	1045.284	1501.428	1127.66	552.1	310.54	708.292
aligned_38075IM5-Total-PL5_C09_01 20200806_000130.raw	34294.616	67122.088	41719.492	8202.532	10569.928	3076.368	770888.6	678351.18	387408.692	177305.528	111235.4	27163.544	6828.508	11184.984	1012.544	1673.556	855.432	15805.1	89608.64	956.24	1445.28	2281.272	1923.864	846.444	447.812	1045.728
aligned_38075IM5-Total-PL5_C10_01 20200806_000131.raw	32302.664	61089.028	38244.876	7854.844	9398.068	2813.764	715391.788	631460.904	358934.856	164381.84	103483.944	25292.164	5812.532	10262.768	888.896	1385.76	891.82	14264.72	82145.632	873.028	1371.756	1985.444	1576.864	865.3	439.084	931.628
aligned_38075IM5-Total-PL5_C11_01 20200806_000132.raw	20921.924	38299.76	26362.356	3761.096	4563.772	1854.736	510812.536	638904.024	315238.012	82899.94	70532.34	15660.992	3562.856	5779.868	412.2	990.44	572.02	13618.588	62755.168	584.048	915.16	1060.044	1109.08	541.68	387.628	423.936
aligned_38075IM5-Total-PL5_D01_01 20200806_000134.raw	27074.976	62077.52	38540.92	8748.692	9105.588	4776.056	1878691.1	1794924.892	396592.904	310019.304	209765.16	19848.204	19209.028	10355.188	665.54	3949.82	1912.2	44558.52	63005.388	693.488	1664.48	1765.968	4577.98	1863.1	515.016	685.24
aligned_38075IM5-Total-PL5_D02_01 20200806_000135.raw	26535.188	62320.764	38821.724	8745.152	9053.808	4927.396	1899069.04	1821217.028	415403.652	318312.596	213331.46	20630.308	17221.024	9741.676	919.816	3261.496	1807.42	48072.88	68204.2	781.468	1653.16	1785.024	3790.26	1760.34	453.92	955.968
aligned_38075IM5-Total-PL5_D03_01 20200806_000136.raw	24026.688	49553.856	31283.14	6804.716	6620.628	3868.828	1737809.468	1661955.876	369269.968	287061.748	196016.58	18427.712	15203.828	8538.776	743.788	3202.568	1723.6	40763.7	57428.008	657.268	1420.16	1392.76	3728.06	1679.4	425.992	754.388
aligned_38075IM5-Total-PL5_D04_01 20200806_000137.raw	22840.128	53553.716	32297.492	6402.708	7186.192	3984.72	1675897.496	1597771.496	351839.896	273017.54	184520.836	17662.84	16254.496	9294.396	658.428	3604.708	1698.46	38398.58	53605.064	575.544	1543.264	1353.536	4173.48	1624.288	526.816	680.368
aligned_38075IM5-Total-PL5_D05_01 20200806_000138.raw	21855.74	54284.312	32971.22	6588.344	6889.652	4193.24	1724183.652	1646296.92	360991.492	279248.4	188604.824	18167.576	17365.072	9195.62	723.664	3619.308	1898.864	40258.26	55225.632	568.576	1364.112	1333.22	4115.708	1814.688	561.744	764.896
aligned_38075IM5-Total-PL5_D06_01 20200806_000139.raw	29737.22	42095.488	17388.408	10890.148	8563.524	2253.924	291375.508	331026.94	124150.248	92524.696	71696.568	12383.7	2711.336	3726.444	261.516	862.916	474.856	6039.28	19027.092	274.656	833.752	755.564	1007.26	446.32	301.26	280.724
aligned_38075IM5-Total-PL5_D07_01 20200806_000140.raw	50501.68	65630.544	27292.2	16620.036	12933.884	2827.78	459582.584	534348.988	211801.328	141751.516	109247.68	19613.68	4642.2	5745.192	317.84	1010.28	507.1	10591.628	34183.94	403.36	1121.556	1225.472	1171.788	493.188	290.252	324.996
aligned_38075IM5-Total-PL5_D08_01 20200806_000141.raw	26988.3	38397.224	16540.416	8617.252	7404.42	1668.428	267178.056	310507.94	117749.252	77679.82	60268.536	10623.372	2526.84	3515.068	256.96	775.916	428.352	5862.104	18158.468	295.812	692.084	489.692	895.96	417.416	332.512	257.408
aligned_38075IM5-Total-PL5_D09_01 20200806_000142.raw	25406.74	36469.948	15862.296	8482.28	7105.072	1724.66	255207.544	297528.38	113841.676	74160.98	58406.52	10373.808	2400.376	3154.372	201.22	733.04	382.272	5754.632	17083.388	329.172	500.624	655.388	892.9	375.704	338.972	186.78
aligned_38075IM5-Total-PL5_D10_01 20200806_000143.raw	28737.3	39051.968	16630.264	9685.736	7775.756	1869.304	264574.868	307229.112	117109.868	78336.948	60275.988	10812.836	2885.172	3478.116	195.368	739.892	441.512	5826.432	17618.556	238.196	668.372	567.708	837.444	424.372	347.808	183.68
aligned_38075IM5-Total-PL5_D11_01 20200806_000144.raw	449.208	586.804	483.72	281.996	595.1	546.488	9228.028	8046.48	2551.828	1158.348	1010.348	544.62	600.468	710.444	183.12	378.032	218.964	448.352	551.028	76.944	276.268	77.42	475.396	208.008	270.204	184.844
aligned_38075IM5-Total-PL5_E01_01 20200806_000149.raw	35620.436	58755.812	32010.364	7267.932	8575.88	3125.908	809437.976	928303.544	429903.668	206035.788	142116.388	27425.104	7345.3	8931.468	821.52	1803.704	823.948	18380.104	76008.3	674.292	1516.748	1809.78	2063.532	805.364	431.948	821.936
aligned_38075IM5-Total-PL5_E02_01 20200806_000150.raw	18915.18	34821.62	18987.36	3885.712	5787.468	2375.932	468504.384	535336.86	232920.784	122272.36	87857.632	16281.212	3494.892	4678.06	543.784	835.936	457.2	9438.064	37041.576	458.392	1026.944	991.048	971.8	438.86	404.996	554.1
aligned_38075IM5-Total-PL5_E03_01 20200806_000151.raw	34093.152	54656.548	29001.032	6892.136	7630.46	2877.336	731679.008	844922.428	386341.792	185569.292	129228.588	24750.12	6462.896	8107.78	777.392	1405.48	738.48	16511.256	67123.44	713.5	1379.52	1712.044	1632.28	732.58	433.212	813.336
aligned_38075IM5-Total-PL5_E04_01 20200806_000152.raw	33381.448	54664.148	29443.076	6657.064	7804.192	2787.232	753364.852	867236.004	402186	192651.2	133333.016	25706.944	6508.196	8281.132	704.172	1524.352	820.74	17184.212	70582.924	621.58	1546.888	1671.884	1760.652	806.156	448.16	713.172
aligned_38075IM5-Total-PL5_E05_01 20200806_000153.raw	43701.24	68483.972	36501.888	8833.016	10335.964	3098.54	919715.376	1056841.232	503771.76	244870.88	166075.02	32570.712	9003.092	11124.216	1060.576	1956.832	1153.208	21771.052	94034.772	786.572	1795.464	2354.02	2148.196	1134.172	474.264	1090.264
aligned_38075IM5-Total-PL5_E06_01 20200806_000154.raw	24698.632	36674.736	20034.024	4950.512	5353.112	1796.86	393420.16	596593.292	326887.028	75034.008	71254.6	15264.88	4019.476	5157.696	537.048	1242.14	507.5	10342.98	58906.916	520.14	959.188	1054.428	1457.656	475.02	449.048	525.912
aligned_38075IM5-Total-PL5_E07_01 20200806_000155.raw	33225.94	47849.412	26223.688	7096.86	7078.536	2174.396	521793.376	781021.692	437902.604	102368.404	95222.324	20553.7	5511.936	7461.18	594.852	1504.88	813.4	14405.2	83171.056	715.276	1109.576	1506.736	1683.58	779.048	397.668	571.8
aligned_38075IM5-Total-PL5_E08_01 20200806_000156.raw	34237.864	49052.112	26626.248	7091.968	6874.192	2132.924	545374.712	817281.58	461212.14	109726.484	102358.724	22264.88	5430.548	7216.184	703.14	1628.496	665.896	15953.812	90357.516	731.664	1103.624	1764.352	1757.696	664.304	335.072	728.504
aligned_38075IM5-Total-PL5_E09_01 20200806_000157.raw	29071.976	43889.96	24470	6151.664	6282.552	2153.66	478070.88	725778.628	407661.676	94227.864	88553.972	19157.852	4682.436	6502.972	611.872	1415.588	659.868	14448.388	77717.216	731.376	1199.376	1640.692	1542.136	650.74	428.948	645.924
aligned_38075IM5-Total-PL5_E10_01 20200806_000158.raw	33407.872	49502	26914.088	6946.252	6907.824	2143.18	536037.284	794324.02	441739.28	106232.192	98579.712	20900.536	5139.372	7257.128	706.832	1337.78	688.396	14941.14	84822.716	833.088	1175.232	1544.22	1550.304	688.352	354.844	694.04
aligned_38075IM5-Total-PL5_E11_01 20200806_000159.raw	12586.42	25048.764	16819.036	2312.428	3041.352	1396.556	325934.5	410062.836	195678.292	51440.704	44700.72	9929.184	2134.316	3649.84	301.992	596.3	382.66	8365.06	37553.712	499.572	557.98	867.712	721.112	378.12	319.908	292.516
aligned_38075IM5-Total-PL5_F01_01 20200806_000161.raw	24670.408	52787.156	38501.46	4710.668	6682.372	2537.152	551004.14	901550.872	552993.392	99948.76	103184.16	27371.508	6390.472	10674.572	605.08	1506.04	972.58	21480.92	142209.944	1556.624	1639.36	2419.376	1684.14	936.88	506.368	601.02
aligned_38075IM5-Total-PL5_F02_01 20200806_000162.raw	28858.568	58250.96	41597.948	5373.452	6806.876	2396.268	612926.456	1001071.284	623954.02	114292.348	119538.976	31735.76	5977.948	12346.7	807.128	1350.32	777.72	24957.42	166677.836	1622.436	1678.948	2724.9	1447.2	742.62	344.6	795.272
aligned_38075IM5-Total-PL5_F03_01 20200806_000163.raw	36158.396	75307.9	52357.62	7440.908	9865.124	3208.796	711521.936	1148935.96	717188.068	138496.168	143216.456	37177.616	7985.276	15480.752	999.448	1808.08	1052.02	28371.42	197013.308	2316.148	1874.76	3337.968	2011.74	1002.5	573.716	1052.94
aligned_38075IM5-Total-PL5_F04_01 20200806_000164.raw	22351.904	49763.32	36368.948	4270.756	6099.564	2368.044	518215.932	865892.356	533665.22	93473.644	99861.976	26181.84	4719.86	9590.732	601.736	1116.42	733.972	20877.592	137587.668	1656.248	1360.656	2064.216	1271.9	700.92	394.244	604.548
aligned_38075IM5-Total-PL5_F05_01 20200806_000165.raw	35793.8	71745.28	50059.376	7192.068	9156.888	2783.068	730331.42	1175988.388	731077.092	141319.712	145300.82	37570.352	7835.844	15887.5	942.912	1780.78	811.852	29282.4	202241.564	2328.476	1798.724	3306.916	1887.392	778.648	458.784	992.608
aligned_38075IM5-Total-PL5_F06_01 20200806_000166.raw	32741.944	79231.936	58187.036	6052.568	9612.264	3072.616	357517.568	577632.228	397160.844	75450.34	77113.228	23295.404	4826.976	12779.384	1021.76	1298.8	1024.908	9619.304	74625.316	685.152	899.42	1473.788	1460.64	981.444	515.028	1023.704
aligned_38075IM5-Total-PL5_F07_01 20200806_000167.raw	34250.112	85307.58	63015.996	6519.852	10151.724	3467.868	382354.512	622317.472	429215.032	81732.148	82978.684	25233.732	5361.7	13520.2	1287.356	1341.74	1037.78	10531.364	81167.976	817.048	999	1634.98	1525.62	1012.184	615.104	1312.104
aligned_38075IM5-Total-PL5_F08_01 20200806_000168.raw	25259.36	63587.248	47405.848	4396.188	7657.636	2698.316	295547.332	485604.144	330466.916	62313.552	65233.484	19899.008	4049.212	10085.168	755.56	1055.84	762.936	8294.932	61460.052	564.332	754.292	1078.676	1224.644	744.316	470.484	742.032
aligned_38075IM5-Total-PL5_F09_01 20200806_000169.raw	16515.772	43463.536	32826.764	3121.432	5558.82	2174.764	205494.252	338439.748	227310.532	41336.604	43738.084	13174.104	3051.992	7262.748	636.484	974.504	596.78	5109.2	39995.44	408.404	658.76	895.42	1145.484	560.28	542.252	633.644
aligned_38075IM5-Total-PL5_F10_01 20200806_000170.raw	32724.456	81057.252	59907.2	6289.78	10072.456	3360.292	366152.54	593304.628	411458.884	77820.612	80549.972	24514.96	4724.208	13019.364	1117.528	1411.348	996.18	10235.544	78068.148	768.132	885.34	1536.076	1637.86	972.74	495.124	1166.58
aligned_38075IM5-Total-PL5_F11_01 20200806_000171.raw	480.2	714.524	690.82	515.764	908.056	799.012	10614.2	9905.172	3754.384	1676.948	1439.956	653.972	961.108	999.144	174.04	518.132	393.62	719.504	881.116	282.556	382.776	59.624	663.424	355.52	399.28	153.02
aligned_38075IM5-Total-PL5_G01_01 20200806_000173.raw	29591.16	54877.876	30780.916	6503.98	7398.588	2138.408	268283.864	471335.064	220102.296	41641.268	51606.772	11921.728	3461.676	5291.168	313.54	1001.26	549.032	8428.1	36505.5	377.5	676.872	761.352	1134.384	521.128	441.464	306.284
aligned_38075IM5-Total-PL5_G02_01 20200806_000174.raw	67813.304	118488.576	64461.816	15495.724	16035.372	4260.356	553999.024	942515.388	461770.732	93581.452	112197.192	25208.12	6609.636	11495.548	417.56	1455.68	916.116	19228.82	88325.968	852.852	1258.528	1827.568	1637.68	874.98	547.52	405.32
aligned_38075IM5-Total-PL5_G03_01 20200806_000175.raw	73879.72	124640.372	67401.076	16990.336	17057.56	3976.112	570323.964	970010.032	473233.516	97740.884	117688.416	26640.044	6963.628	12714.576	523.244	1678.76	876.184	19550.48	92801.208	910.848	1410.408	2043.884	1910.62	838.52	432.968	500.388
aligned_38075IM5-Total-PL5_G04_01 20200806_000176.raw	71792.916	119378.336	64009.032	16756.796	16628.344	3797.532	550554.184	922773.844	443061.752	93612.928	111476.016	24905.26	6881.616	12101.496	487.816	1320.384	725.76	18889.08	87947.876	1086.78	1372.984	1841.38	1486.572	712.86	380.192	478.12
aligned_38075IM5-Total-PL5_G05_01 20200806_000177.raw	50753.64	89972.992	49563.216	11215.772	11775.228	2827.12	419356.564	717620.08	335318.304	67840.508	83383.548	18519.572	4542.736	8157.476	294.12	964.68	481.32	13815.088	60554.9	635.28	863.252	1269.672	1118.76	469.06	325.248	296.296
aligned_38075IM5-Total-PL5_G06_01 20200806_000178.raw	13721.612	29717.58	20647.044	3092.656	4478.304	2872.308	389514.4	505285.736	247143.524	60035.94	56177.836	13487.596	4491.58	6124.712	706.952	2088.148	1319.388	11841.004	51564.2	939.512	1432.34	632.708	2625.836	1162.224	1420.952	650.26
																										
Absolute Intensity (Background Subtracted, 3+)	IgGI1H3N4	IgGI1H4N4	IgGI1H5N4	IgGI1H3N5	IgGI1H4N5	IgGI1H5N5	IgGI1H3N4F1	IgGI1H4N4F1	IgGI1H5N4F1	IgGI1H3N5F1	IgGI1H4N5F1	IgGI1H5N5F1	IgGI1H4N4S1	IgGI1H5N4S1	IgGI1H5N4S2	IgGI1H4N5S1	IgGI1H5N5S1	IgGI1H4N4F1S1	IgGI1H5N4F1S1	IgGI1H5N4F1S2	IgGI1H4N5F1S1	IgGI1H5N5F1S1	IgGI1H4N5F2	IgGI1H5N5F2	IgGI1H4N4F2S1	IgGI1H5N4F2S1
Fraction	0.978335887	0.973446769	0.967959697	0.972130484	0.966475822	0.960210759	0.973817224	0.968364975	0.962305248	0.966891046	0.960660177	0.953814889	0.96321064	0.956622851	0.979382475	0.954828344	0.981262795	0.957089849	0.982337811	0.975829405	0.981505389	0.977914576	0.954296081	0.981012967	0.950420079	0.979115684
Monoisotopic Mass	[830.3351937513213]	[884.3528081559174]	[938.3704218821171]	[898.0283205855271]	[952.0459343976877]	[1006.0635476331855]	[879.0211698342883]	[933.0387835681089]	[987.0563967221351]	[946.7142960846386]	[1000.7319093267096]	[1054.7495220706355]	[981.3846184674943]	[1035.4022314469785]	[1132.434040354303]	[1049.077744225187]	[1103.0953568211567]	[1030.070593143502]	[1084.0882056651824]	[1181.120014074212]	[1097.7637185238575]	[1151.7813307206313]	[1049.4178837699544]	[1103.4354960864405]	[1078.7565673671827]	[1132.774179489499]
alignedLin_38075IM5-Spike-PL4_F04_01 20200803_000068.raw	3888.74	690.76	1741.9	2726.576	2632.152	31728.98	1509.14	3018.76	2829.74	1406.784	361.264	1059.776	1859.1	2485.156	2365.62	1485.072	8461.756	1411.044	2131.4	299.212		1363.18	2140.208	7046.34	650.024	1831.8
alignedLin_38075IM5-Spike-PL4_H01_01 20200803_000091.raw	5780.94	2658.16	2023.056	2456.88	5642.508	11857.8	16703.996	23831.22	8104.92	9735.94	3104.504	6923.72	3922.68	4810.284	5751.66	5137.544	9601.624	5493.66	11506.668	2757.62	196.064	3598.16	6498.788	8716.76	2307.344	4464.2
alignedLin_38075IM5-Spike-PL4_H04_01 20200803_000094.raw	4317.58	945.64	1282.12	1436.212	4172.64	11670.76	3242.14	5915.18	3207.66	4000.828	1055.66	4546.62	2548.36	3026.452	3478.1	2190.968	4776.876	2126.648	2020.068	793.968		2143.06	3158.768	4411.12	1294.628	2781.4
alignedLin_38075IM5-Spike-PL5_A11_01 20200804_000015.raw	3714.948	379.26	11786.548	218865.628	2427.412	19872.092	4750.76	4863.592	4545.808	1134.7	407.392	627.252	437.56	1944.84	1220.04	603.32	6275.964	852.996	2845.344	341.74		526.3	888.552	5403.56	148	914.68
alignedLin_38075IM5-Spike-PL5_B11_01 20200804_000027.raw	3696.184	331.62	856.42	1326.056	6078.24	25924.636	4710.616	5082.6	6505.636	5000.016	213.076	18460.784	884.192	1239.684	885.28	607.968	6932.52	608.88	2294.992	314.66		624.92	909.824	5683.44	486.532	724.24
alignedLin_38075IM5-Spike-PL5_C03_01 20200804_000032.raw	4194.568	590.5	2474.38	858.06	5718.292	19838.58	4739.956	5983.976	6605.716	4487.676	449.144	9175.928		2885.836	829.72	630.964	5247.828	594.316	2259.884	410.928		554.82	953.768	4344.08	277.952	576.96
alignedLin_38075IM5-Spike-PL5_C10_01 20200804_000039.raw	3908.488	601.78	1722.68	1171.128	3072.34	29488.632	4562.384	5059.512	4587.692	4616.448	207.44	11727.44	1336.06	1974.516	646.86	504.284	7137.524	689.456	2576.66	85.936		580.78	860.164	5846.64	401.444	579.14
alignedLin_38075IM5-Spike-PL5_D01_01 20200804_000042.raw	4075.976	694.7	2906.828	1364.928	3354.236	23263	4634.988	5692.484	4666.104	3279.86	279.116	15342.288	138.704	2674.852	908.6	785.376	6224.492	873.152	2519.488	312.18		656.14	1129.388	5141.46	416.608	656.94
alignedLin_38075IM5-Spike-PL5_D09_01 20200804_000050.raw	3529.828	725.6	1149.232	1022.72	6117.244	23624.248	4620.668	5338.036	6586.92	5356.344	137.368	11658.916		1863.84	852.5	506.58	6445.632	750.392	2096.524	373.172		588.992	830.712	5369.76	422.996	718.76
alignedLin_38075IM5-Spike-PL5_D11_01 20200804_000052.raw	4077.996	782	865.28	895.7	1148.6	21211.948	3881.956	4716.748	2974.668	835.564	202.024	739.196	471.688	1635.304	887.76	580.432	5582.952	862.132	1934.168	94.34		532.68	888.488	4831.62	297.832	656.7
alignedLin_38075IM5-Spike-PL5_E04_01 20200804_000060.raw	4269.528	661.08	3542.948	970.316	4485.592	22783.712	4343.424	5340.876	5340.212	3143.756	101.008	5444.54		2644.728	843.28	581.716	6208.52	529.248	2263.872	214.404		566.58	912.58	4995.2	387.272	648.68
alignedLin_38075IM5-Spike-PL5_E09_01 20200804_000065.raw	2877.396	643.92	798.12	1234.828	4202.764	21819.772	4331.448	5097.588	4656.176	3931.872	178.772	19383.9	512.736	1411.512	861.52	501.492	5900.08	638.604	2106.312	193.332		395.656	743.74	4735	395.64	630.7
alignedLin_38075IM5-Spike-PL5_G02_02 20200804_000087.raw	3856.064	2258.14	1902.732	5366.16	4262.408	12826.392	4149.708	6425.82	5465.924	5034.404	616.64	5916.456		2024.264	889.88	656.208	3424.18	758.324	1731.372	390.66		587.16	934.036	2884.58	381.04	640.68
aligned_38075IM5-Spike-PL4_A01_01 20200803_000005.raw	72120.82	104235.768	55863.88	9315.592	19033.484	43173.932	1417820.976	1052262.448	321353.396	228372.856	128180.3	28548.656	3194.26	11720.212	1542.204	1742.944	10481.384	117615.748	317684.28	7231.944	4363.316	6571.592	1320.948	8529.94	951.576	1481
aligned_38075IM5-Spike-PL4_A02_01 20200803_000006.raw	68687.468	92193.264	40417.248	9645.66	17848.948	27244.048	1444495.748	1059198.948	328469.088	243685.74	136340.616	31474.432	5695.58	11148.644	1361.712	1405.188	6422.72	119707.684	322921.748	8870.704	5546.28	6170.284	717.736	5171.76	719.368	1360.04
aligned_38075IM5-Spike-PL4_A03_01 20200803_000007.raw	66744.22	85261.708	36132.588	10764.2	18067.916	24030.92	1416435.076	1010109.112	328099.856	276187.756	147212.084	31300.644	6121.36	10282.744	1382.216	1290.18	5513.696	114016.104	326435.28	8810.372	6237.42	6797.912	690.356	4513.68	497.692	1366.8
aligned_38075IM5-Spike-PL4_A04_01 20200803_000008.raw	138561.984	129148.988	56914.276	21960.116	27619.988	40007.16	1286530.164	1153170.904	387668.728	361790.9	198452.08	33782.188	8962.844	20651.316	2022.32	756.728	9408.636	173120.36	518763.54	18201.696	10298.4	9963.456	490.74	7637.34	756.204	1909.28
aligned_38075IM5-Spike-PL4_A05_01 20200803_000009.raw	134708.432	127545.564	61841.248	22416.616	28694.488	41406.292	1275612.248	1145821.628	383355.392	380511.408	206816.856	33706.936	8048.556	20658.892	2041.636	902.76	8995.52	172198.8	518654.444	18797.312	11385.284	9753.116	655.056	7392.82	993.356	2137.62
aligned_38075IM5-Spike-PL4_A06_01 20200803_000010.raw	11073.396	827.428	19245.264	334700.412	7655.696	29156.34	3795.16	6255.34	6614.72	2523.3	1247.532	11072.936	67.24	4504.94	4871.66	2247.328	12447.172	2098.996	5269.78	1261.896		2587.66	3300	11239.072	679.024	3589.3
aligned_38075IM5-Spike-PL4_A07_01 20200803_000011.raw	6694.44	1675.436	2932.672	5218.676	4641.66	49972.32	30844.528	13761.068	5262.908	9142.88	695.148	7918.584	1670.04	4390.26	4110.26	3355.8	13069.576	2017.764	4518.04	1816.68		3149.952	4372.736	10743.62	381.872	3305.46
aligned_38075IM5-Spike-PL4_A08_01 20200803_000012.raw	62346.384	96738.596	83328.2	6867.26	15110.268	27200.344	1058217.336	1926037.272	1103306.292	86219.984	152414.044	40891.932	5557.064	24026.3	1118.312	1709.944	6861.472	214828.876	1223410.2	38563.808	9575.636	16536.908	1510.784	5297.8	334.788	1258.832
aligned_38075IM5-Spike-PL4_A09_01 20200803_000013.raw	59181.876	92763.204	80205.836	7258.812	15283.404	26284.872	1038258.88	1833631.34	1036172.056	94457.08	159590.972	41168.516	6264.624	22725.06	787.376	1489.72	6472.216	201446.308	1115202.256	34643.8	9821.956	15723.888	1325.44	4986.78	273.652	1162.66
aligned_38075IM5-Spike-PL4_A10_01 20200803_000014.raw	55997.652	83514.644	68770.284	6740.084	14961.564	23151.164	1010894.7	1747631.34	969568.688	99613.704	166882.932	41135.432	6895.104	19461.98	993.304	1573.932	6053.052	187718.74	1008448.056	30029.924	9860.612	14421.348	1325.228	4610.42	438.36	1296.62
aligned_38075IM5-Spike-PL4_A11_01 20200803_000015.raw	194200.928	425479.652	317082.46	69711.116	131826.172	66475.868	1954454.3	3488247.276	2298768.704	700033.704	1144056.012	316827.068	26344.54	163625.048	30630.296	10302.82	13560.388	338834.948	2238639.2	82224.264	64741.3	128110.268	9682.316	11444.048		30794.68
aligned_38075IM5-Spike-PL4_A12_01 20200803_000016.raw	198671.996	424968.892	310069.724	70651.708	129434.872	67960.624	1964274.12	3508928.448	2309408.372	700854.58	1146505.292	313858.84	25471.82	162716.168	30398.788	10974.46	14670.68	340515.512	2246327.832	77139.88	62721.24	126188.876	10197.908	12366.352		30655.48
aligned_38075IM5-Spike-PL4_B01_01 20200803_000018.raw	31162.384	69576.24	53792.252	16598.296	12828.448	28741.736	1120690.128	1464968.78	594609.052	127638.456	159521.08	38470.804	12617.58	12767.84	3204.1	1154.612	7772.364	138367.604	504049.424	12113.356	5129.1	9334.788	1083.644	6335.98	749.848	2518.34
aligned_38075IM5-Spike-PL4_B02_01 20200803_000019.raw	31713.864	67223.64	48649.632	5454.608	13242.6	30894.112	1141800.956	1403143.952	558271.188	140188.032	154368.02	37117.588	9119.62	11170.884	3194.64	1405.076	8379.34	130731.896	475111.392	11242.1	5290.164	9094.276	961.144	6728.2	1057.92	2548.3
aligned_38075IM5-Spike-PL4_B03_01 20200803_000020.raw	26506.668	57413.748	41773.568	4916.924	13594.184	32785.76	1007916.232	1131435.5	467290.212	148618.256	132729.82	31133.404	4568.292	9617.1	3632.84	1640.26	8943.904	100781.312	387156.192	8529.08	3539.304	7721.616	1781.228	7432.9	1246.84	2809.34
aligned_38075IM5-Spike-PL4_B04_02 20200803_000101.raw	23579.824	75099.524	64477.316	5577.988	16419.576	40100.956	884877.64	974945.68	406018.504	135934.268	115852.08	29884.86	5239.792	9582.508	3925.68	2154.732	10474.144	85423.18	332899.14	7271.556	2384.6	6043.852	1850.656	9012.08	1102.444	3303.8
aligned_38075IM5-Spike-PL4_B05_01 20200803_000022.raw	20166.696	38412.912	26060.78	4101.2	11453.7	21184.492	783946.96	863750.48	370159.072	122749.036	104749.04	27605.492	3866.66	6960	3876.2	1735.708	5962.488	73189.308	296073.772	7176.628	2622.92	6146.048	1665.62	5015.26	810.776	3036.08
aligned_38075IM5-Spike-PL4_B06_01 20200803_000023.raw	51298.012	72561.46	46998.56	6411.492	14182.564	23325.572	1249276.064	1440017.908	576547.296	144020.452	156571.456	45565.436	6150.204	16071.952	1293.72	1715.676	6174.124	200559.064	723554.272	26442.732	9417.088	11699.572	697.184	5118.46	778.94	1535.9
aligned_38075IM5-Spike-PL4_B07_01 20200803_000024.raw	57240.848	89891.892	80719.588	6527.616	16805.044	54917.676	1289934.948	1465444.932	585656.288	158835.248	159354.62	44476.676	7806.592	19292.864	2408.088	2181.22	13989.252	200745.436	730595.944	24904.464	7430.516	12325.04	1548.644	11647.64	1783.892	2465.32
aligned_38075IM5-Spike-PL4_B08_01 20200803_000025.raw	25562.436	57705.524	46162.128	4351.084	14540.6	39277.74	897557.624	982244.316	414426.788	116791.728	89226.1	34054.072	2160.456	13163.796	3491.08	1910.388	10691.18	124877.528	492322.368	14878.564	3429.92	7284.756	2306.468	8978.02	1339.676	3277.9
aligned_38075IM5-Spike-PL4_B09_01 20200803_000026.raw	24428.924	54219.984	52441.636	4258.388	14206.992	61452.424	833267.956	892863.572	369988.436	118276.672	79939.42	28779.544	4393.572	14234.1	5222.82	2935.828	15832.468	109911.9	433301.924	12347.292	1555.648	7650.208	3768.172	13234.14	1852.06	4596.78
aligned_38075IM5-Spike-PL4_B10_01 20200803_000027.raw	6207.86	574.42	1645.38	1476.292	4345.732	17385.6	2425.82	5168.44	2955.16	1775.036	775.2	1648.696	2548.18	3564.66	4207.66	2193.74	5205.124	2188.836	1868.46	993.572	86.92	2264.22	3306.476	4662.36	1304.828	3382.94
aligned_38075IM5-Spike-PL4_C01_01 20200803_000029.raw	10970.964	34938.668	62798.88	5153.34	11420.608	62783.448	728480.556	1274532.78	551385.444	83487.496	143274.92	35700.044	10329.644	12600.248	4122.26	3578.46	15900.14	155100.376	645212.804	18260.008	4977.256	10807.072	4356.556	13031.56	1140.088	3157.6
aligned_38075IM5-Spike-PL4_C02_01 20200803_000030.raw	12190.396	31059.18	61012.692	4479.964	12322.596	61372.268	692352.088	1202714.752	520356.164	91108.424	149068.7	39445.384	9181.312	12320.588	4957.96	3453.252	14219.172	142515.956	604153.228	17272.116	5280.584	10602.908	4545.408	11577.7	1340.212	3579.08
aligned_38075IM5-Spike-PL4_C03_01 20200803_000031.raw	10971.176	29692.824	64129.94	4314.98	13590.424	59466.472	643721.692	1089702.944	541984.616	131031.592	183889.06	43526.472	2403.876	10655.02	4520.9	2909.828	14780.416	123759.436	633518.704	18014.028	6946.844	12970.968	3522.896	11840.54	1080.308	3378.2
aligned_38075IM5-Spike-PL4_C04_01 20200803_000032.raw	8660.076	26179.924	34037.48	3399.576	13502.432	23718.868	635836.14	1061097.724	560321.464	132171.148	202351.5	48398.14	1976.988	8540.116	2787.22	2416.528	5959.516	124279.976	635072.392	18668.216	9966.46	12431.452	2268.184	4827.58	359.492	1959.84
aligned_38075IM5-Spike-PL4_C05_01 20200803_000033.raw	12661.952	30765.084	73674.092	5189.876	16090.776	64050.628	639142.236	1062019.484	563739.076	156653.18	204837.9	50112.372	2214.084	12230.372	4847.8	3494.008	15362.036	119263.824	632001.564	17117.064	7237.212	13994.76	4013.656	12669.72	1120.504	3832.92
aligned_38075IM5-Spike-PL4_C06_01 20200803_000034.raw	18642.084	28836.568	39773.772	3205.66	12652.34	59155.88	473607.036	808635.088	350720.456	83809.368	94657.52	28393.096	12514.8	12587.632	4710.72	2915.76	16529.364	107619.796	458257.828	13241.3	3262.576	9565.888	4393.464	13626.86	2179.056	4256.2
aligned_38075IM5-Spike-PL4_C07_01 20200803_000035.raw	13849.324	30020.36	36359.416	3116.7	11316.592	40454.668	511515.908	863191.168	388427.284	63712.584	110715.78	32601.724	17999.66	11046.788	4319.74	1873.704	11641.448	117547.932	496053.42	14699.96	5024.584	9522.1	2625.564	9700.48	1370.268	3720.52
aligned_38075IM5-Spike-PL4_C08_01 20200803_000036.raw	13348.236	28767.4	31981.464	2684.828	11748.148	29860.756	489077.068	838895.572	371141.496	71317.34	124947.02	35062.06	6184.524	10686.684	4663.1	1678.792	8358.148	113388.304	474568.376	14585.384	6914.18	10091.148	2087.652	7048.66	1431.04	3801.72
aligned_38075IM5-Spike-PL4_C09_01 20200803_000037.raw	8477.12	1047.888	2188.22	2252.984	5239.808	35903.58	2505.22	5854.9	4536.996	2681.88	456.332	2351.084	3062.02	4624.42	5872.88	3395.464	11028.264	2968.256	2737.504	1402.112		2862.88	4907.12	9397.98	1845.824	4564.32
aligned_38075IM5-Spike-PL4_D01_01 20200803_000039.raw	21788.868	41777.936	42240.736	4684.712	16080.968	31768.652	930537.464	1348925.524	741431.612	194366.144	250735.62	61087.44	1250.608	9874.644	2182.408	2541.764	7926.916	157251.952	761064.548	21765.404	13212.544	17642.736	2313.424	6510.34	625.392	2519.44
aligned_38075IM5-Spike-PL4_D02_01 20200803_000040.raw	7224.348	1217.84	2026.18	2133.324	7233.84	20748.72	2817.24	5455.46	4909.488	1716.288	1028.324	8488.72	1379.388	4437.06	5499.22	2883.28	6860.068	2445.608	2148.14	1364.648		2800.88	4107.424	6114.36	1476.492	4290.96
aligned_38075IM5-Spike-PL4_D03_01 20200803_000041.raw	156418.584	184211.552	95643.36	11689.416	19560.872	50248.884	732892.772	1204262.836	523496.092	87560.584	125759.48	32186.924	18788.56	37651.516	4838.46	2734.26	13883.168	127577.144	493408.144	13050.024	3181.6	9299.876	2875.768	11555.1	1690.42	4052.54
aligned_38075IM5-Spike-PL4_D04_01 20200803_000042.raw	136151.284	161713.444	70921.556	11295.256	17628.736	22387.848	682172.82	1084519.16	470690.672	83722.944	117702.76	30059.736	21804.992	31849.684	3705.26	2329.268	6901.968	115806.284	439589.588	11509.488	4322.268	8200.38	2173.752	5889.28	1079.788	3164.76
aligned_38075IM5-Spike-PL4_D05_01 20200803_000043.raw	122808.38	142771.816	61114.304	9905.004	16083.796	23458.964	615804.848	969439.336	416594.344	75850.092	104099.68	26216.624	20402.476	28633.636	4317.9	2106.26	7419.068	102238.26	380350.308	9833.94	3306.072	7007.644	1968.728	6329.4	953.668	3438.34
aligned_38075IM5-Spike-PL4_D06_01 20200803_000044.raw	110594.22	130250.188	56759.716	31844.548	15212.036	18436.732	588807.284	913066.672	384082.116	72703.392	98671.7	25159.86	17109.736	26116.508	3900.48	2052.396	6190.548	94650.916	350566.6	9482.032	3180.884	6506.16	2039.34	5396.34	987.588	3016.08
aligned_38075IM5-Spike-PL4_D07_01 20200803_000045.raw	104602.94	125043.616	53722.288	8358.244	14477.348	18590.596	569264.404	872087.516	362961.748	72339.336	94359.88	23058.592	15074.192	25451.08	4101.4	2259.384	5826.984	90699.22	329011.536	8755.384	3011.292	6385.208	2191.456	5062.58	841.068	3271.32
aligned_38075IM5-Spike-PL4_D08_01 20200803_000046.raw	43261.872	89675.7	66768.604	6904.764	19521.216	41345.08	1223541.536	1207241.792	540691.176	193679.044	154140.2	40971.552	9175.14	22530.876	3880.54	1515.04	11294.64	158400.32	586289.172	18338.4	6197.88	10758.492	1738.58	9490.7	1260.736	3346.62
aligned_38075IM5-Spike-PL4_D09_01 20200803_000047.raw	94923.42	125815.96	66336.844	8260.56	17725.436	28012.216	1302946.516	1339378.848	459651.832	117749.484	121003.4	36953.488	26325.48	24871.292	4637.36	1739.024	7761.744	186268.628	530478.076	18087.104	6497.32	9238.24	1244.98	6424.02	1217.7	3616.16
aligned_38075IM5-Spike-PL4_D10_01 20200803_000048.raw	94489.12	133385.86	82035.38	9145.128	19043.356	41452.892	1484995	1483366.064	496242.348	135525.84	131549.42	41542.676	22281.18	25702.556	4810.52	1783.54	11600.888	207374.152	557515.504	18766.872	5974.26	10294.256	1723.724	9730.42	1607.356	3721.94
aligned_38075IM5-Spike-PL4_D11_01 20200803_000049.raw	80214.328	106973.832	56922.184	8228.344	18641.484	22009.688	1388186.244	1382602.404	474779.952	127015.156	132359.08	39302.272	11579.164	20493.588	3766.92	1663.716	5574.584	187560.764	516104.268	18375.332	6673.46	9829.788	1118.176	4835.68	841.024	3037.84
aligned_38075IM5-Spike-PL4_D12_01 20200803_000050.raw	56369.772	87917.228	60523.24	8946.496	18721.808	27421.024	1322485.176	1566037.072	631645.672	168339.216	237287.028	52695.296	6695.384	21373.86	1855.004	1705.572	6266.856	200055.94	665088.68	21259.848	13217.732	16004.576	1366.324	5219.74	690.208	1507.38
aligned_38075IM5-Spike-PL4_E01_01 20200803_000055.raw	11326.504	35160.712	69494.276	2084.4	13101.768	36846.472	314847.492	1524510.764	1354355.616	42949.54	247616.04	94257.604	5154.76	19129.32	4368	2809.096	11082.032	147311.692	1574965.424	60079.816	16920.964	31878.28	2428.928	8876.9	588.904	3343.7
aligned_38075IM5-Spike-PL4_E02_01 20200803_000056.raw	10540.4	30759.18	62313.22	3053.744	13898.12	36289.26	462670.908	1501781.836	1210150.276	75196.82	249045.66	86997.748	4822.948	15121.444	4528.44	2832.36	10414.168	153399.656	1377091.592	50861.864	14954.352	27723.284	2104.972	8576.48	541.252	3609.82
aligned_38075IM5-Spike-PL4_E03_01 20200803_000057.raw	4771.94	650.9	1124.164	1396.22	3914.28	21280.94	2815.24	5352.74	3891.416	3238.12	465.488	7428.1	1504.256	2730.668	3006.22	1825.116	6858.312	1773.056	2151.54	807.04		1751.74	2858.688	6140.8	980.792	2355.2
aligned_38075IM5-Spike-PL4_E04_01 20200803_000058.raw	7464.66	1133.12	2590.336	26898.316	6177.3	45997.66	2879.62	6025.9	4542.4	11012.812	541.248	10632.848	1974.34	4744.468	5257.74	2947.232	14051.596	2806.748	3486.972	711.804		2869.02	4442.028	12410.9	1687.42	4275.28
aligned_38075IM5-Spike-PL4_E05_01 20200803_000059.raw	4295.88	543.04	991.4	1437.02	4885.608	12994.36	2566.508	4419.42	2476.276	4265.964	676.024	11688.772	1821.488	2559.092	3037.78	1816.092	4394.472	1790.48	1208.868	787.892		1688.72	2744.604	4096.82	965.696	2468.84
aligned_38075IM5-Spike-PL4_E06_01 20200803_000060.raw	3851.7	400.34	692.616	1079.46	3897.58	7704.6	2157.36	3603.26	2492.908	2890.68	638.548	13631.548	1579.452	2248.344	2931.46	1514.8	3079.684	1506.96	947.14	600.764	65.992	1604.36	2204.708	3055.64	814.34	2471.34
aligned_38075IM5-Spike-PL4_E07_01 20200803_000061.raw	27530.276	69765.8	58404.044	4838.212	12509.152	34331.168	990659.768	1403547.856	580700.712	102452.216	146306.56	39262.612	7756.48	12297.6	2815.48	976.176	8697.336	130186.44	482916.892	10925.928	4148.24	8433.676	571.576	7578.32	1170.512	2319.58
aligned_38075IM5-Spike-PL4_E08_01 20200803_000062.raw	12319.708	28498.424	30501.828	2252.56	11029.616	25990.756	483788.004	836386.528	371057.12	84681.624	142938.244	39842.096	8578.84	10122.144	3042.82	1347.348	6546.912	114604.216	485708.548	15062.624	9329.652	10723.832	1183.436	5820.58	893.856	2602.02
aligned_38075IM5-Spike-PL4_E09_01 20200803_000063.raw	64435.3	94758.468	57453.896	6297.056	14545.052	22351.48	1266852.1	1323568.6	560587.992	135518.572	163264.288	45095.02	7482.64	18508.312	1278.592	1171.164	5369.3	164027.168	563654.936	17035.44	8638.08	11021.432	467.684	4668.96	682.748	1579.92
aligned_38075IM5-Spike-PL4_F01_01 20200803_000065.raw	225413.924	239739.98	73430.672	11145.072	13323.676	28405.612	620148.212	889454.424	266995.412	40812.996	65344.62	16028.976	30009.38	46734.216	3390.176	1675.808	7762.86	132383.044	320157.54	11431.968	3116.54	5676.404	2037.412	6328.24	108.648	3120.64
aligned_38075IM5-Spike-PL4_F02_01 20200803_000066.raw	172921.624	190715.66	66349.58	9097.492	13172.128	25334.668	569331.932	796992.288	264485.28	39911.584	66539.92	19105.068	25599.696	40402.724	3080.808	1248.008	7102.732	113675.8	295032.48	10136.324	3156.88	5902.412	1565.096	5829.56	254.764	2585.672
aligned_38075IM5-Spike-PL4_F03_01 20200803_000067.raw	3623.44	759.72	1798.36	1255.1	6121.664	14601.02	1946.784	4113.64	4753.6	965.376	435.052	12289.024	861.104	2737.412	1898.86	1260.748	4092.228	1348.344	1017.144	344.28		1260.6	1926.912	3644.14	806.556	1451.06
aligned_38075IM5-Spike-PL4_F05_01 20200803_000069.raw	127975.132	295707.144	147826.268	5563.564	17324.432	46319.392	137790.232	500572.984	308232.384	19425.132	34557.84	18166.132	29777.54	100677.372	5056.14	1211.632	11748.48	59963.456	335796.16	12906.62	405.312	4233.172	1682.5	9516.92	669.388	4690.196
aligned_38075IM5-Spike-PL4_F06_01 20200803_000070.raw	185251.508	381537.852	171102.204	8440.712	24316.616	26909.532	265820.336	814739.336	455739.688	20644.444	71485.8	30802.94	42332.58	122651.4	6031.536	568.268	6635.024	100245.496	499030.344	19744.24	4090.668	7196.452	706.572	5473.66	376.748	5748.028
aligned_38075IM5-Spike-PL4_F07_01 20200803_000071.raw	84291.736	278677.216	158415.412	4488.7	9516.952	45222.496	151153.788	722202.372	449081.356	11759.288	41083.476	12983.28	29453.016	114427.456	4554.564	2587.84	11736.696	100541.344	587081.16	22681.772	1643.428	5638.592	1788.392	8968.64	16.196	4403.324
aligned_38075IM5-Spike-PL4_F08_01 20200803_000072.raw	26137.672	63416.988	46692.628	3166.548	10442.672	30526.768	936773.688	1208796.744	458092.384	87016.296	103781.88	30133.28		13566.172	1605.68	722.968	7449.528	163407.88	538856.04	15897.028	5168.876	7192.396	92.572	6046.18	294.804	1362.78
aligned_38075IM5-Spike-PL4_F09_01 20200803_000073.raw	4133.564	5136.512	4204.088	2087.248	2508.364	17307.344	2195.868	8126.336	8173.16	584.448	172.744	5528.464	175.472	3160.18	854.1	565.228	4435.968	848.88	5855.068	190.608		592.512	879.884	3698.66	324.26	728.68
aligned_38075IM5-Spike-PL4_F10_01 20200803_000074.raw	162294.864	152341.96	63199.384	75808.044	35429.812	30927.232	1333471.464	1274078.52	406470.352	263301.832	178805.648	34814.276	5846.16	28779.268	4483.72	2672.08	15150.228	217752.288	568355.004	22804.656	8336.772	12231.18	3477.2	13000.7	1349.456	3341.06
aligned_38075IM5-Spike-PL4_F11_01 20200803_000075.raw	20800.328	48281.772	47076.128	15425.896	5531.772	61792.132	334176.532	788349.88	342774.656	21181.344	51097.516	15305.26	5633.428	15198.1	966.916	3386.72	19464.504	105487.852	424209.392	12620.908	206.964	4992.424	2028.72	14274.476		520.856
aligned_38075IM5-Spike-PL4_F12_01 20200803_000076.raw	18726.824	37269.556	37239.544	4197.564	11448.36	29760.14	872088.416	1275357.408	709756.408	180773.16	236635.06	52115.928	5096.98	7952.772	426.516	568.636	5932.076	147202.324	721496.352	19706.36	13444.86	14616.524	320.384	4505.4		668.96
aligned_38075IM5-Spike-PL4_G01_01 20200803_000078.raw	155454.908	199354.904	75547.62	13845.46	19241.084	24826.888	571091.44	961365.712	388106.188	53239.54	118423.732	33808.536	26035.516	46643.6	1899.8	209.5	7065.04	126495.78	431038.304	14380.396	5060.18	8304.912	45.02	6079.956		1873.6
aligned_38075IM5-Spike-PL4_G02_01 20200803_000079.raw	139589.012	180545.68	71313.852	10190.468	19241.16	25809.176	579216.508	992732.888	401068.452	59536.544	129273.328	39738.888	24242.72	41969.28	2002.652		5586.108	129551.976	455495.488	15135.216	7050.736	8553.488		4390.34		1777.432
aligned_38075IM5-Spike-PL4_G03_01 20200803_000080.raw	6245.42	12272.96	8067.828	1259.476	1821.004	9602.7	38108.088	160138.096	94559.7	3385.632	10209.96	5908.316	2250.132	4865.168	907.24	611.516	2488.536	16208.828	89260.744	2315.724	137.56	1753.672	865.44	1975.26	207.396	780.36
aligned_38075IM5-Spike-PL4_G04_01 20200803_000081.raw	20209.648	23642.64	20308.804	4318.24	10794.148	18380.64	574139.388	931141.504	534411.228	131787.612	173395.824	48171.904		5180.92	836.82	29.944	3839.928	81233.312	441241.404	8204.268	6784.656	8215.232		3027.38		714.62
aligned_38075IM5-Spike-PL4_G05_01 20200803_000082.raw	36561.616	74409.108	32503.824	13737.956	33032.172	27974.644	1743201.764	1053952.96	411646.436	673514.9	297191.936	52987.728	2457.624	9618.504	487.804	367.68	5203.64	148240.156	478275.196	12670.036	19953.996	11905.088		4199.28	144.004	607.664
aligned_38075IM5-Spike-PL4_G06_01 20200803_000083.raw	28372.9	52005.092	36299.032	3845.908	14635.736	37077.212	940848.228	896888.128	390702.472	157140.024	122055.16	30557.62	1798.044	8584.784	636.104	71.72	7828.98	103020.408	402053.472	10127.528	5030.256	6550.404	18.668	6190.76	486.528	683
aligned_38075IM5-Spike-PL4_G07_01 20200803_000084.raw	9074.42	34420.448	36196.66	3124.952	21099.516	67784.044	747300.4	825882.708	306582.436	303207.604	246284.168	38679.504	1913.856	7380.296	1741.08	475.972	14008.028	104942.236	380191.556	9647.228	9700.94	10273.688	470.184	11283.36	611.432	1529.64
aligned_38075IM5-Spike-PL4_G08_01 20200803_000085.raw	37477.048	76565.62	50727.456	3619.576	14200.852	32624.396	243889.608	691279.316	544755.664	55631.54	142299.024	51685.404	6973.18	34480.06	1248.26	167.672	7452.56	81460.344	665552.948	21646.764	8304.668	12273.944	35.852	5623.7		1505.48
aligned_38075IM5-Spike-PL4_G09_01 20200803_000086.raw	68787.412	116339.988	88071.3	16317.48	27867.976	48594.908	591201.444	1039056.368	716656.344	160950.324	243091.404	65343.948	12300.644	36168.8	2017.224	610.228	9891.832	121391.36	786773.976	24237.504	13079.728	17011.848	108.576	7524.62	331.852	1975.604
aligned_38075IM5-Spike-PL4_G10_01 20200803_000087.raw	31872.94	69313.728	62774.224	4919.692	11493.624	35302.28	892626.016	1416142.172	753667.208	100408.484	139690.736	48860.392	5164.64	14662.512	645.864	1863.652	8155.888	175335.136	845862.06	23654.012	7621.052	11219.872	1086.484	5785.492		600.04
aligned_38075IM5-Spike-PL4_G11_01 20200803_000088.raw	154350.956	204306.44	86088.14	16634.128	32807.6	31926.34	712952.96	1198724.72	503322	80568.364	167567.36	52472.788	32323.144	52834.24	4674.38	2870.844	14733.616	172153.532	623562.06	24818.62	7550.252	13421.44	3111.356	11778.1	1181.212	3604.824
aligned_38075IM5-Spike-PL4_G12_01 20200803_000089.raw	159737.088	207238.104	82919.056	10645.3	19812.828	24138.924	565354.496	951220.932	385029.792	55894.584	114344.676	30469.196	24249.036	47553.368	1728.516	46.18	5548.2	123934.012	420443.036	14424.76	6133.936	7957.1	5.144000001	4181.4		1612.52
aligned_38075IM5-Spike-PL4_H02_01 20200803_000092.raw	6799.38	2859.78	2763.404	3379.08	6551.08	47695.04	31688.032	16001.144	5491.16	12366.66	2220.572	12196.996	4402.94	5370.236	6062.94	3977.388	16832.868	5102.272	5279.44	3466.648		4198.772	5816.324	14447.44	1566.544	4677.06
aligned_38075IM5-Spike-PL4_H03_01 20200803_000093.raw	80687.256	98358.884	67950.848	13061.952	23563.156	30833.552	1213607.076	1786231.028	997389.732	73290.116	104830.14	32420.636	2569.708	25326.688	1721.436	2793.288	14259.396	225556.388	1235177.924	45609.668	6231.608	15681.892	2687.244	10923.152	967.54	1190.24
aligned_38075IM5-Spike-PL4_H05_01 20200803_000095.raw	4302.98	586.04	1139.304	1390.06	3436.36	27751.46	2248.88	4216.62	3041.76	4525.884	666.652	3248.24	2097.02	2347.084	3280.04	2062.34	7863.864	1869.548	1831.508	711.52		1716.44	3083.204	6833.48	1108.532	2591.58
aligned_38075IM5-Spike-PL4_H06_01 20200803_000096.raw	3472.48	773.4	1331.86	1140.52	2761.508	18149.48	2152.74	4218.9	2752.36	2234.848	695.28	3121.816	1890.34	2049.008	2615.72	1670.16	5713.14	1582.304	1471.18	584.86		1524.5	2475.076	4959.98	815.384	2056.76
aligned_38075IM5-Spike-PL4_H07_01 20200803_000097.raw	4829.6	992.42	2898.52	3063.876	6523.908	30544.78	3042.1	4008.84	4830.312	3413.628	599.764	30446.024	2184.556	3118.408	3249.18	2125.132	9059.716	1965.264	1318.008	516.808		1818.66	3047.632	7833.8	1432.084	2558.68
aligned_38075IM5-Spike-PL4_H08_01 20200803_000098.raw	3915	595.16	1694.06	17376.092	3521.4	16237.9	2261.34	3864.58	2357.912	2043.36	802.068	7480.356	2930.496	2350.568	2885.16	1681.352	5434.008	1777.332	1340.28	550.62		1524.5	2477.592	4829.84	963.616	2293.74
aligned_38075IM5-Spike-PL4_H09_01 20200803_000099.raw	28736.872	78372.264	52809.512	22950.516	10673.38	40622.892	1319338.92	1132448.02	224473.312	79883.752	53698.28	11923.364	2197.336	12275.396	3733.52	1757.172	11768.364	206610.928	311707.36	11830.648	2228.976	4575.584	2457.536	9895.28	945.488	3064.26
aligned_38075IM5-Spike-PL4_H10_01 20200803_000100.raw	456160.488	543022.248	210344.192	32064.776	48254.512	47679.204	1048634.168	1675733.676	636835.68	115445.088	230716.5	43266.232	72761.472	153676.6	8416.892	2268.18	12299.788	328645.192	996331.836	50711.16	21610.152	22502.796	2160.708	9899.38	945.48	7754.584
aligned_38075IM5-Total-PL4_A01_02 20200805_000111.raw	63306.76	132733.764	52399.984	24528.12	25066.308	8905.948	3091669.62	1969372.668	543188.976	462694.928	246256.224	54207.48	3157.256	12007.952	602.912	1027.108	2564.808	266115.656	520219.784	14977.444	16357.924	14290.996	235.208	1831.492	222.656	603.284
aligned_38075IM5-Total-PL4_A02_01 20200805_000112.raw	78361.116	154538.416	61538.864	30270.468	30664.964	10646.492	3584878.184	2255257.172	652336.76	574703.896	301476.488	74461.272	4382.372	14257.196	1093.16	1051.372	3271.584	318796.22	653815.42	20595.496	21519.892	20892.028	234.892	2362.264	411.744	1083.876
aligned_38075IM5-Total-PL4_A03_01 20200805_000113.raw	71095.156	145829.628	56068.696	29247.052	31445.732	10397.564	3247219.652	2044391.856	615010.352	585553.024	310328.18	68579.356	3560.32	13792.408	991.28	906.476	2797.84	280518.52	607636.36	19092.072	20708.712	19512.712	233.328	1926.088	285.068	896.292
aligned_38075IM5-Total-PL4_A04_01 20200805_000114.raw	73225.604	105882.42	60378.828	25468.36	29475.432	14304.356	1771275.968	1963367.852	730305.736	409861.208	440531.34	75118.196	7153.54	23284.864	3379.98	2171.772	4121.632	289187.244	869022.032	28125.772	30831.916	29854.588	1343.52	3089.176		3380.58
aligned_38075IM5-Total-PL4_A05_01 20200805_000115.raw	59682.992	84404.936	47790.296	19565.2	24909.708	11250.756	1517949.72	1717420.208	641875.72	357290.452	398844.704	69405.576	5921.272	20141.684	3562.2	2329.824	3642.576	242971.376	740756.368	20939.616	26062.956	25040.344	1723.812	2704.08		3595.4
aligned_38075IM5-Total-PL4_A06_01 20200805_000116.raw	38797.78	90624.992	74354.26	16398.896	29631.544	15501.728	714003.096	1282211.756	773858.068	232451.804	399739.696	97699.208	5399.58	41678.668	5112.104	2047.104	4030.86	123857.38	735302.256	17265.232	21393.172	27188.164	1485.472	3130.176		5123.34
aligned_38075IM5-Total-PL4_A07_01 20200805_000117.raw	22236.38	61756.536	25201.052	10729.8	15757.796	5991.512	1505582.668	1036168.504	222082.748	292465.792	190998.888	25819.824	1477.72	6735.444	784.284	438.636	1218.376	143466.464	223967.788	6215.244	12235.36	7880.792	213.652	995.044	192.604	699.376
aligned_38075IM5-Total-PL4_A08_01 20200805_000118.raw	220457.448	351192.34	220584.508	72739.956	47832.264	24781.508	3339916.724	3466966.112	1451140.172	480136.084	520753.232	112124.348	14094	114004.324	5820.332	2797.66	5269.904	456914.4	1645541.884	61184.88	35762.452	69137.088	1315.9	3207.032	79.284	6022.328
aligned_38075IM5-Total-PL4_A09_01 20200805_000119.raw	149408.932	255460.084	161325.152	50810.612	36405.508	19370.92	2393633.084	2559637.156	1058712.524	350495.904	399537.748	76163.612	10662.5	84039.408	3735.904	1729.7	4453.088	312758.584	1091964.776	34441.068	26109.448	34660.568	974.56	3019.236		3712.064
aligned_38075IM5-Total-PL4_A10_01 20200805_000120.raw	192895.876	302676.804	190220.296	58776.016	45347.652	22687.188	2832729.648	2969018.604	1241542.444	446679.032	493147.58	97802.24	12370.18	100625.744	4841.188	2369.096	4606.896	377398.792	1328743.424	44257.72	31662.716	50812.84	1233.772	2896.716	133.028	4940.824
aligned_38075IM5-Total-PL4_B01_01 20200805_000122.raw	128894.748	167223.268	75047.092	36499.424	31467.824	11468.028	2828088.76	2220964.288	769939.068	537764.94	351505.7	60743.004	5793.94	25373.112	1001.3	725.6	2152.448	247220.972	678429.952	16581.688	17623.156	19609.376	227.464	1430.972	278.696	1085.004
aligned_38075IM5-Total-PL4_B02_01 20200805_000123.raw	129125.344	162055.18	71702.392	35160.728	30880.316	10383.764	2697342.052	2076004.348	712908.364	534245.712	336647.604	55886.028	5905.096	26312.34	1043.896	1157.248	2382.304	228954.248	625856.504	14960.64	16900.076	17511.74	435.504	1664.592	384.02	1112.884
aligned_38075IM5-Total-PL4_B03_01 20200805_000124.raw	126982.292	151204.028	68027.212	31469.908	29017.056	9362.544	2320153.664	1787687.78	641777.204	495753.84	319247.904	49778.712	6167.336	31099.264	1163.244	1055.712	1994.28	188786.564	554351.252	11740.988	15391.78	14317.832	545.176	1496.952	65.224	1184.72
aligned_38075IM5-Total-PL4_B04_01 20200805_000125.raw	119795.628	139865.768	62870.432	30146.236	26748.644	8662.136	2091312.812	1630998.884	580602.8	448890.068	298041.028	43922.184	6358.56	29134.128	1406.788	939.384	1853.212	164894.284	480307.596	9359.04	13777.716	12023.46	508.14	1351.576	181.236	1358.58
aligned_38075IM5-Total-PL4_B05_01 20200805_000126.raw	131349.436	159151.736	70607.464	31539.684	31631.232	9840.036	2082423.152	1648067.208	588334.596	464951.908	312507.188	46480.564	6694.472	31094.168	1301.78	1086.78	1550.836	167358.6	487230.516	11368.396	14794.468	12970.968	579.956	1105.38	190.264	1288.028
aligned_38075IM5-Total-PL4_B06_01 20200805_000127.raw	147316.168	181529.444	97862.664	26674.616	28585.444	10915.036	2515795.06	2227730.62	916600.58	456068.708	336476.468	61154.256	12264.632	61505.264	5348.34	1739.316	3724.844	324918.472	1162211.06	45638.672	26311.368	26311.356	871.56	2616.336	219.252	5467.568
aligned_38075IM5-Total-PL4_B07_01 20200805_000128.raw	141307.676	176201.408	99717.308	28034.736	29093.836	11711.436	2563130.324	2259743.384	937868.456	479203.488	349506.056	64317.884	11725.076	61294.96	5193.692	1898.908	3931.656	334592.292	1198054.06	47295.636	26964.268	28242.692	851.212	2755.78	477.752	5396.704
aligned_38075IM5-Total-PL4_B08_01 20200805_000129.raw	152320.156	153542.496	61736.62	33772.908	29393.204	7941.436	2072055.94	1503793.976	493362.688	436907.3	247582.396	39316.132	10300.432	35032.512	2419.048	1596.516	2056.24	187497.664	499348.316	12775.56	14210.944	11988.476	983.856	1534.572	44.416	2448.684
aligned_38075IM5-Total-PL4_B09_01 20200805_000130.raw	190063.612	199441.864	82814.668	44959.028	40885.348	11380.688	2453788.992	1810195.172	624046.872	555019.768	320211.672	53960.956	12263.768	47303.048	3285.768	2609.436	2830.72	242601.168	674804.636	20398.256	20148.62	18704.668	1815.616	2131.376	24.82	3275.588
aligned_38075IM5-Total-PL4_B10_01 20200805_000131.raw	2803.616	466.56	634.132	495.564	951.156	1154.936	6623.984	5822.568	1797.824	1154.76	694.7	386.504	533.02	559.912	843.84	571.02	764.964	869.72	1192.104	264.392	90.484	518.4	812.784	709.06	276.392	706.12
aligned_38075IM5-Total-PL4_C01_01 20200805_000133.raw	11993.448	60502.916	50148.324	7869.848	14607.416	11105.384	1410900.432	1595513.224	713530.504	218942.032	307947.964	70284.86	567.004	15995.564	1908.92	887.18	2717.092	177676.256	707854.472	17107.824	16262.38	19998.572	652.552	2010.664	23.772	1832.84
aligned_38075IM5-Total-PL4_C02_01 20200805_000134.raw	13878.724	62996.608	52725.908	9367.768	17096.956	11651.852	1648608.172	1789218.212	785996.612	302788.048	385958.896	84676.84	855.4	19607.296	1757.344	807.016	3194.196	208878.972	810622.84	18460.136	21214.248	25327.624	464.808	2337.78		1688.668
aligned_38075IM5-Total-PL4_C03_01 20200805_000135.raw	19666.796	86925.528	63938.516	14140.02	27633.94	17014.784	2123353.012	2132987.6	891631.256	539831.276	537768.296	105633.704	1171.36	21413.984	2109.704	1115.172	3794.344	261303.192	930652.588	25581.344	31440.508	34455.036	568.592	2788.112		2342.4
aligned_38075IM5-Total-PL4_C04_01 20200805_000136.raw	22900.308	89959.268	67968.376	16063.16	29909.704	18210.7	2395227.84	2371274.108	1009760.76	659706.184	630438.96	124026.708	1908.98	24235.704	2342.06	1315.6	3982.98	300987.996	1078090.624	26511.568	37999.372	43208.752	644.7	2739.748		2456.092
aligned_38075IM5-Total-PL4_C05_01 20200805_000137.raw	23767.204	104711.472	73275.712	15803.244	35597.372	20657.872	2286447.96	2271818.784	963311.44	658329.864	628041.96	120541.524	1922.16	25402.904	2752.14	1432.396	3977.284	277783.136	1003386.024	28146.864	36779.552	40631.628	662.24	2836.712		2864.344
aligned_38075IM5-Total-PL4_C06_01 20200805_000138.raw	130291.548	191579.124	92745.276	21838.456	27855.02	9438.508	1630694.512	1549481.348	546602.724	262430.128	252905.552	42833.34	13185.712	61752.424	2452.52	588.204	2473.884	225886.076	667434.82	20188.936	18791.348	15723.508	441.74	1733.692	241.08	2364.236
aligned_38075IM5-Total-PL4_C07_01 20200805_000139.raw	100317.64	151290.22	76810.924	18384.396	22799.148	8389.632	1506048.892	1428566.468	526738.4	246077.9	239188.688	41426.984	11276.54	53488.312	2055.124	832.34	2512.184	203991.588	629943.464	18829.596	17193.032	13813.024	552.212	1744.652	312.772	2009.86
aligned_38075IM5-Total-PL4_C08_01 20200805_000140.raw	150642.096	215506.632	112188.348	28506.48	35103.664	12480.34	1919371.292	1836497.352	720028.348	359018.264	339087.256	61488.952	16423.24	83585.936	2593.24	1410.516	3534.244	284240.532	918589.128	26093.5	26829.632	23744.74	645.66	2326.96	206.624	2595.472
aligned_38075IM5-Total-PL4_C09_01 20200805_000141.raw	2896.956	886.16	783.26	495.596	1139.856	1135.072	10945.888	9509.732	3041.508	1888.608	1400.12	528.304	657.32	826.88	964.32	556.136	928.092	1289.804	2058.412	363.216	78.42	598.4	828.604	876.02	356.596	836.04
aligned_38075IM5-Total-PL4_D01_01 20200805_000143.raw	46613.68	86336.796	45314.304	18292.6	28885.264	12596.62	1865910.756	1775354.072	593079.34	564275.92	447855.484	61441.516	4713.472	13872.996	2611.468	2093.016	2583.416	212567.42	524251.46	12801.52	23087.168	17947.216	1747.54	2023.48	114.248	2578.24
aligned_38075IM5-Total-PL4_D02_01 20200805_000144.raw	31545.772	78486.832	63236.612	11865.812	27685.512	14463.74	618792.624	1111681.248	656165.36	210087.128	375372.828	89806.764	4424.86	34843.356	4705.908	1729.316	3545.888	101810.18	607760.1	14999.612	18213.14	23554.94	1216.036	2916		4783.592
aligned_38075IM5-Total-PL4_D03_01 20200805_000145.raw	200597.704	273947.004	141212.988	27684.4	39266.032	15485.56	1439721.036	1777057.612	776893.384	265525.428	373915.276	66974.736	20650.3	82193.496	4821.076	2246.908	5338.812	221378.424	808839.06	22150.228	23078.544	24052.332	1639.96	4819.304		4775.932
aligned_38075IM5-Total-PL4_D04_01 20200805_000146.raw	190535.904	296357.256	182191.184	28025	45065.712	17705.564	1373856.728	1765940.412	833695.112	269323.748	398138.028	75289.912	21191.58	111098.836	4982.348	2605.7	5271.076	216608.72	861873.404	23704.864	24858.248	26615.96	1929.184	4604.48		4970.612
aligned_38075IM5-Total-PL4_D05_01 20200805_000147.raw	212617.612	328244.072	207850.8	55927.3	49652.736	17711.732	1383133.532	1797713.824	863253.592	281839.504	421793.356	79621.704	23915.38	131286.4	5644.116	2634.568	5520.092	221713.728	899151.272	21176.632	26676.656	29089.42	1956.052	4720.164		5602.256
aligned_38075IM5-Total-PL4_D06_01 20200805_000148.raw	171602.852	281803.568	182409.24	27133.804	44452.076	17852.856	1208979.08	1596839.348	758617.496	250411.036	382799.064	72153.816	20133.12	109998.644	5144.276	2915.2	4808.144	190636.352	771657.68	20510.044	23846.52	24417.012	2239.352	4184.24		5155.468
aligned_38075IM5-Total-PL4_D07_01 20200805_000149.raw	143548.028	244305.208	159522.56	22637.912	39578.86	15175.368	1042670.66	1390742.524	653937.408	213469.712	337037.116	63343.348	16776.38	94942.248	4532.248	2391.88	4165.096	159782.692	644732.756	16424.436	19811.812	20031.104	1711.6	3474.508		4533.864
aligned_38075IM5-Total-PL4_D08_01 20200805_000150.raw	129839.948	194527.852	106981.868	35517.604	50712.056	19312.824	1635260.448	1964933.66	894843.964	436327.568	520505.352	103574.212	12348.5	61753.956	5164.896	2626.02	4414.216	244204.272	968615.444	28577.012	30319.596	34526.168	1807.116	3309.68		5187.272
aligned_38075IM5-Total-PL4_D09_01 20200805_000151.raw	118704.284	145025.108	68516.792	23789.34	23708.148	11418.472	2358896.448	2168945.62	717891.228	344200.652	317224.66	56140.932	7010.808	24616.712	1044.82	1154.16	3876.148	308527.168	761733.324	24716.38	21039.088	20212.424	419.796	2975.664	308.172	1298.64
aligned_38075IM5-Total-PL4_D10_01 20200805_000152.raw	94541.536	110977.5	54726.744	20944.204	18470.416	8799.052	2182336.712	1994534.104	636379.452	293345.8	267781.668	47308.416	4695.7	19268.288	663.056	1096.912	3026.668	281465.768	662606.324	18836.12	17957.456	16341.288	477.404	2228.548	225.608	981.508
aligned_38075IM5-Total-PL4_D11_01 20200805_000153.raw	104487.276	136356.552	68519.248	23044.068	24370.568	11347.26	2375799.576	2209885.172	733544.24	346900.124	326680.184	59362.392	5182.48	21854.16	1367.2	968.38	3916.328	319502.888	778860.952	26194.74	22468.184	22530.5	470.064	2995.968	222.692	1677.508
aligned_38075IM5-Total-PL4_D12_01 20200805_000154.raw	64670.424	95418.948	51564.432	17763.568	19494.624	9439.296	1915295.904	1871487.792	623585.72	329026.82	336637.068	54792.916	3200.012	17712.808	1217.164	1065.14	2821.852	254957.884	627783.6	18196.58	21283.808	19782.648	525.156	2076.92	160.472	1042.56
aligned_38075IM5-Total-PL4_E01_01 20200805_000159.raw	29867.568	118404.948	132847.464	17706.184	30208.796	28416.032	1520329.96	2506866.488	1699349.272	316314.228	538503.772	147915.056	3555.72	55053.408	10338.144	2184.328	7561.192	268953.668	1930925.776	72793.072	34658.944	66659.952	1126.54	5038.156		10764.208
aligned_38075IM5-Total-PL4_E02_01 20200805_000160.raw	18565.516	82856.244	94072.112	9232.556	23697.956	21651.48	1131489.336	1867282.384	1195951.32	232162.58	409919.112	110721.448	2001.876	36937.76	7670.38	1872.416	5161.112	179835.044	1235893.364	39150.04	22361.224	37029.02	1015.14	3650.784		7893.068
aligned_38075IM5-Total-PL4_E03_01 20200805_000161.raw	95085.46	125727.236	64744.816	29563.32	38752.036	15613.1	1930944.7	1879244.776	710870.396	526878.92	492399.508	79378.752	6752.404	31384.236	2650.508	1982.752	3588.628	287491.976	932807.532	29254.86	35540.672	30688.46	1169.052	2514.82		2603.168
aligned_38075IM5-Total-PL4_E04_01 20200805_000162.raw	95082.148	125968.392	64700.392	30497.016	38518.492	15661.584	1952601.444	1926386.216	738887.024	534240.432	508115.876	84138.464	7188.3	31912.06	2686.94	2142.724	4007.708	294948.072	970600.404	28781.868	36658.616	32012.1	1303.24	2795.724		2624.476
aligned_38075IM5-Total-PL4_E05_01 20200805_000163.raw	92192.9	123507.732	65482.836	31094.9	38741.708	16325.156	1904987	1871668.716	725160.084	525436.072	495344.436	80389.988	6332.088	29963.752	2315.968	2169.368	4177.444	285560.828	944914.896	30521.212	35808.836	31700.94	1262.84	2989.908		2301.372
aligned_38075IM5-Total-PL4_E06_01 20200805_000164.raw	97806.828	137299.936	69714.3	31967.876	43620.432	18358.432	2007738.476	1975679.772	769398.844	561692	532830.08	87995.668	6382.744	31984.124	2824.804	2207.592	4658.868	302090.08	996026.236	32477.724	38480.54	34235.264	1301.996	3357.204		2790
aligned_38075IM5-Total-PL4_E07_01 20200805_000165.raw	135814.584	176260.44	79487.8	39236.16	33748.752	12481.196	2990289	2438125.364	880100.632	539676.588	375802.784	67358.464	5350.336	27898.96	1603.328	1161.988	3199.808	279990.892	806952.676	20413.78	20234.664	24333.364	469.012	2251.068	230.984	1525.992
aligned_38075IM5-Total-PL4_E08_01 20200805_000166.raw	171677.448	237766.444	120613.568	36136.124	44264.436	13951.92	1957768.848	1889244.396	758958.476	435678.188	399857.4	72819.872	18298.1	92978.744	3520.7	2487.224	4391.38	295821.152	982604.496	30644.38	31684.12	29168.284	1378.516	2952.8	222.084	3604.496
aligned_38075IM5-Total-PL4_E09_01 20200805_000167.raw	74845.164	98782.096	52950.716	18772.272	19819.876	9738.472	1959654.164	1885106.94	652570.616	304572.604	313220.716	54930.212	3645.72	17525.76	1328.16	1016.28	2931.472	249524.74	639833.588	18641.204	19746.832	18848.744	561.412	2190.676	245.292	1273.228
aligned_38075IM5-Total-PL4_F01_01 20200805_000169.raw	150524.452	226822.836	124204.096	28506.944	49171.988	24660.572	1379298.58	2162075.728	964986.064	296789.612	484602.232	97039.656	15524.48	58872.112	3256.26	2135.004	5552.924	347116.34	1295295.52	51090.444	36150.356	42057.756	1449.14	3735.024		3335.66
aligned_38075IM5-Total-PL4_F02_01 20200805_000170.raw	110344.312	158144.848	82532.856	20221.62	34627.876	15180.904	1118571.624	1681992.712	711614.008	223535.78	360745.556	70991.792	11127.5	41685.688	2392.328	1905.064	3941.496	255729.472	899689.42	31057.868	25966.196	26583.656	1262.38	2721.22		2111.832
aligned_38075IM5-Total-PL4_F03_01 20200805_000171.raw	43680.58	101275.792	82675.732	17929.044	33399.864	16885.888	831651.852	1455458.384	881122.596	271141.644	454813.916	111251.04	5728.68	46828.308	5858.74	2155.008	4695.956	143346.96	855647.6	19643.1	25027.084	32034.1	1613.968	3567.824		5775.02
aligned_38075IM5-Total-PL4_F04_01 20200805_000172.raw	2548.948	920.944	1025.516	695.652	1372.672	1247.072	12873.996	13688.268	4748.936	2616.996	2359.22	690.14	619.66	783.04	1223.5	717.532	1183.736	1777.824	3387.004	617.192	199.528	764.9	1024.236	1180.98	378.66	821.94
aligned_38075IM5-Total-PL4_F05_01 20200805_000173.raw	133656.116	219285.256	107204.428	24804.076	35558.616	14404.4	978776.364	1516453.98	699661.12	286327.288	362990.276	66466.892	21719.548	72430.248	5771.536	2472.116	4441.424	219659.54	891035.408	33645.94	24889.888	23858.012	1973.488	3252.216		5658.096
aligned_38075IM5-Total-PL4_F06_01 20200805_000174.raw	103143.42	171864.412	80695.16	16761.496	25894.284	9842.856	750260.392	1227702.172	553778.588	195271.628	261046.4	48218.404	17124.472	52526.528	3680.76	1707.416	3371.932	169620.848	671092.216	24018.016	16928.564	15910.304	1203.92	2567.452		3574.116
aligned_38075IM5-Total-PL4_F07_01 20200805_000175.raw	2667.964	1098.048	1081.58	638.74	1404.976	1071.772	12748.052	13496.092	4885.072	2512.212	2472.828	673.716	690.1	989.208	1120.08	713.424	940.02	1661.4	3928.42	494.18	216.36	739.02	1071.704	929.2	426.248	869.14
aligned_38075IM5-Total-PL4_F08_01 20200805_000176.raw	3187.032	1071.096	943.54	765.392	1477.7	1164.596	12523.332	12894.72	4180.024	2449.96	2140.74	704.28	900.72	1038.62	1361.02	798.756	1181.828	1548.908	3208.592	444.208	206.212	893.12	1186.684	1186.48	463.916	1049.08
aligned_38075IM5-Total-PL4_F09_01 20200805_000177.raw	2948.812	1264.76	858.544	617.296	1591.448	1249.42	15807.724	14357.604	4668.984	2785.784	2538.42	787.868	904.26	1017.912	1267.22	730.804	1141.936	1740.332	3802.08	528.264	200.284	705.48	1104.516	1181.48	490.34	953.76
aligned_38075IM5-Total-PL4_F10_01 20200805_000178.raw	2801.312	1199.336	1148.564	2117.928	1554.1	1156.684	12950.36	13878.436	4623.972	2525.088	2531.14	868.464	711.74	1018.216	1356.76	743.58	1144.92	1694.9	3887.864	612.312	217.08	751.98	1145.048	1146.56	456.832	1073.68
aligned_38075IM5-Total-PL4_F11_01 20200805_000179.raw	2698.692	1063.188	942.86	725.208	1499.352	880.056	11698.992	11844.556	3933.888	2075.98	2187.144	643.436	943.48	1074.892	1231.46	686.42	1016.84	1456.44	3092.384	448.308	157.72	793.94	1017.78	1029.5	398.984	1037.96
aligned_38075IM5-Total-PL4_F12_01 20200805_000180.raw	2548.38	950.492	892.88	692.532	1402.304	1082.664	11449.416	11508.264	4046.168	2063.188	1873.912	645.592	714.24	875.66	1146.16	752.224	1071.08	1228.4	2885.224	481.288	156.052	725.44	1143.748	1078.58	515.512	893.46
aligned_38075IM5-Total-PL4_G01_01 20200805_000182.raw	65708.652	107752.676	59144.712	11666.864	22283.112	12399.788	691410.644	1098866.896	473659.14	135466.368	234413.768	44604.704	6849.452	27048.052	1638.384	1334.648	3002.672	143057.356	537555.24	13722.384	13999.308	14678.928	1119.464	2434.008	56.376	1442.152
aligned_38075IM5-Total-PL4_G02_01 20200805_000183.raw	124401.484	193612.232	104368.868	22822.808	39365.4	19799.996	1152391.7	1794453.952	819030.724	245721.248	405688.892	78623.196	12485.78	49485.396	2411.884	1561.296	4554.16	258787.88	1001178.332	31140.148	27671.008	30781.74	1061.42	3359.5		2355.716
aligned_38075IM5-Total-PL4_G03_01 20200805_000184.raw	79564.276	184437.08	134234.208	28806.06	61887.544	24882.5	942334.24	1846275.608	1009602.728	264314.452	468062.476	110064.616	11528.52	83141.268	4061.36	2431.856	6185.66	232801.772	1223637.096	40654.672	30170.96	39977.992	1625.224	4366.876	21.584	3809.88
aligned_38075IM5-Total-PL4_G04_01 20200805_000185.raw	150899.024	223217.892	126140.312	49650.44	68610.24	25786.348	2390361.12	2617680.856	1118887.296	691796.528	729055.844	131085.084	11837.776	61628.004	6715.996	4248.228	6276.512	337802.08	1172850.868	33055.428	46817.948	56346.364	3532.292	4595.824		6668.016
aligned_38075IM5-Total-PL4_G05_01 20200805_000186.raw	96234.288	111607.936	37257.408	26028.432	34710.176	10455.108	1443681.872	954328.352	274903.04	580907.516	351168.3	43559.036	5797.712	19298.256	1359.068	996.352	2113.56	130173.428	273561.3	7522.284	23773.592	12790.272	952.344	1766.668	71.12	1108.068
aligned_38075IM5-Total-PL4_G06_01 20200805_000187.raw	76612	95214.996	37700.944	17598.876	22944.152	8058.96	1539792.524	1179024.412	393147.968	314430.368	237410.384	35217.772	3682.756	13398.112	1793.156	1282.236	1718.696	130755.292	343293.092	8237.896	10729.436	8840.032	1039.556	1359.332		1596.596
aligned_38075IM5-Total-PL4_G07_01 20200805_000188.raw	32675.152	53339.252	26538.468	17201.2	24930.836	9703.812	980200.62	902298.58	330458.128	398340.368	336730.492	47619.076	3050.408	11625.444	1521.092	1581.9	2184.356	101491.516	328724.424	7957.156	17334.388	12552.004	1498.22	1763.52	28.692	1282.088
aligned_38075IM5-Total-PL4_G08_01 20200805_000189.raw	35136.004	72115.728	49521.712	13286.22	24013.2	10254.708	416127.208	849928.836	496225.4	176327.924	295614.092	68166.428	6386.884	34514.012	4407.212	2055.936	3327.1	99777.764	581933.544	15780.192	19607.764	20793.388	1737.66	2648.76		4256.472
aligned_38075IM5-Total-PL4_G09_01 20200805_000190.raw	159032.616	255174.336	173958.952	50483.6	75622.42	30686.232	1531753.004	2284493.04	1391029.696	499383.436	700866.116	165194.272	24325.38	131719.876	23893.736	6706.66	10957.196	315107.416	1754215.86	67975.092	54275.588	72658.832	5759.964	8554.396		24544.648
aligned_38075IM5-Total-PL4_G10_01 20200805_000191.raw	95266.06	177372.496	116465.584	32225.536	40384.944	20737.416	2251048.236	2815800.416	1348993.368	475837.72	574922.492	120784.6	9985.32	56839.484	7730.304	3301.608	6786.804	394816.844	1605845.712	56482.476	35472.012	55441.912	2084.36	4764.428		7843.44
aligned_38075IM5-Total-PL4_G11_01 20200805_000192.raw	121918.984	187516.58	100386.756	22096.344	37658.308	18193.82	1167934.668	1816001.536	822540.732	248509.568	407871.076	78722.864	12681.3	49935.612	3231.416	1597.592	4096.952	260018.424	1002389.872	34865.732	27626.168	30245.924	1080.976	2971.236		2949.548
aligned_38075IM5-Total-PL4_G12_01 20200805_000193.raw	147238.94	218246.82	114126.88	26823.88	45385.048	22250.944	1315247.888	1998180.572	902862.968	283572.552	454985.464	90887.368	14223.6	56129.704	3769.044	1494.18	5370.356	300205.248	1125956.02	39714.964	32181.316	37201.564	1163.764	3904.452		3454.072
aligned_38075IM5-Total-PL4_H01_01 20200805_000195.raw	177246.98	232640.6	92789.872	41953.152	34269.308	12195.3	3412917.784	2452739.892	713735.504	320984.936	215837.48	53158.088	5605.132	26708.976	1921.316	1166.836	4259.424	316831.264	668193.28	19251.532	14172.7	19902.464	1139.92	3195.78	620.704	1614.628
aligned_38075IM5-Total-PL4_H02_01 20200805_000196.raw	188964.42	234296.336	100476.848	46336.36	39319.736	13165.244	3579713.264	2639909.74	826679.78	365610.868	255609.708	63876.928	6541.388	31756.552	2611.3	1687.86	5147.232	339883.804	770377.136	24086.496	16491.996	24562.992	1147.068	3978.348	549.392	2328.58
aligned_38075IM5-Total-PL4_H03_01 20200805_000197.raw	230075.032	296343.492	131397.26	65133.188	54381.924	20682.648	4133716.972	3125352.1	1050769.384	450995.264	326804.512	95494.908	7604.836	43799.212	3173.28	2774.228	8291.836	431706.552	1064631.68	37019.42	23587.388	41416.604	1540.652	5833.844	942.556	3038.52
aligned_38075IM5-Total-PL4_H04_01 20200805_000198.raw	146593.06	220164.592	99485.912	41314.756	40810.616	15613.632	3014282.92	2330066.528	790992.404	342194.208	271251.128	59943.608	5986.48	34233.948	3469.012	1847.632	4630.524	279278.416	703327.464	20322.028	15873.864	22516.52	1413.12	3645.556	538.892	3194.712
aligned_38075IM5-Total-PL4_H05_01 20200805_000199.raw	178672.036	254795.492	119700.028	52187.82	50663.36	19515.32	3475889.424	2712175.312	959264.776	418872.844	338874.552	81521.328	7561.072	45022.224	4203.632	2159.928	6591.828	333520.596	889052.34	28473.028	21001.416	34179.192	1569.876	5026.568	701.164	3989.22
aligned_38075IM5-Total-PL4_H06_01 20200805_000200.raw	142226.14	210678.544	100331.292	43552.588	44221.46	16367.964	2852185.892	2281641.476	814188.972	345823.876	298146.776	64901.72	6702.896	40618.956	4340.136	1900.964	5378.132	263651.364	718697.672	20542.064	16689.576	23832.3	1605.22	4245.224	502.816	4049.864
aligned_38075IM5-Total-PL4_H09_01 20200805_000201.raw	55039.948	137497.156	50107.7	30291.436	19880.968	5299.54	3918534	2146550.816	430455.072	295239.152	147494.4	54712.66	2011.748	13368.464	1057.156	1295.984	4079.364	483194.568	641710.94	26770.772	17450.664	13662.112	724.872	3003.276	413.792	937.712
aligned_38075IM5-Total-PL4_H10_01 20200805_000202.raw	309303.664	376671.528	161161.816	38819.192	61254.116	22801.608	1843083.476	2613489.192	1042200.92	398769.944	540744.352	94328.292	39750.72	115366.732	7413.052	3085.444	8448.344	507969.276	1609544.368	90442.804	50427.188	54990.94	2062.88	5915.376		7362.692
aligned_38075IM5-Spike-PL5_A01_01 20200804_000005.raw	42729.696	59485.4	26880.48	10419.704	19702.796	34000.268	947710.696	539137.204	182826.392	289538.82	118250.012	27790.368	2396.968	6640.832	240.408	259.72	7383.136	53123.584	151630.556	2718.82	3684.256	3449.46	22.216	5930.7	329.088	289.86
aligned_38075IM5-Spike-PL5_A01_02 20200804_000088.raw	38307.924	65786.672	27592.704	8606.36	21896.22	27060.612	865493.692	494011.028	165361.948	258319.992	107062.648	27555.276	2978.36	6127.084	680.744	165.832	6521.46	48847.216	140446.916	3011.808	3236.34	2666.84		5468.34	176.5	589.54
aligned_38075IM5-Spike-PL5_A02_01 20200804_000006.raw	40430.952	64135.872	47666.904	7082.712	14239.332	32384.868	843341.5	1056559.036	847231.384	100262.168	131783.612	51436.092	260.292	12701.932			6796.304	95789.428	677835.856	14216.264	5886.56	11382.356		5183.34	24.492	230.78
aligned_38075IM5-Spike-PL5_A03_01 20200804_000007.raw	49920.288	72051.612	51226.92	12944.076	24418.908	40281.16	1400939.644	1454002.196	825693.396	360419.228	280622.496	58000.568	62.48	11615.6	139.66	83.848	8495.232	139865.964	749905.092	17053.156	12463.212	16253.528		6428	145.58	243.92
aligned_38075IM5-Spike-PL5_A04_01 20200804_000008.raw	40479.18	70710.804	46481.84	8503.904	19238.932	32294.168	1381039.376	1374684.832	679858.44	309307.564	251967.576	70104.748	3257.592	13121.472	151.228	19.432	7251.824	177495.272	780206.58	23154.956	15396.052	16157.7		5424.96	134.16	317.32
aligned_38075IM5-Spike-PL5_A05_01 20200804_000009.raw	14466.276	36449.716	22102.592	3999.964	12318.384	26471.008	674649.228	547739.88	238068.96	143919.464	69513.228	27974.5	631.6	6983.644	42.892		6167.168	61420.792	238368.5	6056.524	2777.22	3478.408		4904.4	362.36	118.176
aligned_38075IM5-Spike-PL5_A06_01 20200804_000010.raw	5840.504	22240.904	39370.344	4351.772	16745.12	47577.368	433112.92	803772.42	608929.58	165418.22	310254.04	104387.036		7275.948		340.18	7655.344	75263.3	572646.94	13724.616	14580.844	19589.068		5899.36		218.04
aligned_38075IM5-Spike-PL5_A07_01 20200804_000011.raw	32104.536	71060.3	40303.776	8594.452	22550.628	36065.028	1319252.688	1213784.76	542065.024	281511.704	220796.728	52742.888	5300.184	10955.864	669.384		7446.668	148501.26	543685.868	14280.492	12537.76	12097.144		5687.52	72.328	725.376
aligned_38075IM5-Spike-PL5_A08_01 20200804_000012.raw	43876.504	77432.492	46825.976	4662.212	13404.816	27901.304	637637.848	929718.128	404972.72	92320.116	98030.66	42526.352	4092.56	20658.052	1048.884		6361.996	121077.452	491013.384	14136.216	4970.428	6262.94		4965.6	104.88	1096.136
aligned_38075IM5-Spike-PL5_A09_01 20200804_000013.raw	3617.96	830.336	2051.184	937.2	7780.456	17893.18	5633.512	7471.604	7446.928	6138.632	459.228	11113.588		2636.924	607.42	524.572	4413.896	727.88	3054.94	220.468		571.62	767.816	3670.48	343.956	508.28
aligned_38075IM5-Spike-PL5_A10_01 20200804_000014.raw	4691.188	852.84	2333.6	1447.164	9012.092	54014.032	5813.748	6157.392	9141.96	13391.264	166.912	13159.456		2225.712	1168.1	914.984	13528.16	749.968	4093.52	453.348		843.564	1986.64	11156.4	502.484	971.88
aligned_38075IM5-Spike-PL5_B01_01 20200804_000017.raw	146620.744	180915.668	77275.568	11982.236	20785.204	32740.06	740193.056	1172685.176	464087.492	82551.288	155791.7	43352.58	25002.396	39538.752	1389.276	135.804	7007.668	157948.428	551860.424	17681.716	8589.628	11074.508		5540.8		1420.644
aligned_38075IM5-Spike-PL5_B02_01 20200804_000018.raw	161584.72	189398.172	80967.736	13035.348	23332.584	32679.912	830131.604	1292734.744	524544.044	97039.736	170076.476	52552.508	15763.196	40072.372	1073.4		7116.216	173061.524	621271.688	19530.656	9781.996	12681.456		5445.8		1148.416
aligned_38075IM5-Spike-PL5_B03_01 20200804_000019.raw	5050.712	719.304	11788.112	1172.5	8679.412	50284.088	5608.088	6364.328	8686.416	16278.26	103.052	18509.632		2912.524	959.9	1023.16	13421.488	875.032	3976.756	298.432		933.74	2056.884	11109.08	501.012	750.7
aligned_38075IM5-Spike-PL5_B04_01 20200804_000020.raw	5249.776	423.72	14392.18	1032.416	5960	41898.9	4769.404	5760.464	6917.692	8896.92	267.784	16577.696		3291.812	855.56	602.088	10457.248	807.732	3538	340.616		863.772	1089.3	8527.9	480.468	679.74
aligned_38075IM5-Spike-PL5_B05_01 20200804_000021.raw	6535.192	845.02	21416.716	1203.9	6795.5	53975.48	5532.864	5808.156	7260.76	21868.936	260.276	15791.86		3477.744	1423.68	1192.924	12883.392	1006.26	3906.392	433.696		1089.02	2041.196	10503.78	694.872	1134.06
aligned_38075IM5-Spike-PL5_B06_01 20200804_000022.raw	4597.88	491.58	13322.312	1279.648	6435.196	54304.172	5640.328	5959.956	7365.096	12204.584	140.428	15169.88		3089.392	1141.2	893.78	12829.808	832.208	4177.124	503.44		804.48	1994.596	10456.42	633.088	823.1
aligned_38075IM5-Spike-PL5_B07_01 20200804_000023.raw	3542.312	542.6	1952.244	1001.66	6430.556	21788.472	4913.316	5349.912	6850.932	4716.184	191.228	16846.252	211.204	2269.696	724.06	515.008	5774.876	586.836	1589.172	131.232		378.052	771.24	4779.74	421.692	529.34
aligned_38075IM5-Spike-PL5_B08_01 20200804_000024.raw	5801.744	639.9	2630.064	1939.98	7469.496	51807.576	5895.076	6135.896	8177.584	22005.02	194.004	15874.96		2538.988	1513.24	1026.548	13067.796	904.828	3945.616	473.872		917.7	2080.956	10729.68	631.504	1168.22
aligned_38075IM5-Spike-PL5_B09_01 20200804_000025.raw	5929.82	708.66	1473.396	1285.4	8556.508	48676.884	5823.344	6003.668	8047.244	20951.176	32.728	17876.256	132.524	2223.484	1628.34	1055.412	12447.604	973.864	3825.528	453.392		756.32	2016.796	10143.54	579.392	1195.66
aligned_38075IM5-Spike-PL5_B10_01 20200804_000026.raw	5280.824	574.42	1124.46	1383.076	7310.096	43782.96	5019.816	5951.572	7830.7	13758.376	196.512	16243.976	151.768	2185.96	1277.04	671.832	10715.172	838.508	3448.096	536.144		884.64	1341.26	8644.46	632.696	932.78
aligned_38075IM5-Spike-PL5_B12_01 20200804_000028.raw	4847.072	753.16	1023.94	1144	6649.812	33451.212	5408.496	5999.964	6550.516	6346.876	139.308	14918.952	99.532	1611.144	1313.88	721.408	8662.536	755.008	2567.416	550.74		669.78	1177.36	7039.58	466.844	1038.86
aligned_38075IM5-Spike-PL5_C01_01 20200804_000030.raw	4705.62	695.2	9681.472	1865.74	6088.452	41626.42	6212.988	7803.208	19913.644	9019.064	201.492	9695.008		2803.824	1261.16	770.944	10892.92	944.928	4303.532	632.204		1022.44	1383.676	8883.2	422.268	931.28
aligned_38075IM5-Spike-PL5_C02_01 20200804_000031.raw	5765.484	808.368	19843.184	2333.004	7241.792	54695.96	4897.532	6203.116	8956.316	11073.652	296.552	9880.732		3128.34	1109.76	1079.608	14015.82	848.512	4890.204	392.856		936.94	2087.18	11400.5	641.9	787.52
aligned_38075IM5-Spike-PL5_C04_01 20200804_000033.raw	4421.348	770.76	2799.208	874.04	4864.012	23038.04	4925.308	6043.248	7391.544	6723.98	229.136	7759.308		2058.828	714.84	623.34	6092.636	606.388	2637.96	318.992		687.72	905.492	4999.54	403.312	394.7
aligned_38075IM5-Spike-PL5_C05_01 20200804_000034.raw	5507.592	658.46	10292.368	1298.028	4900.46	37388.332	4668.344	5674.676	6668.992	9199.092	228.844	11460.588		3446.3	1079.88	697.432	9682.46	686.872	3147.508	394.784		873.34	1188.076	7823.18	567.284	769.94
aligned_38075IM5-Spike-PL5_C06_01 20200804_000035.raw	4619.38	541.22	5471.856	1404.396	4335.624	39884.252	4652.952	5363.828	5916.68	8756.272	170.54	12334.976	1404.272	2403.88	990.1	768.084	10431.08	841.224	3501.836	348.692		750.748	1386.604	8581.28	456.552	751.42
aligned_38075IM5-Spike-PL5_C07_01 20200804_000036.raw	5362.296	568.74	5446.684	1390.044	4871.848	48759.564	5067.752	5522	6840.916	10840.324	152.98	14533.816	1599.204	2444.38	1314.34	832.196	12746.228	892.732	3797.5	328.036		900.06	1561.864	10269.44	534.028	1023
aligned_38075IM5-Spike-PL5_C08_01 20200804_000037.raw	3585.016	767.732	962.896	1137.516	3840.424	18233.62	4853.032	5413.092	4735.592	4492.948	347.44	14448.596	1553.36	2044.912	749.26	553.404	4841.872	738.612	1674.612	110.888		733.36	897.016	3996.52	354.824	559.34
aligned_38075IM5-Spike-PL5_C09_01 20200804_000038.raw	5340.812	652.44	4617.124	1580.52	4700.056	49301.708	4835.86	5646.564	5870.824	11004.632	188.944	13007.52	1248.884	2758.672	1233.82	872.844	11835.796	974.004	3702.64	329.204		930.66	1577.164	9714.9	595.816	1021.28
aligned_38075IM5-Spike-PL5_C11_01 20200804_000040.raw	4080.136	604.8	2871.888	969.664	4651.148	27925.828	5084.264	5621.88	5966.48	1304.92	207.632	12617.56	38.916	2387.74	969.46	713.756	6972.824	756.852	2909.164	287.848		586.12	1016.16	5773.6	482.096	749.7
aligned_38075IM5-Spike-PL5_D02_01 20200804_000043.raw	3853.56	747.52	2687.508	923.48	3999.528	21537.1	4271.724	5494.94	4538.796	3821.408	317.596	14990.74	242.264	2764.748	808.84	554.28	5861.036	702.108	2361.856	291.484		550.228	810.86	4814.7	464.544	664.88
aligned_38075IM5-Spike-PL5_D03_01 20200804_000044.raw	3125.772	552.96	1268.644	861.5	3257.552	11468.76	4109.6	5377.472	4288.204	3120.452	349.52	15489.444	385.548	2184.984	673.62	458.192	2970.288	514.056	1663.636	103.704		549.66	712.48	2489.04	486.852	459.7
aligned_38075IM5-Spike-PL5_D04_01 20200804_000045.raw	3109.788	645.8	2006.36	975.576	3005.24	19861.56	3998.08	5640.756	4189.988	3020.396	305.976	13779.84	80.708	2145.564	625.52	508.848	5228.536	550.088	2104.04	121.184		512.4	764.664	4327.42	357.508	393.2
aligned_38075IM5-Spike-PL5_D05_01 20200804_000046.raw	3941.124	605.84	3055.98	905.82	3613.352	26298.336	4411.352	5241.328	5072.816	6353.052	346.96	16088.308	67.644	2323.34	950.34	708.096	7185.472	665.652	2297.424	162.612		682.1	1057.248	5928.42	424.244	745.98
aligned_38075IM5-Spike-PL5_D06_01 20200804_000047.raw	3674.172	708.02	969.5	1197.208	6333.5	19979.432	4804.436	5281.788	5856.908	6985.268	205.884	11811.188		1735.576	808.76	517.108	4996.572	746.592	1620.948	204.436		502.12	822.096	4160.9	267.184	620.9
aligned_38075IM5-Spike-PL5_D07_01 20200804_000048.raw	3993.376	666.46	1886.38	1034.448	6384.844	27570.668	4962.956	5346.444	6758.188	8519.664	170.524	12045.792		2114.12	851.66	643.768	7308.216	757.576	2305.9	326.128		530.368	999.336	6080.24	401.58	627.16
aligned_38075IM5-Spike-PL5_D08_01 20200804_000049.raw	3662.22	866.328	1390.68	1180.832	5098.324	22469.496	4616.776	5856.592	10512.56	5031.432	347.776	9515.916		1631.168	901.76	463.78	5823.172	831.78	2428.544	240.012		575.7	707.012	4760.44	390.32	599.78
aligned_38075IM5-Spike-PL5_D10_01 20200804_000051.raw	3814.76	825.016	2221.292	1317.82	6379.732	30694.42	5649.532	6669.644	7150.812	6181.768	194.192	13187.076		1887.04	980.32	603.548	8336.124	760.008	3193.772	308.7		812.3	889.912	6914.36	469.456	735.08
aligned_38075IM5-Spike-PL5_E01_01 20200804_000057.raw	5330.936	719.18	8664.416	1082.276	5215.376	43859.788	5201.34	5768.68	6433.648	5120.676	214.86	6491.26		2319.472	855.52	831.74	11558.004	867.148	3922.796	522.308		698.2	1499.244	9298.92	420.556	639.152
aligned_38075IM5-Spike-PL5_E02_01 20200804_000058.raw	4285.076	862.368	1893.972	904.036	4751.488	15888.244	4316.656	5033	4930.876	3719.456	412.608	6499.944	154.528	2270.84	703.62	531.272	4566.304	527.692	2025.488	287.812		636.74	821.992	3768.14	359.832	534.56
aligned_38075IM5-Spike-PL5_E03_01 20200804_000059.raw	5171.264	688.42	13254.996	921.072	5076.82	50597.164	4820.032	5393.564	9842.644	8115.56	157.908	6369.664		2679.592	972.22	832.336	12883.248	828.272	4003.328	554.888		789.5	1511.16	10277.58	507.932	686.2
aligned_38075IM5-Spike-PL5_E05_01 20200804_000061.raw	3466.328	521.76	1786.008	636.704	4039.448	15256.72	4126.7	5058.344	5204.8	2851.216	297.708	5527.172	5.908	2427.756	560.88	477.656	4371.336	549.12	1807.504	136.124		513.58	733.6	3561.82	288.228	448.88
aligned_38075IM5-Spike-PL5_E06_01 20200804_000062.raw	3686.872	466.66	1001.124	1251.824	4034.768	24665.792	4627.648	5077.816	4979.74	6012.004	303.528	20827.212	409.5	1384.544	757.76	489.972	6966.432	695.252	2405.504	43.14		541.48	747.852	5534.12	481.74	530.456
aligned_38075IM5-Spike-PL5_E07_01 20200804_000063.raw	3046.212	321.84	11024.78	209183.488	4800.272	19740.996	4556.84	4689.532	6056.068	5392.94	289.316	21463.168	137.296	1678.76	1014.64	492.592	9383.208	557.564	2650.204	333.592		525.6	761.852	8375.208	168.672	672.52
aligned_38075IM5-Spike-PL5_E08_01 20200804_000064.raw	4050.008	650.46	919.56	1561.704	4342.024	27152.088	4718.156	5263.82	5086.436	5899.548	144.944	18945.7	432.28	1752.864	862.24	424.128	7580.088	705.776	2719.524	225.192		611.22	762.92	6119.18	472.356	636.46
aligned_38075IM5-Spike-PL5_E10_01 20200804_000066.raw	2931.936	611.82	879.9	863.712	4250.108	22847.14	4500.288	5218.776	5174.1	3903.26	148.744	21655.88	634.384	1382.888	685.66	422.476	6242.5	568.04	2186.988	162.82		501.18	650.412	5037.98	570.284	522.64
aligned_38075IM5-Spike-PL5_E11_01 20200804_000067.raw	5098.016	1199.84	11645.228	32414.212	3806.404	45980.696	4638.496	5754.256	6873.384	2069.56	224.824	8122.952		2776.748	1203.48	720.86	13363.904	889.156	4842.32	231.108		897.74	1296.492	10796.848	399.588	839.8
aligned_38075IM5-Spike-PL5_F01_01 20200804_000069.raw	3294.036	1562.42	2107.248	1153.964	2878.772	11879.604	11842.984	20434.896	13106.42	4546.004	2627.68	16403.148		2246.996	526.36	422.196	3093.128	2015.616	10458.792	286.108		717.988	613.52	2503.36	439.232	386.26
aligned_38075IM5-Spike-PL5_F02_01 20200804_000070.raw	3602.584	239.4	8867.66	112364.428	3798.636	31277.376	6837.148	7699.496	11104.088	4728.508	685.82	18743.976		1921.808	1032.456	627.952	10114.204	762.064	5478.82	593.4		655.252	874.268	8360.4	127.992	735.84
aligned_38075IM5-Spike-PL5_F03_01 20200804_000071.raw	3323.924	598.8	1781.192	792.08	4029.528	15333.856	4846.288	6759.36	5949.212	3695.524	911.184	18027.316	143.584	2028.052	660.68	460.06	4357.276	703.34	3469.184	159.448		478.4	707.888	3505.2	483.56	486.74
aligned_38075IM5-Spike-PL5_F04_01 20200804_000072.raw	3100.08	677.44	2012.996	2271.564	4113.192	17301.296	4746.496	6501.364	5963.264	3588.768	599.3	22614.196	161.824	2213.012	652.52	390.9	4543.388	804.38	3483.128	213.564		492.216	500.008	3639.22	460.58	518.58
aligned_38075IM5-Spike-PL5_F05_01 20200804_000073.raw	4282.688	573.16	4372.848	1272.86	4758.624	29346.256	5199.916	6901.348	6556.864	7277.416	332.604	20897.116	11.648	2415.552	679.332	519.636	8039.296	750.688	4017.472	186.464		693.48	843.02	6443.16	494.952	446.34
aligned_38075IM5-Spike-PL5_F06_01 20200804_000074.raw	3379.112	498.28	833.88	880.692	3604.5	16683.88	4286.988	4777.444	4080.64	3560.84	169.776	17298.688	417.456	1457.012	743.28	402.064	4645.34	680.528	1710.436	39.696		578.54	674.156	3755.02	479.272	556.86
aligned_38075IM5-Spike-PL5_F07_01 20200804_000075.raw	3328.032	543.86	1263.108	1125.072	4156.768	21096.028	4286.536	5021.916	4690.824	5117.048	198.728	21167.18	626.864	1563.796	642.4	420.368	5487.596	681.292	1802.884	88.596		530.98	643.524	4463.92	499.36	464.1
aligned_38075IM5-Spike-PL5_F08_01 20200804_000076.raw	3034.776	504.42	861.44	827.32	2837.476	7957.808	3685.896	4528.288	3900.732	2233.204	432.172	15937.668	375.056	1379.572	554.32	389.488	2247.892	570.764	1393.732	61.676		346.204	513.216	1894.76	346.74	383.5
aligned_38075IM5-Spike-PL5_F09_01 20200804_000077.raw	4580.42	304.068	7703.34	102418.568	5575.064	32342.02	4867.868	4982.548	5611.76	5624.44	186.148	21883.212	144.608	1944.984	1043.4	529.396	14052.084	685.368	3393.468	295.924		571.924	868	12415.508	229.052	810.26
aligned_38075IM5-Spike-PL5_F10_01 20200804_000078.raw	5408.072	573.32	7792.232	3151.032	5765.448	48930.528	4786.12	4988.548	7134.796	9642.424	191.44	28272.108	251.916	1876.212	1069.62	841.732	13148.932	790.96	3740.504	289.032		937.14	1683.884	10611.48	738.82	750.14
aligned_38075IM5-Spike-PL5_F11_01 20200804_000079.raw	4666.124	836.34	1916.248	1047.02	1844.76	44436.372	4274.496	5580.38	4564.204	1081.812	106.048	898.708	524.132	1138.452	1202.74	740.448	11402.48	932.024	3479.02	223.86		825.46	1133.764	9291.82	503.956	922.98
aligned_38075IM5-Spike-PL5_G01_01 20200804_000081.raw	4879.116	1429.752	5823.392	1316.868	5521.952	35631.024	4676.9	6040.24	6608.728	7620.276	310.34	7344.016		2443.024	985.76	746.104	9872.824	900.524	3268.336	394.468		710.92	1214.172	8347.6	481.896	697.36
aligned_38075IM5-Spike-PL5_G03_01 20200804_000083.raw	3409.28	1099.804	1229.98	1199.392	5138.816	16677.604	4134.492	5451.14	5432.68	3881.592	369.924	8142.064	27.116	1642.4	786	455.228	4460.14	652.844	2025.744	355.468		581.94	708.148	3718.28	317.268	644.34
aligned_38075IM5-Spike-PL5_G04_01 20200804_000084.raw	3121.216	1196.808	1274.332	877.248	4689.548	11279.54	3730.344	5192.448	5073.056	3791.236	382.068	6904.5	31.648	1689.396	535.84	398.168	3222.628	618.24	1794.304	209.716		479.68	602.804	2753.2	290.448	423.96
aligned_38075IM5-Spike-PL5_G05_01 20200804_000085.raw	2939.256	1217.608	1433.172	1003.628	4541.656	9788.304	3970.708	5269.268	5562.464	4142.624	524.772	7370.036	53.944	1569.556	657.96	403.324	2655.412	514.664	1612.104	239.816		362.64	648.212	2304.58	183.964	512
aligned_38075IM5-Spike-PL5_G06_01 20200804_000086.raw	4119.176	569.06	2515.276	1245.7	2442.808	22816.06	4091.012	5343.632	4225.912	1107.56	339.596	3900.808		2551.924	842.1	552.628	6217.62	779.304	2603.056	178.404		614.88	851.844	5168.2	356.836	654.76
aligned_38075IM5-Total-PL5_A01_01 20200806_000097.raw	63217.16	110434.588	46383.3	30332.32	35577.872	12805.084	1919302.9	1474080.984	576677.984	466633.728	333836.724	59087.292	3386.124	16328.244	1159.28	1115.744	3366.296	162239.268	507559.452	12842.84	18051.74	16956.916	736.084	2450.58	169.356	1041.32
aligned_38075IM5-Total-PL5_A02_01 20200806_000098.raw	117028.14	217211.968	139832.928	37983.484	55099.748	23712.636	1838013.152	2115474.564	1038592.696	350346.804	412070.884	87258.312	8859.2	64437.508	5479.668	2509.916	5764.272	208121.272	881339.308	22957.404	20863.3	33599.08	1814.356	4267.748	291.112	5611.868
aligned_38075IM5-Total-PL5_A03_01 20200806_000099.raw	174878.744	260147.912	165906.888	49383.92	59857.536	29805.636	2456145.452	2566809.524	1142102.324	583033.332	587920.268	114453.74	8770.42	81558.764	4575.188	2486.252	6779.04	308232.556	1142191.12	34613.228	34532.036	51864.656	1344.74	4617.54		4744.76
aligned_38075IM5-Total-PL5_A04_01 20200806_000100.raw	91399.504	123820.536	69356.596	26006.484	32497.824	12633.272	1593966.56	1489754.552	631177.584	413134.416	333276.392	58456.172	8095.944	42029.016	4786.02	2224.884	3966.176	181190.092	657934.356	19055.832	19801.924	20059.28	1667.528	2859.104	139.46	4790.048
aligned_38075IM5-Total-PL5_A05_01 20200806_000101.raw	180695.228	201861.748	93342.312	52082.452	52912.728	16338.196	1943429.584	1684108.116	685946.164	572171.756	383244.716	66969.784	13237.624	54976.484	4130.316	3408.336	4253.88	200957.244	681234.084	19152.468	21837.744	22965.008	2643.232	3101.16		4023.456
aligned_38075IM5-Total-PL5_A06_01 20200806_000102.raw	15500.98	67671.044	62565.148	11329.436	35036.772	23441.276	1217835.58	1500575.488	802995.576	494541.54	627272.636	142200.876	821.604	29025.308	3512.548	1444.18	4726.632	146559.224	749863.832	18601.312	30743.84	39421.6	1034.532	3608.104		3486.316
aligned_38075IM5-Total-PL5_A07_01 20200806_000103.raw	49633.404	85898.36	52528.528	26263.304	30024.56	14639.772	1436243.972	1525277.068	639902.708	399750.096	439297.172	80780.18	6704.616	30021.46	7708.776	3224.7	5370.82	211841.268	746901.284	21994.316	32224.336	29677.64	2868.436	4135.9		7896.272
aligned_38075IM5-Total-PL5_A08_01 20200806_000104.raw	106227.48	167237.328	85924.224	32026.74	49727.028	18478.216	1353036.58	1658411.296	672871.968	352038.844	447412.024	77305.344	11376.16	44022.324	4089.568	3161.552	4606.548	199512.172	675857.928	17793.672	23740.192	23833.972	2235.772	3341.516		3949.512
aligned_38075IM5-Total-PL5_A09_01 20200806_000105.raw	73629.188	179040.38	111774.392	21790.56	50004.12	21490.032	663506.488	1429889.968	813136.352	202162.76	451065.648	103114.144	9197.76	57657.412	3168.364	1000.848	4251.212	126529.748	701326.496	20940.424	20433.428	29089.468	690.672	3071.72		3042.452
aligned_38075IM5-Total-PL5_A10_01 20200806_000106.raw	28614.18	46901.168	27284.428	10368.368	16666.62	7684.1	735581.236	740872.672	299234.216	212146.144	220025.528	34800.852	1684.744	12743.708	1323.92	876.48	2565.292	80663.46	317240.724	6534.504	11293.048	10409.828	824.036	1984.864	48.772	1252.996
aligned_38075IM5-Total-PL5_A11_01 20200806_000107.raw	3212.016	1769.052	2223.828	18048.916	1740.696	1251.664	17616.224	20355.256	8742.328	3376.068	4033.84	1079.66	1023.2	1075.84	1273.54	914.816	1372.668	1984.96	5331.992	616.176	239.808	844.36	1309.072	1269.94	521.728	1017.42
aligned_38075IM5-Total-PL5_B01_01 20200806_000109.raw	132590.428	208899.312	115776.264	27720.132	45472.788	22703.328	1280415.248	1955777.824	897581.64	284519.536	454420.236	86516.088	13424.12	54738.76	2495.48	2266.94	5938.788	283119.02	1107934.128	36697.952	31523.72	34712.376	1361.26	4234.18		2402.26
aligned_38075IM5-Total-PL5_B02_01 20200806_000110.raw	100929.024	173132.088	98174.488	20416.276	41277.524	21133.608	1020127.24	1615341.264	735107.24	234858.824	394861.8	74867.884	11018.06	46749.104	2442.308	1158.94	5224.452	218802.048	889186.108	28106.412	24908.544	27708.944	837.96	3715.344		2303.18
aligned_38075IM5-Total-PL5_B03_01 20200806_000111.raw	49959.276	94176.972	51741.796	20218.264	39283.7	17617.26	786678.78	1218342.916	588502.372	342069.76	516075.544	101321.444	7172.948	29309.164	5005.9	2810.5	6839.748	108366.624	484242.412	10887.396	22027.064	24929.34	2420.772	6028.704		5025
aligned_38075IM5-Total-PL5_B04_01 20200806_000112.raw	72523.768	180840.184	154096.348	40715.756	90302.184	41780.308	768234.492	1336197.92	953967.284	465137.36	719738.568	197987.848	8267.348	84325.116	8392.264	4107.512	8150.22	117373.308	863120.44	22996.424	33269.652	48838.972	3332.18	6790.244		8481.2
aligned_38075IM5-Total-PL5_B05_01 20200806_000113.raw	75063.512	184027.436	155731.128	41479.912	92752.808	42064.44	750000.756	1325233.156	947726.804	458084.656	711404.768	195833.588	8820.82	86973.436	7949.144	3921.476	8442.816	114517.48	852758.992	23133.812	33962.064	47782.776	3506.348	7116.248		7922.96
aligned_38075IM5-Total-PL5_B06_01 20200806_000114.raw	68158.972	130994.484	71563.096	26839.816	51443.984	22696.62	986085.748	1502595.492	750463.228	410730.144	589537.98	118222.984	8997.376	38623.5	5847.616	3354.72	6923.744	143212.556	643400.208	17194.788	28496.82	31065.264	2963.652	5770.94		5978.732
aligned_38075IM5-Total-PL5_B07_01 20200806_000115.raw	68014.94	123946.412	66516.58	31461.764	47742.656	20820.88	953200.808	1450416.348	720098.408	393218.884	566006.376	111185.336	9161.972	35557.16	5595.64	3222.652	6738.704	137452.276	614394.964	16041.916	27873.288	29160.048	2683.304	5659.268		5692.04
aligned_38075IM5-Total-PL5_B08_01 20200806_000116.raw	234235.796	304445.116	146985.52	79352.684	107650.492	34405.6	1368081.956	2107057.448	1056923.836	511343.512	725750.104	146160.788	16412.68	64930.124	7437.256	4538.3	6941.44	195424.304	846618.924	21826.936	30151	40529.448	3965.136	5460.876	599.972	7373.092
aligned_38075IM5-Total-PL5_B09_01 20200806_000117.raw	255592.888	323319.724	154256.004	88225.596	114086.648	35693.816	1436694.024	2206526.288	1107185.072	537942.028	764564.692	153913.836	18082.516	69756.624	7521.648	4729.42	7406.216	205969.068	899726.164	22902.088	31850.772	43850.824	4057.428	5745.176	709.128	7613.88
aligned_38075IM5-Total-PL5_B10_01 20200806_000118.raw	223252.264	290407.62	138545.072	75382.7	101746.112	32400.484	1312616.728	2041108.408	1017810.976	484200.36	697975.62	139693.252	15904.62	63542.6	6906.748	3916.24	6338.024	185285.412	800878.528	20366.656	28258.68	36929.252	3516.092	5119.492	590.908	6753.36
aligned_38075IM5-Total-PL5_B11_01 20200806_000119.raw	205166.9	267500.516	130977.696	69784.136	94892.096	30883.044	1261306.38	1959448.476	977511.164	465813.088	671462.772	132494.24	14603.332	59080.496	6443.764	4456.932	6140.584	177305.168	766102.324	18720.712	27106.756	35482.4	4173.232	4962.448	477.968	6416.632
aligned_38075IM5-Total-PL5_B12_01 20200806_000120.raw	200089.216	258962.36	126443.996	67595.092	91461.268	29348.96	1197929.676	1856563.608	921480.576	439189.324	639885.004	125721.456	14871.112	55836.052	6247.488	4138.216	5661.912	165869.388	702211.504	16732.48	25342.916	31804.14	3839.824	4599.864	389.604	6173.364
aligned_38075IM5-Total-PL5_C01_01 20200806_000122.raw	71445.68	181071.696	117950.656	20927.052	51873.296	23525.632	674633.488	1461888.568	839013.576	205224.236	461341.744	106524.72	9304.12	58064.372	3667.16	1524.12	4981.344	130788.88	720826.428	22190.64	21354.516	30603.928	1290.692	3707.544		3460.74
aligned_38075IM5-Total-PL5_C02_01 20200806_000123.raw	76057.624	187016.852	116210.816	23741.224	54457.192	22590.576	681324.536	1474028.272	840458.008	208918.484	468989.272	108337.392	10142.06	60322.492	3723.568	1629.4	4686	131571.128	726683.036	22377.556	21659.912	30627.056	1261.068	3524.692		3521.18
aligned_38075IM5-Total-PL5_C03_01 20200806_000124.raw	103457.812	243758.872	147312.928	33106.704	64031.472	25112.324	897082.844	1855346.724	1081101.128	262328.444	547626.54	128217.076	13115.38	80358.82	4031.324	1871.856	6227.292	178188.128	986263.964	27681.64	28501.5	40426.364	1352.808	4470.4		3864.2
aligned_38075IM5-Total-PL5_C04_01 20200806_000125.raw	124921.472	296275.452	180125.156	39029.472	79711.308	31674.328	1043913.736	2153939.744	1260660.664	313193.492	644412.464	153574.996	15236.2	95393.16	4684.472	2612.604	7543.74	214866.988	1196921.012	40682.872	34060.096	51863.912	1862.964	5265.508		4491.44
aligned_38075IM5-Total-PL5_C05_01 20200806_000126.raw	96714.324	224157.424	187616.596	57373.572	115227.308	48914.692	912967.144	1587900.676	1141938.6	571135.04	865369.616	241172.416	11333.248	110176.552	10597.448	5075.752	11347.14	143218.784	1075545.332	31475.86	43025.78	64451.996	4125.808	9363.664		10701.864
aligned_38075IM5-Total-PL5_C06_01 20200806_000127.raw	61365.052	159622.14	115616.192	39146.096	70130.416	30592.384	1059469.96	1344188.168	931170.592	467334.524	599479.236	164484.184	11691.816	76844.604	14008.364	5686.084	9666.032	143109.764	993639.532	34221.532	35454.632	47897.872	4993.324	8002.292		14265.32
aligned_38075IM5-Total-PL5_C07_01 20200806_000128.raw	75220.824	183406.144	130717.528	39948.116	80447.468	34231.5	1219433.908	1528251.3	1065362.028	554548.06	689343.62	192665.536	12784.132	90586.736	17118.348	6703.652	11327.692	168334.576	1168805.052	41156.4	43042.204	59216.552	6034.388	9271.824		17704.752
aligned_38075IM5-Total-PL5_C08_01 20200806_000129.raw	49970.188	132420.288	96219.74	26711.052	64790.56	28739.704	919252.372	1180304.144	800863.148	438036.68	580439.52	158084.86	10127.492	64290.14	13186.752	5296.308	9466.132	121226.428	841648.032	29413.508	31512.172	44694.78	4631.488	7938.64		13315.964
aligned_38075IM5-Total-PL5_C09_01 20200806_000130.raw	81596.996	196356.752	140732.444	43315.216	87482.364	38463.88	1301153.1	1624074.38	1132103.36	595455.768	732899.484	203731.276	14822.9	93920.464	18332.52	6824.604	12463.32	181475.68	1256064.944	46507.98	46582.152	64698.992	6026.456	10057.408		18560.18
aligned_38075IM5-Total-PL5_C10_01 20200806_000131.raw	75718.704	179580.384	129719.236	40598.056	79581.476	33481.552	1213137.2	1517697.128	1058626.904	552435.784	687228.972	190612.636	13606.972	89920.064	17058.264	6211.68	11955.44	168972.344	1169471.408	41172.328	42803.356	59966.476	5260.536	9845.94		17505.976
aligned_38075IM5-Total-PL5_C11_01 20200806_000132.raw	51195.544	118593.196	94290.692	23171.86	43242.072	22137.424	902337.36	1580867.268	966572.356	299518.816	501701.944	123630.62	6445.24	53909.068	7298.884	2343.084	6996.536	159367.844	954957.108	26452.68	27470.532	37539.936	1830.92	5273.4		7330.584
aligned_38075IM5-Total-PL5_D01_01 20200806_000134.raw	58958.932	163370.22	128965.3	40027.86	73939.58	42605.988	2925785.048	3704732.968	1074413.164	895952.696	1131564.268	148769.672	5533.3	39495.428	10184.456	4361.492	7003.584	446290.252	897908.596	22493.208	44220.116	60974.204	3116.9	5507.044		10408.604
aligned_38075IM5-Total-PL5_D02_01 20200806_000135.raw	55829.668	157187.812	128558.872	39376.304	71293.844	40984.732	2916466.884	3721163.72	1102752.58	891353.164	1123485.908	152090.616	5768.04	39620.376	11418.54	4258.368	7790.572	459355.992	944677.624	24029.12	45094.444	63482.836	2749.788	6237.428		11745.092
aligned_38075IM5-Total-PL5_D03_01 20200806_000136.raw	51562.068	130117.04	104757.12	35363.028	61152.168	33287.944	2670636.572	3419692.732	995584.36	816639.144	1044939.26	134935.256	5057.684	35560.988	9562.568	3982.512	6529.588	410583.156	820000.244	19980.632	40864.884	51502.128	3023.536	5226.904		9524.124
aligned_38075IM5-Total-PL5_D04_01 20200806_000137.raw	50600.812	137228.924	108986.872	36148.332	63219.076	35757.688	2575421.976	3288620.328	954362.256	784844.58	1001969.34	129677.956	4857.228	32972.404	9222.568	3803.38	6127.716	391976.028	774644.312	19352.268	38084.748	47660.244	2915.344	4934.596		9156.72
aligned_38075IM5-Total-PL5_D05_01 20200806_000138.raw	50608.848	138972.42	113492.252	34704.404	63372.72	36841.348	2684338.456	3422374	993550.36	815094.568	1037610.38	133096.064	5356.528	35065.128	9214.752	3608.48	6493.356	410916.572	810094.996	19893.844	39842.312	50253.636	2519.64	5330.12		9178.56
aligned_38075IM5-Total-PL5_D06_01 20200806_000139.raw	74262.556	131369.176	68604.708	49960.104	77050.876	25052.904	541089.884	909332.36	443621.696	342780.16	546556.148	108883.804	8922	37495.104	5245.188	4745.984	5400.376	78827.684	338026.168	9430.444	23205.304	23718.948	4362.468	4890.316		5038.968
aligned_38075IM5-Total-PL5_D07_01 20200806_000140.raw	115787.096	200419.812	100892	73593.64	107158.9	32134.516	804294.496	1344209.496	689389.96	486781.184	745326.588	154767.536	14772.824	60181.168	6936.64	6616.944	6896.296	130606.4	569296.976	14506.2	37097.544	37350.928	6157.224	5838.016		6833.908
aligned_38075IM5-Total-PL5_D08_01 20200806_000141.raw	67506.66	122111.568	63256.496	41056.956	65185.164	20283.988	497378.56	850875.952	415726.04	290993.024	465206.352	92229.336	8690.492	35410.888	4527.784	4053.264	4994.14	73227.736	315339.468	8270.888	20336.324	20280.732	3660.472	4261.36	54.452	4265.508
aligned_38075IM5-Total-PL5_D09_01 20200806_000142.raw	64511.388	116221.468	61737.972	41191.392	62415.596	20173.108	481833.06	823331.544	403390.996	281625.864	450663.192	88710.472	8881.108	32912.652	3958.104	3912.716	4800.248	72100.692	303752.312	7687.776	19349.308	18874.492	3526.4	4212.192	28.348	3722.612
aligned_38075IM5-Total-PL5_D10_01 20200806_000143.raw	71226.056	123388.54	63622.776	43818.172	65904.832	20617.184	497520.628	846336.396	413332.736	290431.66	462166.324	91825.68	8991.916	34929.896	4588.66	4318.92	4857.92	74362.172	311396.764	7856.74	19785.328	19372.932	4169.868	4259.732	65.256	4245.964
aligned_38075IM5-Total-PL5_D11_01 20200806_000144.raw	3845.636	2126.596	1800.968	1144.868	2291.964	1221.472	21249.3	27753.928	10894.512	4938.324	6243.656	1618.86	1324.36	1615.352	2185.02	1248.216	2044.98	2618.8	7000.932	792.812	512.836	1328.78	1832.52	1973.18	735.412	1683.12
aligned_38075IM5-Total-PL5_E01_01 20200806_000149.raw	82596.588	167433.292	108950.216	37112.924	69968.736	33593.788	1343275.368	2111650.4	1215892.24	667816.504	872028.744	191532.608	12162.732	57328.384	12210.672	6067.196	9605.884	202918.752	1074412.756	27802.388	43403.944	57926.396	5937.624	7734.712		12409.808
aligned_38075IM5-Total-PL5_E02_01 20200806_000150.raw	48301.7	105997.104	69742.86	21608.932	49431.972	23838.292	840616.612	1373698.352	762842.644	443694.428	627818.952	130768.304	7631.564	35350.868	7746.916	4867.8	6908.356	116621.7	605167.256	16163.072	25814.22	32393.124	4937.196	5880.496		7507.432
aligned_38075IM5-Total-PL5_E03_01 20200806_000151.raw	77683.272	155984.82	100252.964	37830.112	64404.32	30883.236	1215953.028	1936866.512	1109762.912	608052.092	805798.304	175346.18	11181.852	54754.492	11230.6	6258.056	9007.88	180600.424	963709.524	25723.948	37886.716	50160.612	5941.936	7218.56		11139.148
aligned_38075IM5-Total-PL5_E04_01 20200806_000152.raw	76048.348	154334.264	100121.616	34690.744	64216.192	30450.396	1232804.232	1961968.664	1130797.42	614294.2	813070.004	178032.576	11478.92	54052.936	11440.08	6036.072	9202.924	184503.756	985431.36	27012.828	39269.9	51544.136	5679	7453.888		11398.98
aligned_38075IM5-Total-PL5_E05_01 20200806_000153.raw	96042.6	191050.668	123192.08	43081.216	78962.992	37193.392	1487443.752	2327371.832	1354694.376	755907.452	967735.004	216904.288	13201.68	66019.384	14868.64	7143.764	10781.456	228985.232	1237952.804	37612.852	49552.44	70693.068	6870.728	8666.188		15044.984
aligned_38075IM5-Total-PL5_E06_01 20200806_000154.raw	60063.76	112592.132	74672.292	28350.724	47297.8	21555.644	704250.768	1486341.172	1002792.264	274264.852	502997.992	118131.192	7874.68	38375.944	8770.796	5120.06	7587.74	124856.596	887625.004	22063.088	22636.936	33152.652	4489.06	6057.304		8639.612
aligned_38075IM5-Total-PL5_E07_01 20200806_000155.raw	78848.42	145217.26	94385.568	34951.324	60312.696	27582.772	899820.552	1850083.5	1260691.956	354199.1	631634.256	151066.544	10346.44	48848.368	11445.62	6560.784	9097.588	164103.076	1162098.36	31214.088	30635.48	47052.564	5957.128	7145.492		11210.02
aligned_38075IM5-Total-PL5_E08_01 20200806_000156.raw	77707.924	143614.512	92881.336	34250.348	59202.452	25988.904	906030.016	1860899.224	1277630.68	361076.252	641621.916	151988.02	10347.98	49743.752	11083.3	6948.064	9157.736	170033.104	1200617.26	29250.724	31714.176	49351.92	6425.18	7113.088		11062.156
aligned_38075IM5-Total-PL5_E09_01 20200806_000157.raw	66834.096	127537.296	84790.892	29244.552	52500.42	23481.74	806162.788	1671396.176	1139271.96	314855.956	571397.76	135189.224	8366.22	43308.62	9789.324	5718.892	8080.904	148598.872	1040262.568	27576.64	27802.56	40480.172	5102.264	6412.84	43.648	9697.908
aligned_38075IM5-Total-PL5_E10_01 20200806_000158.raw	78226.976	144303.164	95392.976	33507.068	59755.404	26792.592	905032.148	1839464.824	1250009.68	361892.06	637095.264	151478.64	10287.76	48519.336	11448.672	6529.96	8837.58	165331.956	1158412.456	31068.608	30589.084	47135.336	5720.896	7056.556		11354.212
aligned_38075IM5-Total-PL5_E11_01 20200806_000159.raw	32326.708	77726.312	61952.068	15394.976	28148.252	13371.424	588642.556	1061214.228	633471.944	184724.192	325689.972	77713.8	4483.084	34834.424	4730.352	2149.156	4557.808	98971.516	590060.988	15033.904	16827.556	20739.4	1837.22	3667.164		4368.532
aligned_38075IM5-Total-PL5_F01_01 20200806_000161.raw	51959.612	140364.32	121984.652	35961.42	51728.644	30342.324	867089.74	1923203.86	1389954.22	311527.324	608809.64	172861.456	7491.28	70942.636	9655.2	3057.004	9871.528	203075.536	1597545.408	56244.068	35491.14	61965.372	1789.32	6964.76		9560.64
aligned_38075IM5-Total-PL5_F02_01 20200806_000162.raw	55279.204	145771.336	120257.424	26431.824	52949.428	28465.804	897546.38	1991204.476	1449517.728	325336.312	638735.168	183460.448	8600.08	77513.528	9932.7	2969.532	10141.696	216811.072	1708811.956	55251.684	37579.728	69030.956	1847.9	6993.788		10061.212
aligned_38075IM5-Total-PL5_F03_01 20200806_000163.raw	68802.948	180739.308	147723.216	33583.196	66493.252	36666.456	1020982.08	2231802.028	1616775.164	380841.936	726070.92	207952.516	10158.2	90579.688	13164.74	3249.644	11845.424	243661.836	1919756.868	77181.144	42887.148	84043.264	2048.24	8223.368		13385.068
aligned_38075IM5-Total-PL5_F04_01 20200806_000164.raw	45645.38	126608.8	109145.952	21633.316	46968.116	25940.448	777179.64	1769975.812	1287232.328	278422.768	558101.152	159433.848	7184.74	66742.104	8930.9	2665.68	9280.26	187086.904	1479256.38	52485.032	31999.496	56815.204	1753.108	6558.48		8908.304
aligned_38075IM5-Total-PL5_F05_01 20200806_000165.raw	65038.652	170026.664	142188.148	31775.312	64068.78	34921.876	1027527.78	2270356.324	1650865.692	381779.592	732458.324	212030.704	9570.7	89634.704	13357.572	3333.996	11979.296	252245.044	1981108.044	78656.16	44117.584	85705.968	2054.12	8119.156		13633.216
aligned_38075IM5-Total-PL5_F06_01 20200806_000166.raw	74119.772	229367.528	186985.98	29567.732	79884.004	36017.512	612178.552	1371253.3	1117531.34	262244.088	521190.604	168307.376	14044.824	115668.664	18660.66	4358.516	12296.2	108499.476	1022890.348	28887.224	24061.76	43366.56	3435	10328.436		18638.552
aligned_38075IM5-Total-PL5_F07_01 20200806_000167.raw	78357.828	242269.712	198751.212	32527.624	85574.884	37930.824	647099.524	1443744.444	1181536.8	277877.572	549532.704	178059.3	14622.912	122032.864	20353.624	4778.968	13495.304	115760.996	1091611.772	31261.528	26187.24	46513.864	3894.872	11236.408		20347.716
aligned_38075IM5-Total-PL5_F08_01 20200806_000168.raw	56599.42	178823.496	148418.204	24605.38	63922.924	29197.632	499268.084	1137598.672	927488.744	209679.468	427169.72	138852.096	11618.772	91293.42	15084.612	3705.384	10831.964	89315.972	830186.336	22393.436	19333.568	34464.148	3173.92	9067.944		15167.44
aligned_38075IM5-Total-PL5_F09_01 20200806_000169.raw	41496.516	130335.708	108433.56	16086.24	46330.072	21419.608	361770.428	845426.604	685876.028	146451.356	307210.828	97825.08	7919.048	66500.196	10769.632	2938.632	8323.368	62700.456	584189.688	14862.428	12946.296	22451.76	2444.82	7221.32	89.704	10531.452
aligned_38075IM5-Total-PL5_F10_01 20200806_000170.raw	71046.416	226033.092	186507.156	28700.748	79889.736	35186.744	605915.752	1359265.672	1117541.9	258837.44	519415.812	169187.72	14610.304	113628.88	18937.516	4554.86	12469.516	109319.932	1025740.66	28081.64	23888.492	43694.532	3258.692	10416.756		18897.736
aligned_38075IM5-Total-PL5_F11_01 20200806_000171.raw	4843.056	2337.1	2507.556	1440.86	3223.592	1913.292	22619.572	31983.74	14645.844	5654.248	7380.86	2236.3	2226.68	2331.32	2616.42	1607.584	2576.48	3154.38	10307.196	1372.76	477.008	1672.72	2379.344	2664.36	977.704	2010.94
aligned_38075IM5-Total-PL5_G01_01 20200806_000173.raw	67057.364	159070.092	102474.152	28819.396	57020.184	19941.896	461506.976	1133047.532	658601.288	139649	343743.212	82572.848	8625.048	52575.624	4190.44	2631.14	5093.94	91403.024	532731.368	13330.444	14877.42	20996.716	2235.94	4176.476	3.240000001	3663.644
aligned_38075IM5-Total-PL5_G02_01 20200806_000174.raw	136735.3	304415.188	192739.092	59924.412	112382.376	37494.416	849997.012	1971216.548	1177283.152	280405.348	627737.492	159443.452	16349.44	101268.24	7756.636	3918.928	8338.476	181539.764	1079491.256	32750.992	31565.892	49755.232	2941.392	6548.652		7330.724
aligned_38075IM5-Total-PL5_G03_01 20200806_000175.raw	144105.264	321993.944	197986.904	71333.708	118021.492	37865.572	872275.16	2025085.96	1213426.992	289997.112	649948.416	161786.772	17870.68	107231.768	8162.156	4114.82	8339.584	185888.948	1116233.572	32639.456	33055.556	50726.204	3468.196	6620.52		7773.644
aligned_38075IM5-Total-PL5_G04_01 20200806_000176.raw	152267.492	331368.22	202235.656	65951.532	117415.572	37588.6	889984.492	2052883.14	1219251.412	291592.524	654511.724	162994.492	19524.94	107825.112	8184.476	4120.92	7514.132	186834.98	1117388.62	35242.424	33108.004	50409.924	3145.62	6132.588		7967.08
aligned_38075IM5-Total-PL5_G05_01 20200806_000177.raw	112559.132	258587.408	161745.388	46779.316	91131.8	29250.536	699310.308	1659162.668	982908.896	222417.128	517416.712	129678.224	15034.28	86079.344	5897.24	3299.744	5808.136	143823.336	854332.064	24218.56	24830.756	35357.82	2645.608	4774.052		5574.688
aligned_38075IM5-Total-PL5_G06_01 20200806_000178.raw	36930.104	85368.28	70014.396	20249.376	42425.712	22228.492	647213.024	1179165.544	724434.544	207481.088	366805.152	89102.032	4649.04	41017.98	6962.512	3212.688	12753.828	114005.26	709244.424	21584.952	19149.368	27627.268	3817.196	9932.4	476.82	5837.488
																										
Mass Accuracy [ppm] (2+)	IgGI1H3N4	IgGI1H4N4	IgGI1H5N4	IgGI1H3N5	IgGI1H4N5	IgGI1H5N5	IgGI1H3N4F1	IgGI1H4N4F1	IgGI1H5N4F1	IgGI1H3N5F1	IgGI1H4N5F1	IgGI1H5N5F1	IgGI1H4N4S1	IgGI1H5N4S1	IgGI1H5N4S2	IgGI1H4N5S1	IgGI1H5N5S1	IgGI1H4N4F1S1	IgGI1H5N4F1S1	IgGI1H5N4F1S2	IgGI1H4N5F1S1	IgGI1H5N5F1S1	IgGI1H4N5F2	IgGI1H5N5F2	IgGI1H4N4F2S1	IgGI1H5N4F2S1
Fraction	0.978335887	0.973446769	0.967959697	0.972130484	0.966475822	0.960210759	0.973817224	0.968364975	0.962305248	0.966891046	0.960660177	0.953814889	0.96321064	0.956622851	0.979382475	0.954828344	0.981262795	0.957089849	0.982337811	0.975829405	0.981505389	0.977914576	0.954296081	0.981012967	0.950420079	0.979115684
Monoisotopic Mass	[1244.999152393576]	[1326.02557400047]	[1407.0519945897695]	[1346.5388426448847]	[1427.5652633631255]	[1508.5916832163723]	[1318.0281165180265]	[1399.0545371187573]	[1480.0809568497966]	[1419.5678058935518]	[1500.5942257566583]	[1581.6206448725472]	[1471.5732894678354]	[1552.5997089370617]	[1698.1474222980485]	[1573.1129781043744]	[1654.139396998329]	[1544.6022514818471]	[1625.6286702643677]	[1771.176382877912]	[1646.14193955238]	[1727.1683578475408]	[1573.6231874215257]	[1654.6496058962548]	[1617.6312128173681]	[1698.6576310008422]
alignedLin_38075IM5-Spike-PL4_F04_01 20200803_000068.raw	119.5369949	119.1923047	51.88938727	5.973679765	-123.5534721	-35.09004732	12.87334621	9.97288268	-37.96944601	-19.70201756	-32.96478155	-60.99735754	-81.7340506	-37.97383376	-70.00475181	-82.67061133	-113.970137	-7.771101268	114.5328061	-70.60073864	-97.58824513	-78.6433846	125.873353	111.7165653	-56.03010947	96.0772984
alignedLin_38075IM5-Spike-PL4_H01_01 20200803_000091.raw	-11.67637897	111.7757616	46.70680308	-146.0050224	-132.1254023	-2.413631283	6.019391938	2.935532368	-2.10421298	-5.47495849	-0.26091958	-44.177366	9.086237759	-30.63263717	-101.2616841	-116.9209806	-115.074223	2.971197542	-6.29792555	-98.5342541	-97.23200686	-90.36500011	122.4227122	111.0968021	25.02052289	106.5525176
alignedLin_38075IM5-Spike-PL4_H04_01 20200803_000094.raw	148.9533317	120.8144145	34.90292348	-112.6857739	-106.9005481	-5.351041663	13.2901176	9.2195365	-2.934498976	-2.39114522	3.460997245	-44.19433303	-123.3067692	-124.6206134	-62.13590726	-100.9023998	-115.3325121	22.39624071	-34.39391912	-13.99904944	-111.8490593	-102.4357346	-94.64141482	95.59314578	-56.92817386	96.63640288
alignedLin_38075IM5-Spike-PL5_A11_01 20200804_000015.raw	148.7703871	101.6177375	-2.291616597	-15.51732304	-34.13514339	-33.54843633	-0.554725499	13.35416238	-9.183287842	3.08855187	-6.840927953	-20.04205211	3.193594808	-19.43722931	-116.2675191	-122.6836196	-108.6933576	-15.3409568	-42.17069079	59.34432816	-104.9344079	-45.53820386	-8.528164319	91.09865695	-81.08665593	-28.19549766
alignedLin_38075IM5-Spike-PL5_B11_01 20200804_000027.raw	160.0351311	91.66406545	46.43221955	-34.97829005	-23.18591012	-7.499671306	12.82344014	0.473589282	-4.033210417	16.07392653	19.34666467	-1.298544371	-65.16181639	-29.60445292	-88.67110593	-104.6023456	-101.9128162	-9.109847852	-37.24172059	-60.91684623	-44.35822973	7.095896376	-34.47285095	-55.30333498	-101.1274019	-46.80885111
alignedLin_38075IM5-Spike-PL5_C03_01 20200804_000032.raw	10.01536528	91.22401651	19.80948623	-52.06395692	-22.19223419	-2.838573012	10.55794962	7.791582572	13.42771863	-10.85125428	0.794122783	29.2186259	-64.74149147	2.256829976	-46.33625587	-85.62869545	-85.56303292	17.47252589	-35.63017835	-72.32375044	-45.44243039	-63.95626203	-28.99127854	95.10454299	-75.49757685	70.47282375
alignedLin_38075IM5-Spike-PL5_C10_01 20200804_000039.raw	69.56912055	93.69130294	-14.61018254	-28.52149234	-41.77827251	15.5401272	8.936957615	7.554565596	18.07299224	-5.883583896	4.045560669	3.945392137	-100.3757925	5.653544698	-93.45450661	-17.37011353	-43.40222258	4.036733121	-31.40081089	-108.2303371	27.32844629	68.6905098	-28.94781231	113.2952223	-3.176817694	111.0512004
alignedLin_38075IM5-Spike-PL5_D01_01 20200804_000042.raw	141.5834604	143.1874459	52.02401701	-58.58054218	-21.88779247	-3.081323215	8.606590261	7.529826559	-1.969553238	14.84077062	-68.63114808	4.176933714	-79.15393389	-13.45285453	-70.60275918	-81.02534398	-97.16151901	9.97693283	-31.42184874	-4.709370809	-69.01611809	-29.85734569	-2.506596222	95.85118552	-45.03036486	108.2084492
alignedLin_38075IM5-Spike-PL5_D09_01 20200804_000050.raw	115.8208579	2.441337016	25.50100058	-37.67469415	-72.68469723	-25.16220935	6.603024021	0.050364154	-3.62083327	9.452252429	1.055775684	11.74559836	-88.71620015	-32.56399698	37.36579754	-90.46952208	18.27876946	30.42936933	-24.29807396	-89.05712311	-61.01438508	-115.4210005	-33.83053565	120.5091705	-92.82916117	-70.96460691
alignedLin_38075IM5-Spike-PL5_D11_01 20200804_000052.raw	8.32521084	23.94142338	61.16567168	-39.10416596	-115.5425119	-48.22495061	-0.32318584	15.29126269	20.51099303	-60.44320546	-56.05272008	-6.431366279	-56.52188706	-22.33861502	-16.34751796	0.959346359	-93.50078201	-4.255627729	-41.73665165	25.83212928	84.73641343	-37.47926811	-39.63175885	85.95928539	6.479746019	-16.46547118
alignedLin_38075IM5-Spike-PL5_E04_01 20200804_000060.raw	98.63981609	55.80943958	-1.198884176	-36.86349792	-8.52733334	-103.6294002	10.77632527	15.44235841	22.4460489	6.8395437	12.7351605	-23.75750992	-74.67614569	-55.50535611	-14.80633999	-125.1465015	2.487084521	-0.089627258	-28.05746956	-35.31175867	-78.09900027	-49.4101675	-50.93912288	87.5409782	118.9969851	115.4294134
alignedLin_38075IM5-Spike-PL5_E09_01 20200804_000065.raw	-152.7573751	18.10453792	85.34981288	-42.77762081	-121.5252021	-66.16957786	4.133550382	9.608145309	7.857961083	30.2887632	9.432324756	-22.71091664	-99.40050097	-121.5607822	-73.2513112	-18.71718812	-40.08406067	12.6600211	-30.48756692	-79.81733893	31.8789383	-65.60724318	-75.5868055	-25.19449417	-84.43869515	112.3966257
alignedLin_38075IM5-Spike-PL5_G02_02 20200804_000087.raw	1.325804789	20.09327769	16.8002683	-14.02290022	-8.32536249	-9.896335162	5.830562075	2.186707509	11.11165954	-10.72745523	10.25950312	29.0765757	-55.90657405	-102.8519205	-63.68142191	-8.138655738	-114.9888247	-1.078416673	-24.67805981	24.30756315	-62.11936143	99.12842694	-4.197810078	-84.83071457	-76.62658093	-63.78515792
aligned_38075IM5-Spike-PL4_A01_01 20200803_000005.raw	7.438634312	-1.344086688	-6.114702836	7.107735627	9.499251509	6.459446686	4.017305731	-0.518104624	6.390657577	7.901741027	-0.809771825	13.01308009	4.440911869	12.82754904	-77.4697241	-27.597967	-89.92308544	0.878593185	4.023020337	-107.8252885	-17.47249391	-108.2386746	119.3508941	118.332834	-105.9465787	105.1150961
aligned_38075IM5-Spike-PL4_A02_01 20200803_000006.raw	6.375740139	-1.436143972	0.920207537	7.314443638	8.852772016	-6.640425402	3.924689867	-0.605356628	9.55457763	8.380460031	-0.891119807	11.16374595	6.264596155	2.175152286	-113.1462984	-38.62052526	-102.3422412	0.540330703	4.194240475	-97.04282641	-75.19497739	-107.8456898	-50.1913341	118.2590599	-89.93265443	104.8075114
aligned_38075IM5-Spike-PL4_A03_01 20200803_000007.raw	7.934791989	-1.482172614	0.59196284	8.755930634	9.791008991	-7.477962668	4.182489408	16.25422531	9.513339915	8.33746444	-1.198902783	10.61882608	2.954600259	-1.990509964	-113.1822406	-41.20466383	-101.8950079	2.056208922	3.910383625	-6.423028109	-84.71848883	-94.89850793	-113.3340763	118.2221728	-121.1590428	116.3219495
aligned_38075IM5-Spike-PL4_A04_01 20200803_000008.raw	7.166043347	9.583782742	11.30554134	7.747788839	10.3834613	5.437133187	4.367721136	-0.474478622	9.678290774	8.22709171	-0.769097834	9.507363124	4.754764641	12.60896371	-113.0384718	-27.55916803	-89.64412114	0.658876089	4.306877187	5.244406814	-115.70514	-107.7396749	-100.2019076	118.3697211	-63.82891318	116.4656751
aligned_38075IM5-Spike-PL4_A05_01 20200803_000009.raw	3.230166749	9.664635412	11.52243154	8.271788918	10.87771994	6.170810956	14.33069992	9.770978134	6.638083865	8.442069663	9.851522507	9.447149636	6.051651852	-2.668293361	-112.8587608	-26.60157132	-79.53492865	0.597219506	4.248293762	27.79768454	-5.817658857	-47.75065873	-23.92699668	118.5541564	-93.83879832	116.6453321
aligned_38075IM5-Spike-PL4_A06_01 20200803_000010.raw	1.99273012	122.6448309	84.49167403	-11.30883418	-52.46914084	-68.18276127	-3.261225562	10.96058434	8.031986364	-17.49160327	-43.26249136	-82.66624808	-53.82973451	-49.05042676	-101.2689788	-122.0130078	-117.0182387	-20.62030777	-51.87313237	-107.5840669	-116.2123995	-94.08146371	-37.62858776	104.5555526	-94.04859615	116.6812635
aligned_38075IM5-Spike-PL4_A07_01 20200803_000011.raw	158.2212336	122.5730111	56.79163174	-0.377133061	-32.06044547	6.944947092	14.91265498	10.8922193	7.15604311	2.488231168	11.69822036	-37.15679718	-14.12773998	-38.79588909	-105.3335355	-44.94975669	-92.6271604	-36.23589783	117.2841332	-103.7946381	-103.1351908	-70.72170069	-39.47026731	115.8715841	-52.77012196	114.975146
aligned_38075IM5-Spike-PL4_A08_01 20200803_000012.raw	3.845927502	9.638844251	12.06756643	-0.079770174	-7.377763333	5.882175226	14.60854751	10.60572425	6.885510153	3.335296446	10.36267544	9.678691213	2.214858881	12.52559731	-91.65756187	-29.93225298	-104.9725193	10.68513481	2.74938823	22.12661373	6.810143762	-107.1191232	-8.172740852	117.8075138	5.646728041	115.4465896
aligned_38075IM5-Spike-PL4_A09_01 20200803_000013.raw	3.349769825	10.3808562	11.91283389	11.35600184	5.372326929	19.28819865	14.74747131	10.4501072	7.009223298	3.746638311	10.48469741	6.503319573	17.86475617	10.83825365	-92.49290586	-29.81585609	-104.861824	11.06291242	2.615713663	11.37861187	6.191651189	-107.0131083	-121.0328187	115.0142804	-79.39006313	113.6686092
aligned_38075IM5-Spike-PL4_A10_01 20200803_000014.raw	3.496842591	10.51894213	12.61270132	9.113081064	4.098165974	2.936609833	14.8863951	10.86748026	3.88654096	3.59326999	10.07250142	6.112760757	17.98918454	10.69829149	-109.1263573	-43.95336101	-108.1400508	11.1814578	12.82711283	0.410336222	-9.507838603	-82.33303755	-23.97046292	115.1249415	-110.9605848	113.7764034
aligned_38075IM5-Spike-PL4_A11_01 20200803_000015.raw	3.916506323	6.081554217	6.717257581	8.311647279	5.305615515	0.891982836	14.67490349	10.66823721	3.969016389	3.961616264	10.42095838	7.202600491	0.912407987	10.77691467	8.134473247	-43.36669516	-92.57403878	11.26048806	12.90220397	11.55670973	2.971653218	10.46992554	4.860121968	4.124745454	-9.398221988	-0.476819105
aligned_38075IM5-Spike-PL4_A12_01 20200803_000016.raw	15.17303906	5.779591204	6.432390923	2.959115315	4.744645467	0.891982836	14.97901097	10.66823721	3.969016389	3.961616264	8.284086509	7.202600491	1.457161282	10.77691467	9.313436488	-31.91266691	1.347515353	11.26048806	13.14851525	11.55670973	16.83644098	-0.889779565	4.605670533	4.124745454	-8.903163937	11.30927217
aligned_38075IM5-Spike-PL4_B01_01 20200803_000018.raw	15.59270279	4.361833423	6.519147001	3.347133078	3.988699838	2.301364402	9.29358485	10.75548922	2.428294077	3.765252353	8.365434491	6.267121808	18.97221898	6.213393338	-108.5110032	-31.83506898	-112.3496425	9.265660519	12.97729511	0.096036225	-94.00770574	-99.81081888	-41.88136923	115.2724898	-52.145281	113.6844072
aligned_38075IM5-Spike-PL4_B02_01 20200803_000019.raw	15.86529376	4.919730807	5.906035646	2.707079866	4.22643014	0.932441203	15.32942637	10.99835827	4.010254104	4.004611855	8.3247605	6.734861149	17.02410632	-3.110207244	-108.3111527	-77.43544699	-107.061092	11.30000319	12.93974954	-101.6701356	-106.9366036	-110.9740315	-26.14416667	114.7516203	-112.8276234	113.8841977
aligned_38075IM5-Spike-PL4_B03_01 20200803_000020.raw	2.902636404	4.223747497	12.08634604	0.534884781	3.579950647	17.32448838	14.93270303	11.19760131	3.927778674	4.200975766	11.18161134	7.164010228	-0.218574728	-4.994108831	-65.46877517	-77.25851096	-92.36887135	11.73943738	13.35728096	-101.5129856	-92.6594875	-98.98951085	-58.53707164	115.1618286	17.04965254	112.8694475
aligned_38075IM5-Spike-PL4_B04_02 20200803_000101.raw	-0.422925161	6.074023288	8.416143097	-2.244679527	8.664440538	-0.446102189	11.16913825	7.506418272	3.841307648	0.434694506	7.205979108	3.65847076	-5.9068704	-7.667967647	-111.6480267	-96.57064109	-95.72072526	8.402468362	-0.644743701	7.933944033	-79.25017224	-114.2548373	-29.4971677	112.2949907	-12.37474364	110.3126041
aligned_38075IM5-Spike-PL4_B05_01 20200803_000022.raw	3.17522737	5.083607894	6.060768187	-18.24430453	4.939621047	-10.87942442	14.8863951	10.86748026	3.88654096	3.875625083	10.60671938	7.125419966	-1.62193409	10.95618841	-108.4189793	-107.8413853	-109.1083142	10.92222558	13.07342411	-0.041804719	-90.99387196	-111.0800464	-42.29096621	115.3669328	-114.6735202	88.08272446
aligned_38075IM5-Spike-PL4_B06_01 20200803_000023.raw	3.251721315	9.38290988	11.2563445	4.426000568	9.494092849	17.34743115	14.65485544	10.64935025	6.926747868	3.66064713	10.13624044	7.691963058	1.983958357	25.20185781	-108.834483	-44.65642376	-105.1776867	11.50234661	3.033245081	11.08362093	-88.74684156	-107.5474463	-120.3470371	117.6024097	-108.1788925	114.3039119
aligned_38075IM5-Spike-PL4_B07_01 20200803_000024.raw	3.524312281	9.336881238	12.06756643	3.191221582	-8.219218405	5.085096327	14.60854751	10.60572425	6.885510153	3.617651539	10.09556645	9.678691213	16.92319785	13.29928806	-108.6346325	-29.93225298	-116.8337465	10.94436703	2.503076951	-0.028292344	-103.3784327	-107.5827846	-87.56158846	116.5975577	-95.59264336	114.5037023
aligned_38075IM5-Spike-PL4_B08_01 20200803_000025.raw	3.20269706	9.336881238	12.35243309	-20.89517226	9.731823151	4.819403361	14.60854751	10.60572425	6.885510153	3.335296446	10.62978442	-4.245372905	16.92319785	15.3624634	-108.8704252	-121.564479	-116.8337465	11.20359926	2.256765672	-104.0207086	-118.9459137	-93.67294161	-55.50070769	117.0815402	-95.59264336	114.5037023
aligned_38075IM5-Spike-PL4_B09_01 20200803_000026.raw	2.559466618	9.940807264	12.06756643	9.138479321	12.25618837	-67.18339053	14.60854751	10.60572425	6.614977197	3.617651539	10.89689341	9.678691213	2.214858881	-4.237702264	-108.6346325	-122.3280809	-116.8337465	10.68513481	2.74938823	-90.45648041	-105.3243678	-107.5827846	-120.640275	118.5334875	-81.48348891	114.975146
aligned_38075IM5-Spike-PL4_B10_01 20200803_000027.raw	145.3566248	92.98063583	56.50676508	-50.92882384	-6.816793284	-66.91769756	15.52086993	12.0381995	8.238174938	-21.22959662	-94.61115536	-69.05556225	-114.0899697	-37.5064045	-109.3420105	-106.0379074	-116.8337465	-51.53059907	118.023067	-90.45648041	-118.9459137	-107.5827846	-23.43982693	117.5655226	-38.90849654	114.5037023
aligned_38075IM5-Spike-PL4_C01_01 20200803_000029.raw	1.965260431	9.684872892	11.82607781	1.452371699	-7.33500861	3.000010963	14.65485544	10.9358453	6.926747868	3.095936944	10.13624044	6.172974245	16.69229733	-5.745772178	-108.834483	-93.27241034	-105.1776867	10.72464994	2.786933801	-103.9862484	-102.6116293	-107.5474463	-37.90477232	116.6344448	-79.46552551	115.2467992
aligned_38075IM5-Spike-PL4_C02_01 20200803_000030.raw	1.839742231	11.07683951	12.28445663	-125.6376342	3.494441203	2.896151466	14.84008717	10.53735921	6.82116577	3.267919307	10.56604539	6.580500098	-0.573903624	10.65897991	-108.4549215	-78.60877869	-80.58144103	10.88271045	13.03587854	-112.8854296	-118.7605252	-109.0289082	-10.52332327	115.3300457	4.845267907	113.2690284
aligned_38075IM5-Spike-PL4_C03_01 20200803_000031.raw	-3.208052796	4.52571051	6.104146226	0.237521894	5.262860793	-14.02728165	14.93270303	10.62461121	3.927778674	3.353910488	10.38028439	7.41717503	17.21353072	-3.446727332	-108.8546224	-110.0933919	-109.5555475	11.73943738	13.11096968	-112.8165091	-91.44327805	-95.28021939	-42.50663126	115.1618286	-95.82358306	113.3408912
aligned_38075IM5-Spike-PL4_C04_01 20200803_000032.raw	-3.606161962	4.453890706	6.890769737	-20.351243	5.19614938	1.585202238	9.082093241	10.84274122	2.510769507	3.568888441	8.446782474	4.065819114	-3.007337232	10.16047026	-82.73772013	-95.13642737	-95.33123537	9.344690776	13.05238626	11.92062115	-81.04173014	-110.8680167	-41.29489359	115.5882551	-96.12998514	113.5205482
aligned_38075IM5-Spike-PL4_C05_01 20200803_000033.raw	-3.780704417	12.14105196	6.736037196	2.681681608	3.921988425	1.440884373	8.916909564	6.676193481	2.363949694	4.262585399	5.630605621	3.9284251	-0.703895679	-24.02188489	-108.3312922	-33.67734584	-112.1651503	9.463236161	11.19453273	-112.5408272	-106.7141374	-110.7620019	-27.6926084	115.4569251	-55.66956042	113.3926206
aligned_38075IM5-Spike-PL4_C06_01 20200803_000034.raw	-2.941376954	5.681980238	6.624682694	-5.76053236	4.934462386	-17.79286871	9.102141292	6.27770739	2.528900553	15.44641638	5.259083617	4.082786151	11.71895796	-45.78587646	-108.1875234	-96.13750441	-83.69585084	9.36206445	11.34471502	-101.0994628	-108.7550037	-75.84604131	-76.90104118	115.3624821	-115.1731308	113.5363462
aligned_38075IM5-Spike-PL4_C07_01 20200803_000035.raw	-2.472688967	6.42399219	6.754816811	-142.1141151	24.69667826	12.61750456	9.241065087	6.695080447	2.652613697	15.85775824	5.915323559	4.451721742	12.11576298	-9.820270297	-94.16188456	-21.18812295	-112.1489272	7.406752039	11.45735173	-108.682478	-81.64392071	-99.38675954	-14.44408053	111.8432749	-70.75224164	113.8798623
aligned_38075IM5-Spike-PL4_C08_01 20200803_000036.raw	7.917046618	6.818012487	6.271839573	-36.7569983	-1.022434538	11.9013424	9.333680951	6.209342351	2.194023213	15.66139433	6.263780525	2.250419048	-5.505766868	-8.710059459	-113.6607899	-98.74338316	-112.0751303	6.708085623	11.53244287	9.395227867	-81.8130072	-110.4439574	-108.2590871	109.9811193	-87.75628201	110.4158977
aligned_38075IM5-Spike-PL4_C09_01 20200803_000037.raw	159.5939128	89.73999261	50.02995041	-139.7606103	-66.20442632	-60.20531099	122.342785	6.38384636	-1.969553238	-139.1668288	-67.29560316	-121.8991378	-81.06057042	-95.97986784	-113.5170211	-98.5881873	-112.8958	-43.94336987	122.5227009	-108.7017871	-96.74569362	-110.3026043	-31.25960834	119.8083164	-101.2194536	108.6798929
aligned_38075IM5-Spike-PL4_D01_01 20200803_000039.raw	15.53776341	5.518103151	7.039683469	3.891062337	-1.668914031	-39.98970278	9.241065087	6.408585397	2.652613697	-1.365902413	5.38110559	4.19855694	12.66051628	-8.530785714	-109.7241993	-35.18749081	-112.1489272	6.369823141	11.45735173	11.81308257	-81.40067882	-99.15492882	-61.2631445	111.6012837	1.773762814	113.6441404
aligned_38075IM5-Spike-PL4_D02_01 20200803_000040.raw	151.9516414	97.96481377	29.30266083	-106.9799671	7.910331518	-39.68355145	122.4153528	6.738706449	-18.40771922	14.77133346	-49.0684532	-106.1427065	-84.53647082	-27.31794904	-108.2735012	-83.51014446	-112.1120287	-25.73545757	122.334973	-108.6480178	-108.363451	-99.58325198	-77.00034707	114.058083	-116.0123221	113.9157937
aligned_38075IM5-Spike-PL4_D03_01 20200803_000041.raw	8.832868026	5.26216878	7.083061508	0.070672245	5.666451324	-17.0996493	8.983265546	6.452211399	2.423318455	-1.322906823	5.95599755	1.705499181	12.42961575	19.61928978	-110.3956351	-112.0179481	-112.1120287	6.40933827	11.4948973	-108.8740883	-110.552628	-99.11959054	-124.3283139	111.880162	-115.517264	113.6800719
aligned_38075IM5-Spike-PL4_D04_01 20200803_000042.raw	8.930916536	6.260115103	6.884950928	4.621770426	-0.979679815	14.0673445	9.379988883	6.539463403	2.505793885	15.42203483	5.503127563	2.035844509	11.15068476	4.997788705	-113.8606404	-98.70458419	-97.51428018	6.488368526	11.56998844	-5.038821988	-108.2892956	-110.4086191	-42.06292775	114.6158395	-70.39151903	108.8078205
aligned_38075IM5-Spike-PL4_D05_01 20200803_000043.raw	9.077989302	6.398201028	8.154551677	-2.081593659	-2.253840771	-57.01699539	9.518912679	6.38384636	13.4508253	-1.519011006	5.625149537	0.885791286	13.18174967	5.373620378	-113.9886064	-115.6419627	-97.88771659	6.606913912	8.48057852	-83.83403537	-97.2321774	-110.3026043	-92.58240408	119.8083164	-100.9719246	107.9727274
aligned_38075IM5-Spike-PL4_D06_01 20200803_000044.raw	9.127013557	6.142266657	7.628196399	14.91341833	0.032794146	-7.29195231	8.34879072	6.140977312	13.22153006	-1.193950215	2.460515717	2.19020556	-5.298386248	21.91833462	-113.9526642	-114.3304939	-113.827165	6.64642904	8.271812811	-95.10309864	-95.73564836	-87.08419434	-29.69411334	108.2296248	-57.61661396	108.7158243
aligned_38075IM5-Spike-PL4_D07_01 20200803_000045.raw	9.050519612	5.76848384	1.862886776	-1.512266143	-1.436342389	-5.22980971	5.697225659	6.932097423	13.42771863	-0.978972262	1.061231768	12.50974896	-4.273875685	1.483139226	-113.5371606	-100.3916652	-115.5791997	3.992450212	8.213229386	-108.2689552	-86.30706802	-106.3812831	-96.42090872	120.0296387	-100.7455374	108.1883158
aligned_38075IM5-Spike-PL4_D08_01 20200803_000046.raw	9.148568123	6.766430163	1.949642853	-3.205788588	17.72214871	-4.883200009	8.827793996	7.305844477	13.51019406	9.543431333	1.14257975	12.58692948	-5.825183323	2.335453147	-113.4652762	-37.1896449	-115.5054028	4.071480469	6.071519013	-83.55835348	-113.7192463	-106.3106066	-30.69486581	120.1034128	-76.16470154	108.4959005
aligned_38075IM5-Spike-PL4_D09_01 20200803_000047.raw	5.757873457	0.261329803	2.364643628	-1.880354725	0.179856344	-4.230438975	7.751536802	1.706821486	13.36337425	10.23654851	1.264601723	12.95586507	8.735207375	2.453387903	-87.65605093	-22.0557443	-99.90249241	4.190025854	6.184155725	18.2767388	-99.25674161	-115.7037067	-21.41825501	120.214074	-119.1215584	108.6036947
aligned_38075IM5-Spike-PL4_D10_01 20200803_000048.raw	5.16366727	0.609321458	2.692888326	-1.240301513	-0.338358982	-56.79718795	8.101639981	1.750447488	13.67514492	9.715413696	1.03816673	13.24762014	8.231930204	2.234802572	-113.5573	-26.59855663	-115.3578091	2.155683187	6.221701296	-107.8361233	-73.19278162	-115.6683684	-80.66665289	120.250961	-88.14269901	108.6396261
aligned_38075IM5-Spike-PL4_D11_01 20200803_000049.raw	6.002994733	0.793436025	2.296667165	8.456620622	11.89351595	-45.4762499	6.464100225	1.638456447	11.94636508	10.45152646	1.735080663	11.62982758	8.942587995	14.51320399	-115.0640798	-104.0762189	-115.2102153	2.3137437	6.131887973	6.919446005	-114.6388341	-115.5270153	-19.95206591	104.6690799	-92.19976767	108.7833517
aligned_38075IM5-Spike-PL4_D12_01 20200803_000050.raw	4.171351917	0.885493309	2.668289901	8.716264632	-7.374441282	8.27464605	6.252920842	1.725708451	12.02884051	10.25545244	1.549319661	11.4538433	6.029397119	14.59182716	-114.9921954	-120.5433285	-74.4693538	2.392773957	6.206979115	7.214436948	-114.5646787	-104.0966337	-114.5304268	120.4722834	-63.41093833	102.9621689
aligned_38075IM5-Spike-PL4_E01_01 20200803_000055.raw	10.36151012	12.56443985	15.10984797	-147.3587653	-6.343169289	-9.081740659	6.458512845	12.23292122	9.236059892	8.471882334	12.14687496	8.334028959	4.578997949	12.44528544	-105.6367105	-44.26541942	-120.7759754	13.19672935	4.649490157	1.71566732	-90.31911874	12.20744555	-119.1928053	114.8344654	-7.054335457	113.0220092
aligned_38075IM5-Spike-PL4_E02_01 20200803_000056.raw	6.91815526	12.65649713	14.62687073	-20.75899731	12.25435176	5.34659626	6.551128709	12.60666827	9.048002365	5.737221511	12.49533193	8.917539089	19.37028917	-1.264975785	-116.4112879	-44.44235545	-105.6940951	13.53499183	14.82334375	13.0881113	-116.7583294	12.27812211	-68.98829987	114.9082395	-108.4657735	113.093872
aligned_38075IM5-Spike-PL4_E03_01 20200803_000057.raw	150.6530374	105.195265	78.56713625	-71.82199724	-75.40919669	-8.879448824	0.614147558	13.59703143	9.171715509	-60.98324421	-61.10472574	-97.04274222	-112.0632033	-37.80604076	-54.05420222	-107.9594488	-104.3730705	-67.22691683	-27.92218215	-110.9211961	-116.6470963	-111.4134656	121.203281	115.0189007	-107.3624638	113.2016662
aligned_38075IM5-Spike-PL4_E04_01 20200803_000058.raw	151.6188747	106.1011541	59.76593682	-16.45565598	-14.54394641	-86.99318094	121.524656	15.31600173	8.901182552	4.737947482	-26.11344881	-96.03008301	-73.38571931	-34.44993515	-116.3034613	-105.6686432	-120.5914832	-6.048111847	117.647784	-110.9211961	-76.75542626	-111.1816349	120.9488295	103.4033221	-81.12438712	113.2016662
aligned_38075IM5-Spike-PL4_E05_01 20200803_000059.raw	152.3608147	106.1932114	60.42242621	-36.6064592	-57.93361573	-29.52258347	17.41550202	13.11129333	-11.57684674	2.003286659	-96.81598165	-84.05415678	-71.94088382	-103.042396	-80.8626797	-108.3909188	-120.5176863	13.9917997	-26.36922333	-110.8522756	-78.87044787	-97.43294604	-58.61631056	115.0926748	-24.61230693	113.273529
aligned_38075IM5-Spike-PL4_E06_01 20200803_000060.raw	149.2394056	101.4538604	57.66051571	-96.34717311	25.73643096	-84.70580374	17.50811789	13.77153544	-10.14170652	6.602321047	-62.01046572	6.656022907	-91.74142686	-23.96621001	-104.6058528	-110.3495926	-120.4438895	11.21927548	-15.94905846	-76.64671417	-104.5799329	-110.808451	-57.01202918	115.166449	-93.59744264	101.5593006
aligned_38075IM5-Spike-PL4_E07_01 20200803_000061.raw	5.476723248	13.11678355	14.4909178	14.52149173	6.230743423	3.094250268	0.634507834	13.0429283	4.320253332	6.167177418	10.76519997	6.012299289	3.714828199	11.51991463	-28.57279346	-31.07313378	-108.7140328	11.85628532	13.22830923	-110.6799745	-104.4686998	-62.94530863	-122.2896887	115.2771101	-10.06696749	113.4531861
aligned_38075IM5-Spike-PL4_E08_01 20200803_000062.raw	5.798669009	12.81482054	7.938984668	-15.84069541	9.035593666	2.297171369	0.634507834	13.0429283	4.320253332	5.885112217	10.76519997	6.012299289	3.714828199	9.454618868	-116.0518659	-29.03686209	-95.88454219	11.85628532	13.22830923	13.20664319	-116.3875524	12.39967418	118.6758199	115.2771101	-37.54268931	113.4531861
aligned_38075IM5-Spike-PL4_E09_01 20200803_000063.raw	6.316711791	7.563600873	9.536830114	5.475077944	7.243217385	1.927618905	1.123534809	13.2174323	4.485204191	6.05709458	7.989697107	6.16666034	3.880732695	9.35370324	-106.2405985	-94.04236027	-108.3243732	11.75511361	13.37849151	7.918792851	17.05731444	-111.0247445	-10.93926624	112.2787725	3.450524656	112.6540244
aligned_38075IM5-Spike-PL4_F01_01 20200803_000065.raw	6.561833067	6.887855044	9.468853651	5.106378132	6.615535923	0.535752942	11.68411288	7.419166268	4.420859807	0.630768525	7.39174011	3.581290235	13.89367263	7.484965408	-111.4841184	-48.03225244	-108.139881	8.064205881	0.019098996	-107.2048458	-37.00023867	-113.1663603	-40.7706036	111.7372341	2.896593547	110.2407413
aligned_38075IM5-Spike-PL4_F02_01 20200803_000066.raw	0.22096636	7.583838353	8.985876413	1.029673989	9.225410586	15.49547579	11.47293349	8.365903422	4.382929642	0.716759707	8.007306061	3.911635563	15.06613147	7.30542661	-84.2960795	-47.19105263	-83.6174322	8.402468362	10.93188643	8.160014503	-24.76398874	-114.2548373	-29.4971677	112.5369819	18.56638454	110.3126041
aligned_38075IM5-Spike-PL4_F03_01 20200803_000067.raw	154.2581128	118.54235	75.48994185	-5.085382226	-43.65799484	-39.38159315	12.52324303	9.642761628	4.235831789	-2.539035926	-31.66991062	-75.97267113	-8.233831857	-127.8535109	-111.5402001	-49.87452931	-95.85209581	10.59487154	-32.79888459	-3.266198767	-84.49026074	19.84933157	-122.0011308	112.4056519	-25.87564646	110.4203983
aligned_38075IM5-Spike-PL4_F05_01 20200803_000069.raw	0.368039126	7.419961266	9.400877188	5.630683825	10.19512983	14.819772	11.61185729	8.210286378	4.506642786	0.845746478	7.328001081	4.786900757	14.64580655	7.423361366	66.95483455	-114.5261554	-112.3125744	9.039478197	10.30558931	8.263395212	-12.49066111	-77.75140001	-45.9201518	112.4056519	0.114901209	110.4203983
aligned_38075IM5-Spike-PL4_F06_01 20200803_000070.raw	0.095117621	7.164026895	9.159388569	6.569016767	1.823333818	-0.28426872	11.35436997	7.967417331	15.38032038	0.888742069	7.368675072	3.559667009	14.41490602	7.462672952	2.14779852	-20.30979085	-83.46983845	8.560528876	10.58944616	8.297855448	-55.02091427	7.365811162	-14.07493608	97.92306568	-0.088549725	110.4563298
aligned_38075IM5-Spike-PL4_F07_01 20200803_000071.raw	0.466087637	6.908092524	9.202766608	0.958642679	2.146573565	14.90068873	11.40067791	8.297538383	2.151819244	0.367607259	6.608022111	3.851422074	15.00113544	7.501984537	-86.23850233	-46.23345592	-95.77829894	8.081579555	10.38068045	8.332315684	-12.6597476	-38.73316311	-32.10220155	84.89242683	-0.050818532	110.2565393
aligned_38075IM5-Spike-PL4_F08_01 20200803_000072.raw	0.193166131	7.558047191	9.246144647	8.743351154	1.908843263	15.47253303	11.75078108	8.341164385	15.46279581	1.256798451	8.518458992	4.143177139	-1.844740589	7.283134153	2.691268219	-19.97765896	-100.5827177	9.158023582	10.41822602	19.8963699	-0.217333483	-64.66286506	-32.06341517	112.0323306	-0.260616364	110.7639144
aligned_38075IM5-Spike-PL4_F09_01 20200803_000073.raw	0.837057653	9.369825269	8.961277989	-5.247068413	-58.67592199	-3.657360549	12.35837158	7.768174285	16.0044178	0.69266805	-62.53253081	-43.70497047	-62.58473302	-7.690260104	-58.143235	-34.7406287	-95.49933464	11.4911136	-30.71575764	-92.68672424	-42.54142245	-3.923217381	-110.1800056	-119.7952586	-98.52963946	108.1709743
aligned_38075IM5-Spike-PL4_F10_01 20200803_000074.raw	0.389263152	8.044124772	9.70452346	0.589942867	1.238407079	-4.558298946	11.63221757	8.515668393	15.35693567	1.146715613	4.941629177	0.75323096	13.84663282	5.891408675	-48.80355292	-35.60356868	-115.2011415	5.946065177	8.105295507	8.730687334	-111.7170505	-113.9014545	-109.0070543	111.9378876	-86.24979244	110.4361964
aligned_38075IM5-Spike-PL4_F11_01 20200803_000075.raw	-0.47852562	8.740108081	4.378813036	0.978266245	-0.919963672	14.78043373	12.63621917	8.316425348	15.71022209	0.104445993	2.886105286	15.00764041	15.56384496	3.646574117	-85.75111427	-34.50783491	-86.0794413	6.025095433	8.180386648	19.87706084	-13.85965505	-55.87309888	-45.57107432	-95.61680547	12.83728012	110.2723373
aligned_38075IM5-Spike-PL4_F12_01 20200803_000076.raw	-0.156579859	0.285143718	4.378813036	23.00573535	1.604401547	-1.144777134	12.33242392	8.316425348	15.4394111	0.950641594	3.15321427	15.76713481	14.20196172	7.260841696	102.8830042	-19.99939912	-115.8535422	6.025095433	8.180386648	8.799607806	-0.481351067	7.184855956	-14.5279993	97.97617093	-86.42185908	-44.59690198
aligned_38075IM5-Spike-PL4_G01_01 20200803_000078.raw	0.487311663	9.042071094	4.663679694	0.382929242	1.604401547	-1.675617496	12.33242392	8.316425348	15.4394111	0.950641594	3.15321427	15.76713481	14.20196172	4.421060027	-62.64343475	-34.50783491	-88.50009991	6.025095433	8.180386648	8.573537336	-13.85965505	7.880348105	107.3542379	-70.93370098	-12.41068047	-10.18151546
aligned_38075IM5-Spike-PL4_G02_01 20200803_000079.raw	11.80443755	8.48417371	4.707057733	0.428256681	0.244731148	-2.431419672	7.214212651	8.0735563	15.48064881	0.993637184	2.659670292	15.55256027	15.87769773	4.718533582	114.4727862	-34.7235699	-87.49493803	6.323842786	8.217932219	20.36366202	12.20430495	7.915686384	-91.07909474	-66.05698951	-86.13659886	-81.805019
aligned_38075IM5-Spike-PL4_G03_01 20200803_000080.raw	11.20957028	-0.83065105	3.61096914	-0.419421385	21.88483274	-20.43953361	6.349134841	7.830687253	-0.997584283	1.882828376	2.166126315	1.160756813	13.19540738	7.339464867	-85.67922987	-99.59093103	-88.18423718	19.84343359	8.25547779	19.71991085	-1.13692134	7.719193946	-14.70487796	105.5516729	-103.6734285	3.090769574
aligned_38075IM5-Spike-PL4_G04_01 20200803_000081.raw	-0.107555604	8.182210697	4.707057733	0.130588179	3.049581391	-6.147302206	12.07493661	7.78706125	-0.768011001	0.711571984	2.392561308	15.29939547	-2.099161016	3.169561763	-110.7091928	-34.97810387	-114.8483803	6.064610562	7.97162094	-2.469455466	11.71782116	7.683855667	-45.53228794	-82.99637494	-99.50316623	-111.505969
aligned_38075IM5-Spike-PL4_G05_01 20200803_000082.raw	0.165365902	0.889069744	3.80907972	0.680597744	1.604401547	-2.73729822	11.72483343	8.029930298	15.4394111	1.232706794	2.886105286	0.830411486	13.38483178	-26.55837637	114.436844	-37.30770848	-88.50009991	6.284327658	8.180386648	19.87706084	12.16722725	7.416686673	-14.78245073	-68.75577999	-119.3432195	-80.66234128
aligned_38075IM5-Spike-PL4_G06_01 20200803_000083.raw	0.263414412	9.134128378	3.61096914	18.3336942	21.04337767	13.00340919	7.260520583	8.117182302	-0.726773286	1.036632775	3.234562252	0.654427209	15.91917385	3.983359258	2.507220532	-34.17570302	-70.99756104	6.10412569	8.25547779	20.39812226	-1.13692134	-3.640511154	-46.25685586	97.5659626	-100.4555511	109.4013129
aligned_38075IM5-Spike-PL4_G07_01 20200803_000084.raw	12.7424746	0.909307224	4.831019528	0.104884307	2.464654651	-1.923249288	6.884469748	8.335312313	-0.520584713	11.40595794	3.170823224	0.847378523	7.682878396	-13.1169348	-114.9735999	-38.56331949	-115.3531873	3.709379087	8.196894364	110.5464706	11.94652433	-113.58341	-46.82627823	91.9426086	-119.5741592	105.5736989
aligned_38075IM5-Spike-PL4_G08_01 20200803_000085.raw	12.2946801	8.03857109	4.150809122	0.881531063	3.196643589	10.44791251	6.765906228	3.639400474	-0.626444851	12.42413591	3.066410204	-0.770414041	7.576406245	1.755543828	-114.8298311	-38.40812363	-114.7214618	3.75153075	8.593387927	3.526908649	-1.040226963	18.23778997	-32.16740091	116.5312701	-1.351889253	-111.6180986
aligned_38075IM5-Spike-PL4_G09_01 20200803_000086.raw	12.02175859	2.649265498	4.478761349	1.522195504	13.05637416	8.630429607	6.508418913	3.683026476	-0.585207136	12.1850663	2.839975211	-0.984988581	9.79689555	1.794855414	-61.5047504	-38.62385862	-115.6528269	4.310043179	5.675198144	3.561368885	8.726526362	13.86834464	-110.245205	-44.35600447	7.844415882	-111.1107235
aligned_38075IM5-Spike-PL4_G10_01 20200803_000087.raw	11.8468856	3.089314437	4.608895466	1.658177819	-3.644463131	8.486384528	6.951137956	3.813904483	10.37094588	12.31405307	2.961997184	-0.362888188	10.73845387	16.36986049	-50.31466933	-25.27169575	-115.0579998	4.428588564	5.787834857	3.438679123	8.108033788	13.74252876	-32.52115824	-100.3873064	-5.408957911	114.8185795
aligned_38075IM5-Spike-PL4_G11_01 20200803_000088.raw	12.21785562	3.437306092	4.936847692	1.108168254	13.7883631	9.057683257	6.69365064	3.857530485	10.4121836	12.92117906	14.22124851	-0.324297925	8.32854016	1.952101756	-114.6501201	-38.97773068	-116.2314307	4.468103692	5.825380427	3.473139359	8.388353379	-109.0924126	121.969649	116.7157054	-5.618755743	114.8545109
aligned_38075IM5-Spike-PL4_G12_01 20200803_000089.raw	12.07078285	2.393331127	4.806713575	1.269854441	12.81864386	7.874627431	6.858522092	3.726652478	13.80901341	12.22806189	3.41486717	13.73716021	8.748865084	1.834166999	-14.54607122	-38.3305257	-88.98868369	4.349558307	5.466432436	3.821899591	7.547394608	1.848485667	-50.15588	11.33886331	9.614850253	2.778849559
aligned_38075IM5-Spike-PL4_H02_01 20200803_000092.raw	145.7060738	112.937585	69.99850838	-4.360143214	-38.20567388	-128.7940958	5.973084006	9.767787563	-23.53951945	11.97008834	3.437932208	121.1006595	7.138125101	-15.44039253	-114.9735999	-117.2143135	-115.1111215	1.635521291	119.0369701	-109.6461674	-97.26908456	-90.40033839	125.1828916	106.7040731	-1.997872077	106.5165862
aligned_38075IM5-Spike-PL4_H03_01 20200803_000093.raw	12.09858308	7.55249351	4.261871154	-0.192784194	1.903684603	-128.5286756	6.884469748	7.475827164	-0.520584713	11.40595794	2.903714239	1.100543325	7.955255044	2.630945366	-98.93969981	-52.81722131	-101.3133674	3.709379087	8.196894364	14.46652074	-2.891230996	-113.58341	-18.32771755	107.1880555	-73.2862314	108.1666389
aligned_38075IM5-Spike-PL4_H05_01 20200803_000095.raw	149.8701447	100.536864	51.38181161	-72.2481851	-44.39514244	-19.7241898	12.63621917	9.462405547	-19.4952075	-24.15316124	-51.87123648	-91.32157649	-66.14914934	-124.9180869	-73.72568922	-67.08818193	-115.3694105	-77.70691308	112.1237466	-106.2702615	-71.26474124	-102.0074114	-60.8381604	112.4956442	117.7895869	110.743781
aligned_38075IM5-Spike-PL4_H06_01 20200803_000096.raw	154.6993311	120.7683859	53.94561153	-77.30854963	-127.9796797	-92.71473958	124.7366654	8.602920398	-1.35087071	16.74629281	3.687432238	120.8305277	-87.12215121	-94.45497446	-98.01233197	-69.88805551	-116.0956081	-94.8162399	112.8626804	-106.044191	-70.53501557	-79.05617052	126.1836441	111.7696705	-58.4510792	96.8361933
aligned_38075IM5-Spike-PL4_H07_01 20200803_000097.raw	132.0160551	91.94381374	53.81547742	-51.24970382	-103.1447767	14.2654433	14.92765735	8.758537441	-57.26164921	0.821654822	-11.92691082	-11.69043461	-27.05134045	-93.28209937	-111.3245469	-99.27585793	-115.9642375	-26.23824579	112.7500437	-105.6954308	-68.21382976	-79.39401607	-28.89363879	95.44559755	-119.7039421	109.9288213
aligned_38075IM5-Spike-PL4_H08_01 20200803_000098.raw	140.4634694	95.94115271	72.96951997	-135.7165269	-39.96893481	-19.14846933	12.26575572	8.540407431	0.485715548	-2.213975135	-101.6117905	3.306502207	-96.71476623	-42.87891119	-112.2116358	-112.7056187	-57.81085717	-26.43582143	114.5328061	-106.9980843	-81.29103846	-114.1134842	-77.17889187	111.9585565	-99.34768892	110.6920516
aligned_38075IM5-Spike-PL4_H09_01 20200803_000099.raw	-0.373900906	6.422014943	8.459521136	5.83769745	-11.48772649	-15.28444994	10.91165093	7.263549225	3.340923369	-0.086440304	6.712435131	3.950225825	-3.414004447	-7.112332121	-111.6120845	-111.0402779	-110.9339761	7.923519042	9.737875605	-106.8753946	-111.8075079	-102.6279632	-41.16314731	112.0898865	4.99001933	110.3485355
aligned_38075IM5-Spike-PL4_H10_01 20200803_000100.raw	-0.051955145	6.422014943	8.459521136	5.540028948	7.024285114	-0.405643822	10.91165093	7.550044274	3.611734366	0.195624896	7.513762083	3.190731419	-2.596874504	7.344738195	-111.6120845	-32.89835184	-110.9339761	8.182751266	9.737875605	8.19447474	12.975582	7.491627043	-72.20622234	111.8478953	30.980567	109.6413701
aligned_38075IM5-Total-PL4_A01_02 20200805_000111.raw	6.522812904	8.979236032	11.02067469	9.829329048	9.822491256	-117.3130173	4.671828608	-0.187983572	9.678290774	7.662381525	-0.769097834	9.254198322	5.299517936	13.38265446	-53.61872444	-27.05010011	-74.63603775	0.399643864	4.306877187	-6.285187164	8.348224192	4.46639177	-55.16400364	-15.93540629	114.6395142	-11.53127613
aligned_38075IM5-Total-PL4_A02_01 20200805_000112.raw	2.859527273	9.316643757	11.4790535	8.821187253	8.871570047	-119.5424205	13.37206957	0.273015486	6.59684615	8.11671898	9.810848516	9.408559373	4.920669137	12.25041622	-53.94654093	-42.16694192	-92.88544945	0.298472153	4.210748191	-6.14734622	-5.125010885	4.144083451	-23.96578307	-2.962323372	108.3546843	28.68515982
aligned_38075IM5-Total-PL4_A03_01 20200805_000113.raw	2.684984817	9.454729683	11.60918762	8.957169568	8.719349189	5.188955825	13.81510084	9.571735089	6.720559295	7.963350659	10.19997947	9.524330162	4.772720861	13.91573247	-53.83871433	-25.50583755	-93.01682001	0.676249763	4.323384903	16.5630815	8.607768089	15.8416341	8.465908291	9.489890047	-64.3073819	63.91550603
aligned_38075IM5-Total-PL4_A04_01 20200805_000114.raw	3.30074557	9.428938521	11.58458919	1.20033625	8.695392498	-11.57264382	14.3970559	10.11998615	6.697452626	3.70364272	9.909805452	5.705234904	18.09565669	-4.932769843	10.98412447	-14.07354946	3.788849211	11.28262951	2.824479372	11.34415164	5.181605927	11.64888016	8.189723737	-8.438129141	-9.129551098	-0.692407538
aligned_38075IM5-Total-PL4_A05_01 20200805_000115.raw	2.930106094	9.38290988	10.97147784	1.155008812	9.494092849	17.08173818	14.35074797	10.3628552	6.656214911	3.378292037	10.40334943	6.67930385	16.69229733	10.50173357	-2.491998678	2.432359045	-92.83232783	10.98388216	2.540622522	11.08362093	3.685076883	2.340313231	-6.352794423	-7.507051317	-64.61378399	10.8220305
aligned_38075IM5-Total-PL4_A06_01 20200805_000116.raw	2.684984817	9.454729683	11.32432096	7.172992246	8.999834214	6.25172769	14.42331578	9.571735089	6.450026338	3.728024269	9.932870489	-4.146569154	5.317474157	13.91573247	11.00426391	-10.7428678	32.61536194	0.676249763	4.323384903	-5.591824572	8.607768089	15.60980339	-4.76556631	9.731881268	-77.9214783	-1.143717797
aligned_38075IM5-Total-PL4_A07_01 20200805_000117.raw	2.684984817	9.454729683	-6.052545182	7.470355133	8.158379141	-10.22123623	14.11920831	9.858230139	6.450026338	6.269220103	10.19997947	9.777494964	6.1346041	10.56307256	46.13736848	-42.55961294	-92.53268828	0.676249763	4.323384903	-16.89534808	-4.527294005	-7.109606814	-23.59497247	106.5283695	8.961209623	-12.69408724
aligned_38075IM5-Total-PL4_A08_01 20200805_000118.raw	3.153672804	9.290852596	11.73932173	10.57996632	10.5305235	5.04463796	13.95402463	9.702613095	6.844272439	3.292300856	10.05489246	9.64010095	1.901006109	12.22838881	11.11209051	-29.71651799	-78.86630475	10.9048519	2.71184266	4.910797764	-4.659302797	15.94764894	7.818913145	3.79276193	7.094171	12.87166412
aligned_38075IM5-Total-PL4_A09_01 20200805_000119.raw	3.20269706	9.638844251	11.78269977	10.32793087	9.451338127	4.553710394	14.00033257	10.3192292	6.885510153	3.617651539	10.09556645	-3.739043301	2.214858881	13.29928806	-0.170014398	-29.93225298	-80.52386734	10.94436703	2.74938823	0.197778127	4.134482965	0.682159939	-6.137129374	4.79761387	-78.26561158	-0.999992175
aligned_38075IM5-Total-PL4_A10_01 20200805_000120.raw	2.881081838	9.638844251	11.78269977	10.32793087	9.451338127	4.819403361	14.00033257	9.746239097	6.34444424	3.335296446	10.09556645	9.678691213	1.942482233	12.00980348	10.91224006	-44.44068877	-104.9725193	10.68513481	2.74938823	-0.028292344	6.08041809	3.000467102	-10.20835233	6.249561193	3.418966812	10.7860991
aligned_38075IM5-Total-PL4_B01_01 20200805_000122.raw	3.20269706	9.638844251	12.06756643	8.841116434	9.731823151	4.819403361	14.00033257	10.3192292	6.614977197	3.335296446	10.09556645	9.678691213	1.942482233	12.00980348	74.34046241	-29.93225298	-92.6271604	10.94436703	2.256765672	-0.028292344	4.377724856	3.000467102	-55.75515913	-20.12748184	-79.75078573	-12.78608345
aligned_38075IM5-Total-PL4_B02_01 20200805_000123.raw	2.881081838	9.336881238	11.49783311	9.138479321	9.451338127	6.147868193	14.00033257	10.03273415	6.34444424	3.335296446	9.828457469	-3.992208103	2.214858881	-4.237702264	-15.26074388	-43.93162085	-92.38509454	10.94436703	2.010454392	11.50130163	-9.243821019	15.98298722	-54.73735339	7.459517296	-53.01765099	-12.55036162
aligned_38075IM5-Total-PL4_B03_01 20200805_000124.raw	3.20269706	9.638844251	11.78269977	9.435842208	-7.377763333	5.882175226	14.00033257	10.3192292	6.34444424	3.052941354	9.561348485	-3.992208103	17.7403278	12.2677004	113.0104567	-29.93225298	-104.4883876	10.68513481	2.503076951	11.04916069	5.593934309	-0.940655076	-54.73735339	4.79761387	4.409082914	-78.0810291
aligned_38075IM5-Total-PL4_B04_01 20200805_000125.raw	3.524312281	9.638844251	12.06756643	8.543753547	9.170853103	5.61648226	14.30444004	10.3192292	6.614977197	3.617651539	10.09556645	9.678691213	2.214858881	12.52559731	-107.9272546	-29.67771902	-92.6271604	10.68513481	2.74938823	14.89235869	6.566901871	4.855112833	22.87033417	-63.20191909	-38.90849654	114.7394241
aligned_38075IM5-Total-PL4_B05_01 20200805_000126.raw	2.957575783	9.106738028	11.85067624	8.317116356	9.51804954	-11.05877349	13.76879291	9.528109087	6.408788623	3.685028679	9.892196498	9.485739899	5.275998033	12.84483322	57.89105868	-25.03556859	-105.1570115	0.636734634	4.285839332	-6.304496218	-6.51030683	16.03812654	-55.69463962	-3.130540476	-108.4052796	105.3666159
aligned_38075IM5-Total-PL4_B06_01 20200805_000127.raw	2.908551528	9.060709386	12.09216485	7.379700257	8.914324769	5.639425023	13.72248497	9.484483084	6.367550908	3.642033088	9.851522507	9.447149636	6.596405147	13.57921238	-0.857252901	-27.11063924	-92.60648516	0.597219506	4.248293762	5.416707994	8.53361269	15.53912683	-5.606493386	-4.619374857	-65.62048942	1.613081297
aligned_38075IM5-Total-PL4_B07_01 20200805_000128.raw	2.908551528	9.060709386	11.8072982	8.271788918	9.755779842	4.310960191	13.72248497	9.770978134	6.638083865	7.0302942	9.851522507	9.447149636	5.234521909	11.77393397	-0.621460253	-28.38330905	-92.84855102	0.337987282	4.248293762	5.416707994	8.53361269	4.643083162	-6.878750559	-31.96438277	-65.37296039	-12.76595006
aligned_38075IM5-Total-PL4_B08_01 20200805_000129.raw	2.957575783	9.710664054	11.28094292	8.91184213	9.51804954	4.617111525	13.76879291	9.528109087	6.408788623	3.967383771	9.625087514	9.485739899	6.637881271	12.07114247	-41.37764618	-42.85294587	-78.28770091	0.118270185	4.285839332	5.45116823	-6.51030683	4.214760008	7.918219036	-4.582487799	-77.21662242	-0.943927377
aligned_38075IM5-Total-PL4_B09_01 20200805_000130.raw	3.153672804	9.290852596	12.02418839	9.39051477	9.969553453	6.107409825	13.95402463	9.702613095	6.573739482	3.292300856	9.787783478	9.64010095	1.901006109	12.48628573	-0.441749247	-29.71651799	-105.0094178	10.64561968	2.46553138	-18.14839019	20.15137005	-10.48105272	-6.430367195	-48.4773417	-9.490273704	101.0316268
aligned_38075IM5-Total-PL4_B10_01 20200805_000131.raw	-14.4861401	9.034918225	34.28716576	-71.74422593	-29.25559523	-36.6286994	14.91265498	10.03273415	5.262312412	2.770586261	-5.663863616	-69.05556225	-114.3623463	-86.50681865	-0.641599695	-48.51323215	-38.64647336	14.05515373	-69.17350536	61.46287554	-118.9459137	-59.59382631	-42.01478166	114.661628	-34.45297408	112.8536495
aligned_38075IM5-Total-PL4_C01_01 20200805_000133.raw	1.594620954	9.034918225	11.49783311	10.92265664	9.731823151	4.022324462	14.30444004	10.3192292	6.614977197	3.052941354	10.36267544	9.678691213	17.7403278	-2.432423848	-109.1062178	-30.18678694	-92.86922626	10.68513481	2.256765672	11.27523116	5.107450528	-0.01333221	-42.26923309	-8.511903257	8.864605372	-53.0945156
aligned_38075IM5-Total-PL4_C02_01 20200805_000134.raw	2.286875652	9.38290988	11.82607781	0.857645925	10.61603295	21.33282564	14.35074797	10.3628552	6.656214911	3.66064713	10.13624044	6.932468652	0.894451766	10.50173357	23.68098526	-29.63892006	-93.07439369	10.72464994	2.540622522	0.006167892	4.658044446	2.340313231	-24.16439485	118.8123658	-78.97046746	-0.964060769
aligned_38075IM5-Total-PL4_C03_01 20200805_000135.raw	4.042024523	10.12492183	12.24107859	10.50924062	5.415081651	2.855693098	14.18556429	10.49373321	6.779928055	3.507278809	10.25826242	6.035580231	1.291256786	10.87756524	-0.969416186	-29.52252316	-105.3090573	11.36165977	2.653259234	-0.11652187	5.012519435	10.32857242	33.96689141	-32.80546829	-112.7687504	-1.327710204
aligned_38075IM5-Total-PL4_C04_01 20200805_000136.raw	3.496842591	4.177718855	5.206168213	3.760549099	3.256710901	3.467995766	14.27818016	10.29449016	3.88654096	3.59326999	10.3396104	6.619090361	1.374209034	10.69829149	10.18472268	-42.93522517	-92.64783565	10.66299335	12.82711283	11.71385973	18.46497882	-0.960456122	3.510292023	-8.048589687	45.97281732	35.04531373
aligned_38075IM5-Total-PL4_C05_01 20200805_000137.raw	14.9984966	5.01178809	6.277658382	3.095097629	5.994849731	-1.909264693	9.035785309	10.51262017	2.198998835	3.525892851	8.406108482	4.027228851	17.37943522	-3.28948099	17.90979842	-34.08707566	-94.39987036	9.305175648	13.01484068	0.130496462	16.4611903	10.80777109	-10.54505639	3.751424187	17.20057731	0.338140588
aligned_38075IM5-Total-PL4_C06_01 20200805_000138.raw	-2.913907264	4.801882361	6.36441446	2.888389619	5.519389126	1.094274672	9.128401173	10.59987218	2.552007222	3.894239125	8.487456465	3.851244575	0.030282016	7.620812677	5.013087179	-32.73680793	-95.53640279	9.384205905	11.36575287	11.27686997	15.31913625	-0.713088173	3.01844242	-116.4444383	-52.52714547	11.25320737
aligned_38075IM5-Total-PL4_C07_01 20200805_000139.raw	15.6907513	5.057816732	7.460503053	3.140425068	5.19614938	2.647974103	9.082093241	10.84274122	2.510769507	3.851243534	8.446782474	4.065819114	-0.011194108	7.323604175	17.70994798	-32.26653897	-95.81536709	9.603923001	13.05238626	11.01633927	15.03881666	10.37944793	-29.08122473	-20.16881958	103.1308803	23.00336724
aligned_38075IM5-Total-PL4_C08_01 20200805_000140.raw	-3.06098003	4.361833423	5.664547027	3.347133078	5.39112496	1.76997847	-1.350176693	10.18249912	2.157761121	3.48289726	8.365434491	6.52028661	-0.638899651	-3.070895659	6.084223817	-32.08960294	-106.297996	9.265660519	12.97729511	11.17348926	3.045808617	10.54060209	-73.94225	84.78159599	64.688419	23.6386699
aligned_38075IM5-Total-PL4_C09_01 20200805_000141.raw	-4.298416659	4.105899051	-12.23867439	-81.35596226	0.946119293	-55.31355094	9.035785309	10.51262017	2.740064749	21.0319086	-5.750667682	-89.89691274	-58.61364948	11.92643709	94.07082377	-36.12334735	-92.22127761	8.786711199	13.01484068	-33.55400359	-21.97102842	-71.95579464	-27.59330251	-26.01349593	103.0931491	-28.18420029
aligned_38075IM5-Total-PL4_D01_01 20200805_000143.raw	2.930106094	9.986835905	11.54121115	8.886443872	8.9331228	2.734317997	14.35074797	10.3628552	6.656214911	3.66064713	10.13624044	9.717281475	17.50942727	10.50173357	11.89135286	-29.89345402	-104.693555	10.98388216	2.540622522	11.53576187	5.144528227	1.644821082	8.150937351	-7.749042537	108.6565338	10.35058685
aligned_38075IM5-Total-PL4_D02_01 20200805_000144.raw	2.832057583	9.592815609	11.45445508	7.308974561	9.12809838	5.04463796	14.56223958	9.989108145	6.573739482	3.857011041	10.32200145	9.64010095	1.901006109	-3.5033231	-0.677541896	-30.22558591	-116.870645	11.9417808	2.71184266	5.136868234	7.259549844	-0.048670489	22.32264492	-20.1643689	-95.38284553	-0.328758104
aligned_38075IM5-Total-PL4_D03_01 20200805_000145.raw	3.279191004	9.408701041	11.56580958	8.91184213	9.51804954	7.539734155	14.07290038	9.814604136	6.67932158	4.814449049	10.15930548	9.485739899	5.003621385	12.32903939	-0.585518052	-42.85294587	-105.1570115	0.636734634	4.285839332	5.45116823	8.327448499	3.982929292	7.409316166	-2.404566815	-77.71168047	-24.75183175
aligned_38075IM5-Total-PL4_D04_01 20200805_000146.raw	3.279191004	9.408701041	11.56580958	9.80393079	10.07901959	6.742655256	14.07290038	10.10109919	6.67932158	7.637999976	10.15930548	9.485739899	5.54837468	12.07114247	-0.349725404	-26.81730632	-92.81165258	0.895966859	4.285839332	-6.078425748	-5.294097377	4.214760008	-7.094415608	9.211011769	107.4400306	15.32087858
aligned_38075IM5-Total-PL4_D05_01 20200805_000147.raw	3.32821526	9.756692696	11.89405427	8.065080907	10.40225934	6.25172769	14.42331578	9.858230139	6.991092252	5.422154825	10.19997947	9.524330162	5.589850804	12.62624789	11.00426391	-28.56024508	-75.83014386	0.676249763	4.323384903	-5.817895042	8.607768089	15.60980339	8.211456856	46.51454678	-4.900415801	-0.436552321
aligned_38075IM5-Total-PL4_D06_01 20200805_000148.raw	3.796903246	9.894778622	12.02418839	9.985240543	9.12809838	5.576023893	14.56223958	10.27560319	7.114805396	3.857011041	10.32200145	9.64010095	17.69885167	12.48628573	23.13751557	-14.95354824	-105.0094178	11.42331635	2.46553138	5.362938704	-4.416060906	4.356113122	-4.903658587	-8.064807874	-64.68924638	-0.564479929
aligned_38075IM5-Total-PL4_D07_01 20200805_000149.raw	3.20269706	9.638844251	12.06756643	9.733205095	10.57327822	4.553710394	14.60854751	10.60572425	6.885510153	3.617651539	10.89689341	9.678691213	2.214858881	12.52559731	10.67644742	-30.18678694	-104.9725193	11.72206371	2.503076951	10.82309022	4.377724856	1.84131352	22.10697987	21.97899053	-107.9690946	23.7507995
aligned_38075IM5-Total-PL4_D08_01 20200805_000150.raw	3.251721315	9.38290988	11.54121115	10.67062119	9.494092849	3.26570393	14.35074797	10.3628552	6.926747868	3.66064713	10.13624044	9.717281475	16.41992068	-3.166803012	10.94818227	-29.63892006	-66.2050831	10.98388216	2.786933801	10.85755046	7.333705243	1.876651799	7.896485917	22.49986002	-82.93093187	10.8220305
aligned_38075IM5-Total-PL4_D09_01 20200805_000151.raw	2.881081838	9.336881238	12.06756643	7.354301999	9.451338127	4.553710394	14.30444004	10.3192292	6.614977197	3.617651539	10.09556645	-3.739043301	16.65082121	10.46242198	75.99101095	-29.93225298	-80.76593321	10.68513481	2.503076951	-0.028292344	5.350692418	2.073144237	-71.27669664	-7.785929595	7.131902194	115.4465896
aligned_38075IM5-Total-PL4_D10_01 20200805_000152.raw	2.881081838	9.638844251	12.35243309	10.62529376	9.451338127	6.413561159	14.00033257	10.3192292	6.885510153	3.335296446	9.828457469	-3.992208103	2.214858881	12.78349423	22.93766512	-43.93162085	-92.6271604	11.20359926	2.503076951	11.50130163	5.593934309	2.304974953	7.857699531	7.459517296	-33.95791603	27.75807053
aligned_38075IM5-Total-PL4_D11_01 20200805_000153.raw	3.20269706	9.638844251	-5.024433052	10.92265664	11.13424827	4.553710394	14.30444004	10.3192292	6.885510153	3.900006632	10.09556645	9.678691213	17.46795115	12.00980348	-53.69494552	-29.67771902	-65.99991567	10.94436703	2.503076951	11.04916069	5.350692418	0.218498506	-5.119323636	8.911464619	-95.59264336	114.5037023
aligned_38075IM5-Total-PL4_D12_01 20200805_000154.raw	3.20269706	9.638844251	12.06756643	10.32793087	9.451338127	5.61648226	14.30444004	10.60572425	6.885510153	3.617651539	10.36267544	-3.992208103	1.942482233	13.55718498	-53.69494552	-43.93162085	-105.2145852	11.20359926	2.74938823	-0.254362814	6.323659981	4.159620684	7.603248096	5.765578752	-21.82899378	-37.06543147
aligned_38075IM5-Total-PL4_E01_01 20200805_000159.raw	-2.843328443	5.472074509	7.281172088	4.737823559	6.141911928	2.480713475	9.498864628	6.937949494	3.152441896	15.53240756	5.874649567	4.159966677	12.07428686	6.903717695	6.008002733	-35.22628977	-112.1858256	6.848772462	11.41980616	0.701169292	15.37251595	11.16115387	2.310927769	2.668347446	-0.491729608	6.826222106
aligned_38075IM5-Total-PL4_E02_01 20200805_000160.raw	8.832868026	5.26216878	7.367928166	22.07552588	4.264026202	15.3148926	9.591480492	6.738706449	2.964384369	15.33604364	5.95599755	4.237147202	12.97436905	19.61928978	17.40398021	-35.65775977	11.34156047	6.927802719	11.4948973	11.62147233	1.581883586	-0.359705389	-10.58852263	16.53562113	1.068906931	5.955197615
aligned_38075IM5-Total-PL4_E03_01 20200805_000161.raw	9.399604523	6.398201028	7.015085044	15.46281667	0.551009473	12.5945618	10.12712762	6.95683646	13.4508253	15.68696622	6.159367505	2.911109703	11.54748978	5.373620378	17.81948386	-34.95469702	-97.88771659	6.866146136	8.48057852	17.89767621	2.010513974	5.612753911	1.819078167	-13.0448637	-31.16873943	-5.880914306
aligned_38075IM5-Total-PL4_E04_01 20200805_000162.raw	9.448628778	6.142266657	7.343329742	15.805507	0.313279171	11.83794127	10.47754303	7.000462462	13.49206302	15.72996181	17.15150985	2.949699966	12.6784725	5.67082888	-34.96212711	-20.1529283	-97.85081816	7.424125714	8.76443537	6.176471994	11.7772673	19.09427374	2.621218856	12.40110151	116.891349	6.176830198
aligned_38075IM5-Total-PL4_E05_01 20200805_000163.raw	9.644725799	6.628344237	2.104375395	-1.260230694	17.87436957	12.79685364	10.81543693	7.17496647	13.65701388	15.90194417	17.31420581	2.850896215	12.02724705	5.312281389	18.23498752	-22.03400413	-112.2271761	18.21070743	9.160928933	17.84390692	12.65530377	5.557614587	-0.277052815	-13.10241963	-31.97019957	6.32055582
aligned_38075IM5-Total-PL4_E06_01 20200805_000164.raw	9.421159089	7.022364534	2.760864789	15.18538296	0.289322479	-5.720737275	10.3004623	7.835208574	13.46895635	15.98793535	2.971668648	13.05466883	11.565446	3.843523061	0.858215959	-5.157164766	-101.7445472	4.031965341	6.033973442	6.835374351	10.05379837	17.21982696	12.01418882	24.47999366	53.75030562	-5.393672642
aligned_38075IM5-Total-PL4_E07_01 20200805_000165.raw	9.470183344	6.162504137	2.804242828	15.52807329	0.612562226	-128.1647364	10.04297499	7.878834576	13.78072702	9.825496534	1.409688734	12.84009429	10.24503889	2.85124698	-22.68510665	-37.1896449	-85.24717019	4.071480469	6.071519013	17.94728763	10.33411796	-5.927906394	-30.18596294	11.20736359	101.5611387	66.3016937
aligned_38075IM5-Total-PL4_E08_01 20200805_000166.raw	6.62467061	0.773198545	2.562754209	-1.971009602	17.20393338	-3.248583843	9.481692422	1.906064531	13.55143178	9.868492124	1.450362725	12.87868455	10.01413837	3.406352399	12.71973277	-35.87817613	-98.76595998	4.110995598	6.109064583	6.904294823	9.641469989	17.29644789	10.31060155	-12.71288018	110.0148568	-5.086088005
aligned_38075IM5-Total-PL4_E09_01 20200805_000167.raw	6.401103899	0.563292816	2.934376945	16.85350715	0.460341368	11.17975308	9.878103533	17.75054428	13.90444016	10.51861371	1.531710708	13.71535948	8.462830728	3.742872486	-11.02344029	-37.32778197	-85.37854074	4.190025854	6.184155725	6.521074355	9.715625388	16.90346302	14.20494584	-1.023527476	-44.86285075	18.0865137
aligned_38075IM5-Total-PL4_F01_01 20200805_000169.raw	7.093358596	0.911284471	2.692888326	16.6014717	0.50309609	11.22021144	10.83579721	17.79417028	13.94567788	10.5616093	1.839493683	13.50078494	7.687176909	3.524287155	0.330549021	-35.76177923	-88.97263022	18.22808111	6.221701296	7.007675531	9.995944978	17.63429345	-18.58050284	-0.986640418	10.86891116	5.864910183
aligned_38075IM5-Total-PL4_F02_01 20200805_000170.raw	7.414973818	0.911284471	2.692888326	-1.835027287	0.50309609	11.48590441	9.924411465	2.036942538	13.67514492	10.5616093	1.572384699	13.75394974	7.687176909	3.782184072	-87.85590138	-36.77991508	-86.79403747	4.229540983	6.221701296	6.781605061	-1.922907662	17.63429345	12.20812075	120.250961	-1.01248206	18.12244511
aligned_38075IM5-Total-PL4_F03_01 20200805_000171.raw	5.855921967	1.259276126	2.736266365	17.24152492	17.6554373	-2.023978509	10.57830989	2.08056854	13.71638264	10.32253969	1.61305869	13.5393752	7.456276385	4.33728949	0.838076518	-25.79615578	-90.14606109	2.45443054	6.259246866	7.042135767	-2.129071854	6.078095907	12.50135857	-13.53329683	10.65911333	2.129292381
aligned_38075IM5-Total-PL4_F04_01 20200805_000172.raw	-0.058670212	0.839464667	21.71097795	-64.55551415	-48.08752453	-48.35841416	5.902817662	1.682082449	-3.432775742	12.46897845	17.00096676	12.17474744	-35.95808275	18.67886624	-51.59991521	-90.29258605	-21.49382864	-15.53376466	17.74606368	63.47152378	-7.332082649	-115.4916771	-66.98679493	-30.56712525	35.81046967	-46.75712169
aligned_38075IM5-Total-PL4_F05_01 20200805_000173.raw	6.744273686	1.489419335	3.238023217	9.311601635	11.69854037	8.27464605	6.860511336	18.62891639	12.02884051	10.81958284	1.816428646	11.4538433	9.025540243	15.36551791	-23.26885523	-25.85669492	-76.40588069	2.911238406	6.453290394	18.29188999	9.975169285	6.022956583	9.896324718	11.8182254	-90.63913113	29.65268116
aligned_38075IM5-Total-PL4_F06_01 20200805_000174.raw	7.065888907	1.187456322	3.238023217	8.716264632	11.69854037	7.211874184	6.556716089	2.012203501	12.02884051	10.53751764	1.549319661	11.7070081	9.025540243	14.59182716	-99.19408793	-24.07495719	-60.42953385	2.911238406	6.206979115	18.29188999	-4.619344153	17.38266168	-15.80327018	-2.217265392	-93.85700846	12.4449879
aligned_38075IM5-Total-PL4_F07_01 20200805_000175.raw	9.317195455	113.8196602	19.76028938	-91.89568885	36.94219256	-28.12529035	6.252920842	19.48840154	11.75830756	11.10164804	-0.053334244	11.4538433	-85.76153315	-52.46137115	-75.61482312	-104.2531549	47.77390609	16.90977853	18.02992053	-65.58025444	10.21841118	-115.4563388	-16.05772162	-6.573107361	-45.83637753	108.8552145
aligned_38075IM5-Total-PL4_F08_01 20200805_000176.raw	2.388733357	1.023579235	68.03288871	-117.3591977	-69.51385252	-7.545556832	6.695639885	1.856586457	10.25882296	8.97411321	2.739777572	-81.8481979	28.4887106	-46.92760114	-75.03541122	-118.3906599	-73.87452677	0.437461546	18.14255724	-88.76213216	-104.9670119	-21.92254526	-34.77076862	-42.27714682	-62.30762865	88.69093175
aligned_38075IM5-Total-PL4_F09_01 20200805_000177.raw	12.61513045	12.56443985	37.89918061	-65.4999274	-27.37954611	-32.99410763	6.458512845	19.10880242	8.694993978	12.42079514	11.612657	-67.86857648	-71.6864634	25.8559251	-105.4009179	-104.8445022	-118.3553168	15.78905159	5.142112716	-43.27235624	-73.77867018	-45.05474138	-40.0584091	114.8344654	-38.49052169	-36.42562816
aligned_38075IM5-Total-PL4_F10_01 20200805_000178.raw	14.14803477	99.45796779	-2.050127978	-73.60800825	-33.33644304	26.19202274	17.93047665	13.31053638	9.983314379	7.558599486	30.51365585	8.780145075	-76.65423908	-31.86831545	-68.90913905	-91.1602074	-108.0040584	-2.937325153	18.87696094	-100.5219545	-24.94490355	-11.26259612	-53.3504032	-36.22561209	-81.61944517	113.2016662
aligned_38075IM5-Total-PL4_F11_01 20200805_000179.raw	129.6987627	12.16486587	39.23093901	-76.61039714	-37.56767509	-13.95055795	0.89199515	12.99930229	2.655817876	23.04809385	10.45741699	-51.24153626	-111.8143465	-54.60886126	-92.74433595	-90.67287965	-83.5760817	-5.551788852	25.75263891	-99.41091119	-104.7490194	-110.0422823	-40.39511315	-23.66273749	49.79732547	113.4172546
aligned_38075IM5-Total-PL4_F12_01 20200805_000180.raw	8.521307861	15.06664756	6.644785495	37.57794866	52.07806655	54.49436788	18.39355597	13.46030135	22.02860867	23.78420661	7.681914131	-38.6820999	-37.56199387	-52.9026431	-80.57514209	-91.53581963	-29.44780092	-120.2336038	13.34094594	-70.788191	-105.0871924	-26.90553276	-71.79194551	-117.1657916	-80.74707518	113.5609803
aligned_38075IM5-Total-PL4_G01_01 20200805_000182.raw	7.380597584	9.769399248	9.90845285	6.458738324	7.048241805	4.931158269	18.22868452	14.16416946	5.108745534	6.989281362	8.872372042	6.503497072	18.39964727	11.2394602	84.5875382	-19.38631173	-95.66315157	11.83414386	13.45358265	8.213783793	17.13146984	24.43507038	17.12796434	18.45995306	1.793283865	-4.192138245
aligned_38075IM5-Total-PL4_G02_01 20200805_000183.raw	7.380597584	9.769399248	9.90845285	24.61651691	7.328726829	19.01288549	18.22868452	13.87767441	5.108745534	6.989281362	8.338154073	6.503497072	18.39964727	10.46497429	-112.299323	-17.09550608	-95.90521743	11.83414386	13.45358265	8.213783793	17.13146984	0.324675883	-8.826081992	5.15043593	4.516103144	7.593953028
aligned_38075IM5-Total-PL4_G03_01 20200805_000184.raw	6.911579057	13.8587955	9.208585417	13.16913154	8.32240276	4.809783168	18.08976073	14.03329145	5.255565347	7.142359791	8.750350068	6.381234879	20.45423208	11.12152544	31.42636577	-29.42953311	-96.01591274	11.71559848	13.34094594	2.458641331	17.50672052	12.50568901	-42.53003052	18.5912831	31.38357334	-16.55746739
aligned_38075IM5-Total-PL4_G04_01 20200805_000185.raw	10.65565565	12.8406117	15.08524954	12.4635161	13.82779577	5.774122695	17.36919409	13.64065743	10.02455209	6.755399475	13.19224586	9.578229744	2.376464865	13.0911789	48.55154192	-29.52418984	-93.68527419	13.69305234	15.21983732	13.22595224	17.17302122	12.65130594	7.756727498	6.401729776	-63.51209512	12.82009997
aligned_38075IM5-Total-PL4_G05_01 20200805_000186.raw	11.87319041	12.77434558	14.16849192	9.719548579	13.20527297	8.373078388	7.277282723	19.30804546	9.694650376	10.92447796	12.59974495	12.05432047	24.37954098	14.4298376	-76.7060992	-12.52627221	-117.7029161	13.37693132	5.313332854	12.49812942	8.849417237	12.136769	-67.10783394	-96.98783152	-63.07135759	25.2616273
aligned_38075IM5-Total-PL4_G06_01 20200805_000187.raw	11.07234433	1.325542248	2.51355736	11.53126346	12.66825961	7.864635218	7.303230379	19.04628945	9.447224088	11.23063481	2.205559603	11.56961409	6.698578786	14.19396809	-116.7707099	-25.48576406	-115.0257232	2.770551566	6.319615827	12.96957941	-2.075692148	17.72050723	11.03048961	115.5011289	111.4577472	-10.31223495
aligned_38075IM5-Total-PL4_G07_01 20200805_000188.raw	6.226561444	1.305304767	3.064511061	16.98948947	17.69819202	29.63394286	6.371484361	18.16791733	14.29868627	10.92966568	17.94738072	13.57796547	8.314882452	5.408188742	0.166640775	-23.97561909	-103.9069167	2.753177892	6.303108111	-15.53045101	10.07010038	5.88160347	16.35691647	-15.91632197	-62.07668895	17.72286427
aligned_38075IM5-Total-PL4_G08_01 20200805_000189.raw	9.74277431	7.324327547	2.191131473	17.56428606	17.67939399	11.81499851	10.9080528	8.121703624	14.01002226	15.98793535	1.636123727	13.56099843	12.1101993	18.28575039	11.94047042	-22.21094016	-99.80802029	18.03050546	19.58109381	18.5910388	23.18886047	5.86012186	10.23302878	23.51202878	-58.62787193	6.863862282
aligned_38075IM5-Total-PL4_G09_01 20200805_000190.raw	10.73508966	7.048155696	8.482796374	16.10286988	17.70335068	12.90071314	11.38986545	7.859947611	14.03312893	16.01202701	17.41861883	2.949699966	13.22322579	19.59726238	17.61963342	-19.38932642	-97.36668643	7.942590163	9.257057929	6.402542465	12.50699297	5.64809219	0.840058814	13.85304883	-2.170112264	6.176830198
aligned_38075IM5-Total-PL4_G10_01 20200805_000191.raw	9.797713689	5.866094806	7.652794824	5.125841323	7.068876445	15.3148926	11.41612533	7.884686648	3.234917326	15.90075383	6.490215518	3.224487994	12.7019924	19.61928978	17.87556551	-19.62212021	-98.07220877	7.705499392	11.4948973	11.8475428	1.095399805	10.99999971	2.388500541	0.564200578	-115.517264	5.955197615
aligned_38075IM5-Total-PL4_G11_01 20200805_000192.raw	15.83782407	6.40375471	7.305770512	3.871133156	5.604898571	1.175191406	10.43744693	11.54660933	2.905015608	5.109650677	6.164823589	18.35881882	17.81771636	8.215229682	-108.0954995	-31.13200623	-111.9230845	9.722468386	11.44084401	11.57186091	15.39329165	11.18095492	20.14426131	-77.89406011	-13.34209707	23.11116145
aligned_38075IM5-Total-PL4_G12_01 20200805_000193.raw	3.594891102	6.38351723	6.717257581	8.906373053	4.744645467	17.89633268	15.28311844	10.95473226	3.969016389	4.243971357	10.95517635	6.949435689	18.34451344	11.03481158	-66.14021091	-29.3673273	-92.08990706	11.51972028	13.14851525	22.4080923	3.214895108	10.46992554	-10.40696411	59.05675251	16.34479666	11.78071582
aligned_38075IM5-Total-PL4_H01_01 20200805_000195.raw	3.747878991	10.15071299	12.26567701	8.750461557	9.646313707	-123.8569091	14.21182417	10.51847224	7.614633595	4.096370543	10.54843644	9.601510687	17.3849989	13.47856181	22.39419542	-29.75531695	-77.20874216	11.64303345	2.920608368	5.554548938	-5.426106169	15.91231066	-121.2267506	117.0077661	-6.062598541	116.7890577
aligned_38075IM5-Total-PL4_H02_01 20200805_000196.raw	3.698854736	10.10468435	12.22229897	9.894585667	10.44501406	-123.8973675	14.46962372	11.04783634	7.57339588	9.418121713	10.77487143	9.562920424	5.358950281	13.69714714	-0.749426298	-26.99424235	-92.97992157	1.23422934	16.67649444	16.82361221	8.644845788	15.64514166	7.995791807	118.6648175	108.010551	15.86418504
aligned_38075IM5-Total-PL4_H03_01 20200805_000197.raw	3.55178197	10.26856144	11.8072982	9.461240465	10.03626487	-122.6902777	14.02659245	10.91695833	7.449682736	9.289134941	10.65284946	9.447149636	5.779275204	12.80552163	10.69658686	-27.11063924	-105.1939099	1.115683955	4.248293762	16.49416103	8.290370799	4.17942173	-7.387653429	-6.555304621	8.885747236	2.791690425
aligned_38075IM5-Total-PL4_H04_01 20200805_000198.raw	3.230166749	9.664635412	11.52243154	8.866514691	10.31674989	7.499275788	14.02659245	10.34396823	7.179149779	8.724424756	10.65284946	9.447149636	5.506898556	13.32131547	-27.03023684	-27.61970717	-93.09061688	0.85645173	4.248293762	5.416707994	20.69570722	27.36249336	-41.99304854	-7.281278283	-108.6905398	116.6453321
aligned_38075IM5-Total-PL4_H05_01 20200805_000199.raw	8.697625507	9.664635412	12.09216485	8.866514691	9.755779842	8.030661721	5.511583213	16.07386923	7.179149779	8.442069663	10.65284946	9.447149636	6.324028499	13.06341855	22.95780456	-26.34703736	-79.53492865	0.85645173	4.494605041	5.190637524	8.53361269	16.00278826	-22.90919094	-4.135392417	120.2738087	105.3306845
aligned_38075IM5-Total-PL4_H06_01 20200805_000200.raw	8.648601252	9.618606771	12.33365347	8.821187253	10.55448019	7.458817421	5.161167808	16.03024323	7.408445021	8.681429165	-0.606401869	9.408559373	5.73779908	11.9925193	-12.44703486	-26.38583633	-92.88544945	0.816936602	4.45705947	16.4597008	-6.584462229	4.375914168	8.349549133	118.5172693	9.095545068	105.5304749
aligned_38075IM5-Total-PL4_H09_01 20200805_000201.raw	7.634731333	9.874541142	12.00540878	9.667948476	9.670270398	-121.9741156	5.418967349	15.98661723	6.826141393	8.638433575	-0.64707586	-4.047765403	4.879193013	13.75848613	22.65012751	-27.95183906	-91.22788686	0.777421474	4.17320262	16.19917009	8.459457291	3.876914457	7.801859878	103.960909	113.7625916	16.62741532
aligned_38075IM5-Total-PL4_H10_01 20200805_000202.raw	3.824372936	9.920569784	12.04878682	8.523824366	9.993510145	24.72886024	14.28439199	16.03024323	7.678977978	8.681429165	-0.339292885	9.408559373	6.282552375	12.76621005	10.66064466	-26.64037029	-92.88544945	0.816936602	4.210748191	5.382247758	8.2532931	15.96744998	-4.627474034	103.2718224	120.2360775	4.641533623
aligned_38075IM5-Spike-PL5_A01_01 20200804_000005.raw	8.777928647	-2.036525855	1.051664841	-2.061664478	0.008837455	-4.65796541	3.61696686	5.829743225	-3.304086976	-1.500107072	0.56768779	-1.375724896	-4.232399561	-13.95136418	-99.3536595	-37.73751179	-100.5342179	3.772733116	6.033973442	17.68675692	22.2158929	6.091952576	-16.7388233	120.0665258	13.40307447	-57.7239179
aligned_38075IM5-Spike-PL5_A01_02 20200804_000088.raw	9.197592378	5.906569766	1.993020892	15.27603784	0.0943469	-4.842741642	9.78548767	7.349470479	13.55143178	9.868492124	1.183253741	12.11919014	10.01413837	3.148455482	-99.51756774	-36.89631198	-84.96820589	4.110995598	6.109064583	6.678224353	-27.81778117	17.52827861	-15.64344478	108.0407388	-32.56186187	82.83815289
aligned_38075IM5-Spike-PL5_A02_01 20200804_000006.raw	4.024279152	-0.460444669	1.398689152	-1.104319198	18.02143177	-2.474447708	4.291225562	1.021840345	-2.974185258	9.562335267	0.893079719	-1.320167596	8.901111871	3.642221912	-35.63789954	-26.99122766	-103.8700183	2.014996347	6.340653682	6.884985769	-1.811674564	17.50847756	-20.7542066	102.4542719	10.73457572	3.144042494
aligned_38075IM5-Spike-PL5_A03_01 20200804_000007.raw	2.884891033	0.583530296	2.098556585	8.716264632	11.41805535	8.806031982	5.037739852	1.152718351	-2.850472114	9.691322039	1.282210677	-2.723385621	8.753163596	-0.624090914	-63.58939806	-24.07495719	-90.92983236	2.133541732	6.206979115	18.29188999	10.94813685	5.791125867	-20.89229887	107.1627663	-1.776211	53.46058553
aligned_38075IM5-Spike-PL5_A04_01 20200804_000008.raw	3.901370876	0.465681851	-3.994997736	9.492911388	11.02810419	8.967865451	5.22297158	1.32722236	8.135797019	9.863304402	11.32793906	-3.581683778	8.646691444	-0.208947655	36.2946609	-24.93789717	-114.9888247	2.291602246	6.357161398	23.62935174	-3.011582011	2.455018235	-39.82101093	120.1358492	-19.94243411	-46.34174284
aligned_38075IM5-Spike-PL5_A05_01 20200804_000009.raw	4.370389403	0.301804763	-3.295130303	9.926562204	11.43685338	-13.49466159	5.058100128	1.744595416	7.988977206	9.710225973	11.71707002	-2.200088979	-10.83999882	13.06172985	72.71455532	-40.85713983	-114.8781294	12.77943661	3.514062757	-21.02922064	-7.278702943	12.29792316	-37.92349173	101.8551776	-50.77036871	89.30610102
aligned_38075IM5-Spike-PL5_A06_01 20200804_000010.raw	-4.126049119	-5.553340929	-3.121618147	-9.835917637	11.32738724	5.265679526	4.939536609	11.94642617	8.153928065	3.958839128	11.87976598	8.587193761	4.034244654	-1.996941889	-116.4831723	-42.73821565	-78.17238383	-1.579507448	3.910556319	13.01919083	-7.616875926	-10.74379536	-34.71492897	-48.26761718	5.56964484	113.0220092
aligned_38075IM5-Spike-PL5_A07_01 20200804_000011.raw	0.108270027	11.70457945	-3.078240108	10.1531994	11.37014197	5.306137893	5.289639788	11.99005217	8.465698736	4.84803032	11.65333099	8.372619222	4.892850721	-1.183939554	113.2148092	-44.22662045	111.160018	-1.539992319	0.746055258	1.750127556	4.825538195	12.24278383	-8.976547683	-85.25538686	6.34996311	-24.36788365
aligned_38075IM5-Spike-PL5_A08_01 20200804_000012.raw	3.376751891	-5.461283645	-3.034862069	12.87754335	-4.574749699	-9.000823925	5.639742967	12.03367817	8.236403494	4.60896071	11.96111396	8.664374287	4.38957355	-1.523137755	-92.83202311	-27.38858006	-90.44394588	13.27575961	14.3307212	13.31418177	5.105857785	-57.73475422	120.5780189	5.770199102	-7.968989172	12.2049307
aligned_38075IM5-Spike-PL5_A09_01 20200804_000013.raw	128.3897556	106.9610145	109.5742239	-37.33777852	-29.73289244	-32.83227417	-0.343546115	12.12093018	10.75367554	3.84875629	-2.915641172	24.43777254	-30.9364384	-64.95235919	-92.76013871	30.97729497	-24.52823477	-1.421446934	-41.99947065	-77.9493677	-20.36038533	0.989093567	-8.605737091	-60.70361242	35.91911072	-75.17600374
aligned_38075IM5-Spike-PL5_A10_01 20200804_000014.raw	128.4387799	127.842491	39.82527075	-37.59011958	-80.45792712	-7.816676958	0.310352311	-5.598136911	-8.953992599	-15.85281215	-61.9060527	-57.29586828	-16.1866233	-19.47654089	-93.43157445	-122.7224186	-92.26977746	-5.270415173	-27.42955959	-20.71907852	-20.08006574	35.33537786	-23.07068248	115.0189007	-64.04488436	-40.01752034
aligned_38075IM5-Spike-PL5_B01_01 20200804_000017.raw	3.523824657	11.88869402	-2.904727952	11.82285166	10.98019081	5.467971362	0.310352311	12.45105123	8.360116638	5.302077883	11.81602695	7.767485867	1.24548215	-0.888879058	109.5858956	-42.54422083	-78.22995751	12.87584054	0.896237541	2.114038971	5.217090884	-10.79893469	-25.61519683	-74.21823371	18.3822811	-10.31657033
aligned_38075IM5-Spike-PL5_B02_01 20200804_000018.raw	3.474800402	11.84266538	-3.517839307	-8.166265377	-5.611180352	5.693205961	0.264044379	12.40742523	8.318878924	5.541147492	-3.984077109	8.741554812	2.838265912	-1.186352614	72.53050763	-27.31098212	-90.61221487	13.09555764	14.40581234	13.38310224	4.450287513	1.220924283	22.9462408	85.21709354	5.225511563	101.8510872
aligned_38075IM5-Spike-PL5_B03_01 20200804_000019.raw	6.099390744	103.0815239	-2.904727952	-48.00851713	-99.8113938	5.202278395	0.614147558	12.45105123	9.171715509	3.32762148	-3.676294133	-20.08064237	-71.47908278	-32.64280136	48.04401442	-77.92444142	-24.00720461	14.94969834	-42.20823636	-65.93317255	-50.24206018	76.36941465	-55.89491755	-47.84119067	-19.48965979	101.8870186
aligned_38075IM5-Spike-PL5_B04_01 20200804_000020.raw	147.8813743	-9.734794469	-6.781506662	-42.83179386	10.52868689	-47.56676242	5.897230282	13.13603237	-7.766278674	22.90020314	-9.181169783	-21.50082743	-50.39960876	-100.9900463	-68.34552991	-122.8776144	-90.23877845	16.34703117	117.4976017	13.05365106	-88.33610592	-111.5548187	-40.27407414	-73.15582584	-37.95773244	113.0579406
aligned_38075IM5-Spike-PL5_B05_01 20200804_000021.raw	128.6414531	146.14994	-6.143796883	-21.03096194	-9.319038421	5.103846057	4.754304881	1.744595416	7.447911292	-9.752272853	-17.66491825	-36.37733727	-55.50976903	-0.606806731	-28.91207603	-44.92968321	43.43294378	-19.88382368	117.3098738	-100.8320966	-47.17037301	-80.66619409	-21.38414848	90.96557268	-63.14681998	-99.742803
aligned_38075IM5-Spike-PL5_B06_01 20200804_000022.raw	115.7145984	102.0173115	-7.326641554	-13.63457685	-7.398397973	-14.59789182	5.315587444	1.127979314	7.947739491	9.103099982	-3.815925061	-33.63111471	-51.73797209	-117.9892154	-0.417107806	-103.2567593	-48.10485018	-17.07178433	-39.87426799	-42.54037554	-86.85587888	110.5588086	-37.96227811	78.58713338	5.133459847	101.9991482
aligned_38075IM5-Spike-PL5_B07_01 20200804_000023.raw	18.00080642	100.8352506	44.25882197	-32.95732557	-52.5325302	-113.9441185	3.822558863	-0.279756898	9.323510944	-7.514655184	2.617755598	-1.45756161	-90.39193616	17.94448708	-23.50464788	-103.744087	-90.92983236	1.615077283	-50.69092643	-88.18730146	-31.8624359	-21.33306794	-66.69355711	107.6467487	-46.08390655	101.5478379
aligned_38075IM5-Spike-PL5_B08_01 20200804_000024.raw	128.6364425	131.3335149	63.06002141	-41.29204361	10.29611525	-9.261089732	-2.253346083	-0.566251948	12.02884051	-9.207046386	-2.99153307	-7.533516861	-36.18898327	-50.65609273	-40.2459259	-72.18187584	-103.5172571	3.948167304	-36.89749478	-85.02231488	-99.4836815	-57.49865969	120.8371502	120.4722834	-62.42082223	109.0909363
aligned_38075IM5-Spike-PL5_B09_01 20200804_000025.raw	85.44195434	91.98626595	64.96733193	-33.47154644	-11.66722609	-43.0850132	3.426147752	-0.367008902	-2.39188163	-6.754450764	-23.37316385	-49.12972494	-16.11606359	-97.67195472	-115.2998724	-119.8573245	-18.8680026	0.239885904	116.9719637	-38.06857756	-61.12561818	-80.75240788	-18.17090586	-85.77801058	-118.9329024	-71.7795666
aligned_38075IM5-Spike-PL5_B10_01 20200804_000026.raw	160.1822038	92.4060774	0.129088403	-34.24758196	-19.41134064	-2.330129843	10.53200196	-0.828007961	13.94567788	-10.87534593	1.839493683	-47.51193237	-90.91316955	-30.51810583	-76.06626897	-71.14199983	-36.44433835	18.22808111	121.4953801	-82.96837159	-2.652633334	-41.48253922	-17.05379423	107.6674176	-76.26130579	-35.6221311
aligned_38075IM5-Spike-PL5_B12_01 20200804_000028.raw	136.1375562	108.4819369	52.04279663	-31.2032274	-3.917952885	-24.05355196	3.313171612	7.835208574	-2.492488105	-1.782172272	-34.69069813	-0.363065688	-89.21391363	4.101419977	-113.5012184	-119.9519812	-85.52613448	18.03050546	-34.1147651	-27.30126664	22.45913479	5.86012186	123.9728201	108.208956	-15.06276345	-81.29610044
aligned_38075IM5-Spike-PL5_C01_01 20200804_000030.raw	123.2729473	140.4900163	3.330598105	-31.79795317	-1.113102642	-36.00973544	1.794195376	-1.046137972	-2.492488105	-1.218041872	-11.4522165	15.33315205	-30.10818109	-30.71466376	-113.5012184	-119.4429133	-115.5423013	35.91752895	-34.36107638	-4.694219627	-113.756324	-104.9549605	0.309422826	81.10593926	-71.49938125	109.1671345
aligned_38075IM5-Spike-PL5_C02_01 20200804_000031.raw	89.82496435	141.0939423	2.475998131	-37.15048514	-40.38100605	-75.8636804	2.40178587	8.408198674	12.65735748	17.68032655	-54.18965398	29.51038096	-64.97239199	3.585626144	-59.74049461	-40.2828514	-85.28406862	-11.00350368	122.7855199	108.3410155	-86.26999032	-76.67161315	-15.72101756	-82.72211701	-71.25185222	-46.40927027
aligned_38075IM5-Spike-PL5_C04_01 20200804_000033.raw	15.70639074	3.864648479	-1.642269199	-36.69174168	-18.63143832	-94.31787018	3.317887481	5.985360269	-5.321530818	-6.14213705	-51.37347712	-59.21307057	-84.707939	18.68360947	64.88598965	-39.89018038	101.7221467	22.57814012	-35.21264693	18.48765809	-1.976287368	16.41831998	-16.09182815	-55.48777027	-87.94949051	-17.52327996
aligned_38075IM5-Spike-PL5_C05_01 20200804_000034.raw	7.246346486	141.4677251	1.974241278	-3.477753217	-0.204936156	-59.59300832	3.225271617	5.611613214	16.77969621	14.6446966	20.13038267	-46.37884619	-49.65430369	-97.19072925	-11.3469201	-84.76575547	-112.0958055	9.796730862	-33.56355912	-5.092591278	-45.3474993	-75.92098168	-16.16940092	-38.38016774	-26.39022556	108.0445902
aligned_38075IM5-Spike-PL5_C06_01 20200804_000035.raw	98.08891159	122.8841042	-2.168624476	-36.34905135	-2.04006716	-2.879031379	5.34712248	5.455996171	-3.657095362	-2.150228654	-15.54019925	43.10409975	-8.673378172	-64.83567992	-76.08207173	-119.5205112	-103.5128051	3.69370286	-34.6824788	-39.35192203	-2.912177231	-63.52793888	-15.79859033	108.1351818	-88.90187542	-58.26722436
aligned_38075IM5-Spike-PL5_C07_01 20200804_000036.raw	97.99086308	141.5137538	32.78321838	-64.98654337	-42.51542011	-22.08984169	4.183901967	5.655239217	-2.927971921	-3.646545837	-15.35443824	-1.276921145	-119.8860027	19.41798863	-113.4091945	-116.7982356	-18.37941882	3.873904827	122.6353376	-72.65320162	-83.98588221	-75.65381268	-30.12544344	95.9618467	-114.9678855	94.64437756
aligned_38075IM5-Spike-PL5_C08_01 20200804_000037.raw	151.504508	8.163950464	94.42577102	-56.54432941	-4.540475687	-57.58883969	10.08081969	4.907745108	18.27918081	15.50802601	22.41234155	17.04974836	-28.8057302	-41.34503311	-47.05943657	-84.88215236	-85.33719025	7.604327681	-45.25282596	75.05904492	-112.5934942	8.591214945	-28.75388038	-42.36268844	-69.57346957	-70.50462589
aligned_38075IM5-Spike-PL5_C09_01 20200804_000038.raw	147.4490283	124.8395219	47.81899361	-29.96297934	-25.7478714	12.126577	8.070943128	7.884686648	3.234917326	-1.605261915	3.552016691	-75.76293027	-80.9955744	-91.27638435	-47.91058332	-111.7634141	65.08018165	-87.95119145	-47.37349848	-72.92888351	-80.87711734	-75.93651891	-42.64940339	108.4922849	-26.65434392	113.6800719
aligned_38075IM5-Spike-PL5_C11_01 20200804_000040.raw	92.13121028	7.677872884	-16.84573777	-23.12363294	-5.272464625	-55.62512943	8.983265546	4.7332411	2.693851412	-3.017037378	22.51675457	-27.66161787	-120.2178117	-46.66021778	16.93239491	41.97509838	-31.26203109	9.520124964	-45.15669697	0.091878354	-94.25542132	-110.4792956	-28.90902592	-79.53489341	-27.64446002	-6.066615483
aligned_38075IM5-Spike-PL5_D02_01 20200804_000043.raw	67.66098379	55.66420079	47.50952852	-28.79892604	-3.61351117	31.76491375	2.266641267	7.286957511	11.86886528	17.14028781	-11.96336943	16.62059928	-79.65721106	-42.04010069	-114.1884569	-83.78641859	-56.69962176	-9.166736654	-44.1924897	63.37230095	-14.73609878	-52.07775618	-62.77279985	-55.11444901	-26.92301481	-105.0838714
aligned_38075IM5-Spike-PL5_D03_01 20200804_000044.raw	159.642937	142.6295485	47.50952852	-38.31453843	-19.88164258	-42.36342387	5.307715993	5.567987212	15.92685963	-5.14286302	2.727624701	-14.77183618	-44.79300016	-41.00851302	-100.7482759	-112.8032902	-113.1009674	8.720286836	-35.07897236	-95.78131005	-99.38427672	18.16695087	-31.98417625	-42.53090554	-58.60673006	33.75628378
aligned_38075IM5-Spike-PL5_D04_01 20200804_000045.raw	100.7598819	113.9172711	20.9923309	-36.25839648	-24.95432971	44.76092634	8.173895569	6.689228375	15.09215409	-8.551737081	-10.65088955	-1.375724896	-91.39292682	-32.26204526	-46.30031367	-119.1883794	-115.5423013	-10.74427146	-34.85369894	-73.19357209	-112.2968726	-106.1141141	-47.01854402	-66.75069646	-58.3803429	-82.47470957
aligned_38075IM5-Spike-PL5_D05_01 20200804_000046.raw	102.7385975	107.9240395	-17.13642323	-32.04998862	-22.38720977	-23.21601469	1.840503308	7.305844477	-4.615514045	-7.66254589	-3.665381966	-18.29917638	-70.92320212	-110.1076025	-11.13126689	-99.04139746	-60.79851821	-11.22322078	-37.03295488	-61.17737693	-44.88179121	-41.39800599	11.2896209	-67.68177429	-45.22357336	-105.5395171
aligned_38075IM5-Spike-PL5_D06_01 20200804_000047.raw	102.1443913	114.0093284	72.92481874	-34.97829005	-20.38105988	-42.03975694	3.405787476	8.495450678	12.46929995	-7.619550299	19.07955568	-1.298544371	-89.40333803	2.632661649	-59.90440286	-71.51293069	-103.1231455	-14.55372457	-37.24172059	-108.1655745	-57.73653371	81.04989488	-30.14717656	-66.91891357	-44.93831314	-82.63856858
aligned_38075IM5-Spike-PL5_D07_01 20200804_000048.raw	-18.09067716	77.8197955	0.896932299	-61.10089666	-94.10586655	10.60790878	1.629323924	1.376700434	13.05160358	-9.268945911	-16.67237421	-15.18401823	9.238484547	-30.33883209	-51.85151062	-102.527275	-102.3600495	18.40828307	-37.20417502	-3.686557038	-14.40239948	-53.84024374	-3.136538102	11.76512015	-1.583002497	-70.10938043
aligned_38075IM5-Spike-PL5_D08_01 20200804_000049.raw	102.291464	17.8212132	41.43475382	-13.43217988	-1.46029908	-79.3810901	8.709230476	0.317972239	-3.368431359	10.8436745	-17.1252442	17.29825697	-30.17317712	-32.32338425	-49.65749238	3.945518702	60.62407198	19.26501	-49.44464785	28.93651114	-113.3276936	-103.3813405	-52.67699508	-72.61604168	-75.02366066	108.6396261
aligned_38075IM5-Spike-PL5_D10_01 20200804_000051.raw	10.13761287	17.18594233	61.62986931	-21.65200282	-136.9636812	-9.000823925	-0.132366732	11.46068807	9.048002365	1.788308706	17.03618466	-69.31038477	-74.87203092	26.10019303	-81.04239071	-104.7669042	-108.3568196	17.68270742	-42.32087307	-87.96538886	-19.70481506	23.63782721	-9.192212732	-60.53539531	-37.67247222	113.093872
aligned_38075IM5-Spike-PL5_E01_01 20200804_000057.raw	124.9756964	82.32147228	-15.76938398	-9.834534988	-24.85185884	-92.26969754	8.892472959	3.639400474	14.26815998	13.83446191	18.82584027	-3.555226865	-27.5601813	-13.21785043	-90.07160302	-121.131661	-101.1657736	19.06195111	119.1871524	71.80019064	-42.14810648	-67.30774436	-33.69410952	-4.222348922	-92.44257061	102.8887626
aligned_38075IM5-Spike-PL5_E02_01 20200804_000058.raw	19.27286213	23.94499981	20.27954784	-41.48413132	-43.45453855	-10.34065993	8.490474468	3.259801348	10.38879889	-3.74475942	-1.027028625	-35.02949904	-32.27910025	-48.66993681	-15.165762	-105.6808422	-37.82276693	14.30664452	-26.21612375	-19.37928718	-47.57805716	60.8197014	-21.81714472	-88.51351845	25.05370155	3.573675859
aligned_38075IM5-Spike-PL5_E03_01 20200804_000059.raw	137.0772104	27.84472782	-5.071860765	-14.42200156	-71.52699768	-65.57072756	9.072117307	15.55434946	11.44865817	6.385496137	-41.1164413	-36.31694628	-49.80912617	-113.7490457	-114.2188137	-104.4299125	-25.25601739	14.54373529	-40.03059325	-70.26445202	-119.1119487	-60.44756428	-69.92367459	117.1583501	-49.96873502	103.0281528
aligned_38075IM5-Spike-PL5_E05_01 20200804_000061.raw	90.41629907	75.87708436	43.04024895	-12.61636699	12.63730765	-45.11558523	2.105186895	16.43272157	6.321102233	9.789182476	26.74684965	7.750696329	-19.86022028	-55.38742135	-109.2513653	-75.39598215	-68.56958335	13.78234659	-15.3829576	-24.80913634	-106.4470684	20.24506223	-24.86871739	-22.21237472	5.494356001	-37.21053532
aligned_38075IM5-Spike-PL5_E06_01 20200804_000062.raw	131.4995077	29.25693192	38.37599992	-38.62988536	-75.82494115	3.352721177	2.59421387	16.32073053	8.38173007	8.268773636	11.41722453	-37.4114422	-80.64404383	-18.82933725	-95.90320818	-124.1113068	-52.44564277	8.231436797	-41.09545965	-46.82620147	3.160093203	9.026710246	-6.39306855	113.6922482	-22.3254991	-77.84668551
aligned_38075IM5-Spike-PL5_E07_01 20200804_000063.raw	-2.653826045	-1.451238121	59.80582003	-25.44181642	-71.25167131	-51.50833956	3.902010723	18.12695283	6.568528522	-10.26153841	-20.12286715	-23.15703276	-19.61136354	-69.60862216	80.54157702	-47.41898659	-39.05822354	10.38645626	-41.26667979	-57.38259309	-92.35981442	-36.10960288	-25.14490194	112.314075	4.235569009	110.5669158
aligned_38075IM5-Spike-PL5_E08_01 20200804_000064.raw	91.22848739	129.4828611	60.54848056	-25.55817517	9.699034581	-119.2940724	20.79598105	9.133615246	4.837802402	26.57892	8.324311785	-27.30647334	-79.03470208	-54.9943055	28.81096324	-44.2093832	-15.43024126	-20.59532126	-31.01773505	-12.48279906	-83.21155366	21.06210645	-25.7531107	83.66466799	2.653790605	113.7750252
aligned_38075IM5-Spike-PL5_E10_01 20200804_000066.raw	114.2827334	110.3413428	84.05707607	-45.32065501	6.223748154	-11.37164547	3.96867893	9.166621502	7.71086323	0.236773531	8.220173005	6.771971194	-78.86879759	-120.6683615	-95.30799352	-77.6526702	-3.663486184	10.96207593	-28.65075125	-56.4286998	-26.14464046	9.38009303	-11.09423338	113.3351451	-41.7505092	110.8543671
aligned_38075IM5-Spike-PL5_E11_01 20200804_000067.raw	81.26939282	44.04756587	-9.153123198	-17.20383356	-83.12271044	-17.08951435	15.04423163	10.15610223	2.95997843	18.98206353	-13.53825411	-23.99836388	-98.33535323	-59.10787789	-34.12987106	-125.8977259	-83.43452506	26.65054033	-19.4245972	66.43094621	-69.81694767	33.13284093	-27.26276604	113.2038151	-71.83585672	112.3764923
aligned_38075IM5-Spike-PL5_F01_01 20200804_000069.raw	-3.08039652	7.510041303	9.91334734	-11.84580054	-14.12339446	-4.614765842	14.43664113	11.30090586	17.58377226	2.904347106	21.41709748	3.343434753	-120.9194042	-26.83763165	-113.3562008	-95.09911663	-31.39036491	8.226136165	-2.429118923	21.66899312	-65.92507742	44.26071531	-43.03875499	-80.63115254	-28.27074825	34.11684621
aligned_38075IM5-Spike-PL5_F02_01 20200804_000070.raw	89.96192837	-7.890072359	12.75908921	-10.65512653	-101.073752	-31.42220412	15.34802688	12.73191039	2.689167434	3.468477507	6.474351763	-28.30216551	-19.69932018	-9.798941632	-60.53864765	-0.667017047	-14.68782049	-4.748796345	-19.17828592	-38.46575194	-16.06048984	-77.45041076	1.999148941	114.17178	-97.57887537	-54.51456017
aligned_38075IM5-Spike-PL5_F03_01 20200804_000071.raw	9.797433914	16.26696868	38.37076605	-54.71006474	-57.03760318	38.64872366	15.34802688	12.73191039	2.418356437	4.596738308	7.808525488	18.28015808	-94.25389823	9.305044144	-60.53864765	-31.7201603	-113.9348236	24.57455113	-33.21802885	0.192298454	-40.87116269	20.84581296	-43.03875499	-27.15109281	-13.41900672	21.62358946
aligned_38075IM5-Spike-PL5_F04_01 20200804_000072.raw	-4.046233803	81.7929425	53.45319797	-40.71964517	-120.4272187	-33.01472521	14.13284589	10.72850404	2.95997843	2.904347106	20.61659325	-87.79589402	-56.1603182	-55.23544834	-32.00773722	-16.95719056	93.75768531	25.61254573	-19.17828592	-74.18488623	-9.492958797	-13.69696377	-44.31101216	-68.77358273	-116.8861394	-83.27262287
aligned_38075IM5-Spike-PL5_F05_01 20200804_000073.raw	32.87948019	106.1598893	-5.540414843	-13.72246642	-34.12334063	-34.42274285	2.496010626	9.496448411	5.58561297	0.561834322	11.72969868	-10.15148029	-36.65228643	-35.17743786	-60.3747394	-125.9753239	-42.35712553	14.89407081	-18.76075451	-23.16188045	-52.86417073	-54.10618497	-27.34033881	-51.18199775	-98.1493958	-30.7785186
aligned_38075IM5-Spike-PL5_F06_01 20200804_000074.raw	-0.204108698	128.275009	65.38624175	-25.85584367	-14.42267751	-31.43999251	3.479651956	10.56609049	5.108613399	28.27131121	-113.6191667	8.136598956	55.92541001	-7.750665001	116.054243	-79.58960379	-113.7089809	13.65850057	-31.51035761	-91.38139314	-107.7789846	-64.94708931	-12.01273323	-39.75085446	-27.5447505	-77.63109707
aligned_38075IM5-Spike-PL5_F07_01 20200804_000075.raw	152.1530607	130.7625329	80.53635766	-63.29104354	-8.465780587	-12.7974515	2.640521801	15.50487138	6.25647981	5.491117223	7.451263758	-23.70195262	-14.21089966	15.54551634	-67.10056291	-107.5278004	-106.3894314	27.21435339	-40.56529152	-92.00583526	-106.9914056	-100.3620496	-24.67478546	113.7291353	-39.36727066	-42.92392393
aligned_38075IM5-Spike-PL5_F08_01 20200804_000076.raw	156.41518	15.18251875	37.91791358	-39.70420062	-10.36246434	-12.20348279	3.624163131	15.57323642	7.133535224	26.9951597	-26.6749472	21.16843084	-19.31602628	-3.496865398	56.746659	-90.41348586	-118.1930849	27.7952737	-27.20589901	-104.6120123	-48.55549841	-37.48078613	-39.37244916	4.64865075	-110.1016989	-48.52518295
aligned_38075IM5-Spike-PL5_F09_01 20200804_000077.raw	119.3701935	87.63340439	37.61426731	-61.45362479	-7.295927107	-26.55396095	6.641755329	14.98135936	11.71946916	8.64201774	14.97644539	-54.29164723	-53.34638717	-1.448588767	-114.2188137	-107.48432	-106.5901467	-1.545181023	-27.71502928	-105.7575158	18.80620329	-84.09429735	-21.577902	-100.3917571	-51.94896723	-78.24193097
aligned_38075IM5-Spike-PL5_F10_01 20200804_000078.raw	105.6589507	123.086479	70.17202054	-11.32287749	-70.57091781	-21.93334958	10.10765395	22.54807377	30.24600879	14.11652711	5.737500046	13.65997968	-43.63040352	-47.8115544	37.96380491	-117.5681855	99.74889114	2.973034799	-34.51108597	-41.23504444	-102.9585791	-102.0823518	-63.71937881	104.9156915	-61.25391341	-32.41556525
aligned_38075IM5-Spike-PL5_F11_01 20200804_000079.raw	131.8411821	-0.318782308	31.44114555	0.382929242	-83.1020758	-39.09986302	12.94001442	9.175910498	0.544806269	-1.58794521	2.886105286	18.80511244	-27.74404202	-57.02148882	-98.24812462	-96.86865539	-34.27734701	-41.41440165	-47.23965122	-69.64684534	-54.96753457	-68.16012685	-77.12305222	112.2536529	24.96620237	-80.42661945
aligned_38075IM5-Spike-PL5_G01_01 20200804_000081.raw	7.478646094	16.50464282	11.41954222	-43.45891504	6.011811152	-70.17903448	11.94160019	6.229560066	2.485891395	7.357337744	-45.26940377	18.9857529	-58.05523848	-11.65833195	-34.18007205	-110.9409398	-71.38276859	25.13401757	-17.26023613	-36.7053193	-67.68579459	-39.9431922	-11.547475	97.66485628	-0.854073028	-51.50036235
aligned_38075IM5-Spike-PL5_G03_01 20200804_000083.raw	7.233524818	15.97253659	12.62698531	-19.27673511	-16.92124943	-68.52147556	18.69735122	14.03329145	3.902900562	6.014098989	10.35300397	-55.89730645	-41.92002024	-20.63239686	19.16514807	-95.09929508	54.79111876	11.71559848	-14.49222863	-59.93680843	17.74996241	48.20761933	-71.0285912	110.0639644	-56.73675972	113.5609803
aligned_38075IM5-Spike-PL5_G04_01 20200804_000084.raw	-5.791378382	-4.095108188	19.04878433	-24.17541345	3.706378204	-0.094065329	20.38119891	13.32942335	4.861319245	6.449242618	25.18908512	-100.3169176	-113.1347537	-5.518775388	-15.83999046	-110.2331957	0.941802278	11.85628532	0.912745256	47.11721372	16.42251986	93.77225561	-58.42237863	102.4515754	123.1036482	13.03568841
aligned_38075IM5-Spike-PL5_G05_01 20200804_000085.raw	7.408397813	-4.397071201	-2.031348363	-19.71038593	-33.31764501	-0.625451262	0.330712587	14.1889085	3.238121505	45.65630547	11.56652692	6.518628893	-56.48041094	-102.3295141	96.1615174	125.4652523	-77.48753674	11.85628532	-30.12247595	-66.14409184	84.28700734	24.22304071	-23.30808065	-35.48342024	-56.10736622	-15.7223743
aligned_38075IM5-Spike-PL5_G06_01 20200804_000086.raw	128.9846229	11.49467372	13.24591548	-11.48594633	-74.93373608	-81.49454538	-0.0860588	13.50977943	7.736575295	26.65304193	12.00178795	-7.499582787	-1.288859927	-19.81332603	60.94072567	-122.8000165	72.74534298	-2.238658736	-27.99727329	13.12257154	-61.50534255	-111.4841421	-25.43831816	103.329548	-65.6055209	113.1298034
aligned_38075IM5-Total-PL5_A01_01 20200806_000097.raw	8.436864789	4.129109576	-0.386952441	12.78849781	15.00317258	10.73890407	8.915497005	5.082683047	11.55886605	13.57899194	4.293819996	0.887449003	10.4622817	17.23856724	-83.81164948	-22.48086624	-84.08837746	5.053218011	9.467436478	21.28441688	1.282381045	9.323563394	-15.99085612	-54.66576907	116.8552386	32.77296442
aligned_38075IM5-Total-PL5_A02_01 20200806_000098.raw	7.401440304	4.063153797	5.248223066	12.42587831	3.430203099	-2.072332287	9.457355968	5.306076844	16.63962347	13.23502721	4.087187706	16.27494463	9.858096065	6.608197896	15.40531042	-35.0088881	-97.21305559	7.329419229	9.413383192	-1.59831202	13.14785398	20.63239298	-12.99327855	-23.01802443	-12.16170418	21.17086555
aligned_38075IM5-Total-PL5_A03_01 20200806_000099.raw	6.464064331	3.182435235	4.418221516	1.746212635	2.612128181	-1.252310625	8.267185959	8.764932623	0.430752725	2.529915239	6.244656464	5.157316566	15.87390222	8.693400632	6.229536586	-36.00528377	-94.52965587	7.092328459	11.1586	9.498450072	14.87132291	8.596996781	1.53218634	16.44721338	-72.2901155	9.404907673
aligned_38075IM5-Total-PL5_A04_01 20200806_000100.raw	7.058270518	3.136406593	4.944576793	1.403522309	3.411693337	0.03569584	8.220878027	9.579909342	16.35095946	2.204564556	5.937147728	4.865561501	14.7429195	8.911985963	7.608350274	-34.51687897	-106.9119132	7.052813331	11.36736571	-1.839533672	15.0774871	-2.798046598	0.475594216	18.10426487	118.7645609	-2.417115005
aligned_38075IM5-Total-PL5_A05_01 20200806_000101.raw	7.205343283	4.181312584	5.07471091	1.836867511	3.820730796	-0.108622025	8.359801823	4.845371928	0.513228155	13.06304485	3.924491741	1.943354663	13.77784128	6.193054638	4.179287155	-33.38234623	-94.21379314	7.171358716	11.48000242	10.01951148	1.323932431	9.13133477	3.645370589	2.727487928	-24.19402218	9.71249231
aligned_38075IM5-Total-PL5_A06_01 20200806_000102.raw	7.079825083	3.760880441	5.248223066	1.126088603	3.149429807	-3.135104153	8.54503355	4.73367503	0.407646057	13.23502721	3.820352961	16.27494463	12.30948589	6.092404063	-19.25620885	-37.04515979	-97.21305559	7.329419229	9.413383192	-1.14617108	13.39109587	-2.318847933	-107.9036637	2.39105372	-53.99410948	9.384774281
aligned_38075IM5-Total-PL5_A07_01 20200806_000103.raw	8.044670747	4.063153797	5.248223066	2.315540151	2.868656514	-0.478174489	8.849141023	4.73367503	0.678179013	13.5173823	4.087187706	16.27494463	9.858096065	6.866094813	3.851470664	-32.71808245	-99.6337142	7.329419229	9.413383192	10.15735243	13.14785398	9.040857167	0.747098917	2.149062499	105.6621119	-2.165595166
aligned_38075IM5-Total-PL5_A08_01 20200806_000104.raw	7.030800828	4.017125155	5.204845027	1.972849826	3.66822167	-0.518632856	8.498725618	4.690049027	0.636941299	13.19203162	4.046513715	16.23635437	9.271866645	7.084680144	-7.974103944	-35.04768706	-57.79321866	7.549136325	9.375837621	9.896821722	13.35401817	8.773688173	0.453861097	-118.3994524	-85.22049788	20.6634905
aligned_38075IM5-Total-PL5_A09_01 20200806_000105.raw	7.352416049	4.621671865	5.204845027	2.270212713	3.948994963	14.36017326	8.194618146	4.690049027	0.636941299	13.47438671	4.046513715	15.98318957	11.17850318	6.310989394	-72.81708218	-34.53861914	-114.4366302	7.289904101	9.375837621	9.670751252	0.948681749	9.005518889	13.17643283	2.838149103	-101.0623555	-31.90247658
aligned_38075IM5-Total-PL5_A10_01 20200806_000106.raw	7.030800828	4.31939851	5.489711685	0.783398278	2.825901792	-1.847097688	7.890510673	4.40384812	0.095875385	13.19203162	4.31334846	16.74268398	11.17850318	6.568886311	17.7272947	13.82283347	14.58447383	7.289904101	9.375837621	21.4264157	1.191923639	8.773688173	-12.7776135	113.6701281	-72.10145953	45.41428217
aligned_38075IM5-Total-PL5_A11_01 20200806_000107.raw	8.044670747	21.89728176	24.33428915	-84.21705995	-69.29007968	-19.87376104	8.240926078	4.161273215	0.678179013	12.38796193	3.820352961	2.350880516	29.19683805	8.929270146	-43.07126631	-50.78999369	-114.1576659	-5.89142422	9.167071912	-57.66378862	13.39109587	-112.6702689	-90.60096612	-52.05697089	-98.30180503	96.83757153
aligned_38075IM5-Total-PL5_B01_01 20200806_000109.raw	7.352416049	4.31939851	4.919978369	2.5675756	3.948994963	-0.518632856	8.194618146	4.976249934	0.366408342	13.19203162	4.046513715	15.73002477	9.816619941	6.310989394	-31.55336876	-33.01141537	-95.555493	7.289904101	9.375837621	9.670751252	13.35401817	9.005518889	13.43088426	-22.32893783	-11.70437733	20.89921232
aligned_38075IM5-Total-PL5_B02_01 20200806_000110.raw	7.352416049	4.31939851	5.204845027	1.972849826	2.264355207	-0.784325822	8.194618146	4.976249934	16.59838575	13.47438671	4.31334846	15.98318957	8.72711335	6.310989394	19.37784324	-4.503611726	-98.21821747	7.549136325	9.375837621	9.670751252	1.191923639	20.36522399	0.453861097	-77.74492732	-30.02152521	9.584564701
aligned_38075IM5-Total-PL5_B03_01 20200806_000111.raw	6.883728062	3.274492519	5.07471091	2.431593285	3.539957503	-2.765551689	7.447479405	9.710787349	0.242695198	12.78068976	6.326004447	15.86741878	-1.202874338	5.677260804	-110.8875251	12.94283469	-93.97172728	7.171358716	11.48000242	20.41875311	15.43196209	-2.692031763	2.118661982	2.001514267	14.42050579	-2.545042614
aligned_38075IM5-Total-PL5_B04_01 20200806_000112.raw	7.058270518	2.834133238	5.229443451	1.700885196	3.130920044	-0.229997126	7.308555609	9.293708435	16.35095946	2.486919648	5.937147728	5.878220709	15.2876728	8.654089047	6.193594385	-2.191065908	-70.11790233	7.052813331	11.36736571	-1.387392732	14.59100332	8.561658502	5.564622909	16.41032632	-85.44688504	-2.652836831
aligned_38075IM5-Total-PL5_B05_01 20200806_000113.raw	7.379885739	3.438679948	5.229443451	2.29561097	3.411693337	0.03569584	7.308555609	9.007507528	0.38951501	2.486919648	5.937147728	5.371891105	15.2876728	8.654089047	4.3072532	-18.48123942	-94.32448845	7.052813331	11.36736571	9.690060306	13.86127765	8.793489219	2.256754258	2.132844313	-69.35749839	-2.652836831
aligned_38075IM5-Total-PL5_B06_01 20200806_000114.raw	6.736655297	3.136406593	4.659710135	1.403522309	2.569373459	-1.292768992	7.612663082	9.007507528	0.38951501	2.486919648	6.203982473	4.865561501	17.19430933	23.09631638	7.844142922	-33.75327709	-52.93122619	7.052813331	11.36736571	20.76751334	0.726215551	20.61685575	5.819074343	14.958379	-11.18817741	-2.888558656
aligned_38075IM5-Total-PL5_B07_01 20200806_000115.raw	12.65124748	8.39321242	5.055931295	1.222212556	3.521447741	16.34682629	7.427431354	8.83300352	16.45654156	2.032582193	8.442799214	4.964365252	15.2316841	8.754739621	-2.910295049	-45.3625012	1.870130553	9.227842838	1.118420972	3.900457608	4.713016894	14.2160733	2.095084319	4.163217065	-54.16162358	9.225250646
aligned_38075IM5-Total-PL5_B08_01 20200806_000116.raw	12.50417471	8.557399849	4.356063862	1.383593128	3.112410281	15.42837229	8.200829976	8.98832642	5.511510144	1.903595421	8.587611985	5.101759266	14.83515873	8.378907948	8.771510754	-46.50356045	-106.9281364	9.368529677	1.00578426	15.10060041	4.601783795	14.34188918	18.77251985	5.988485654	-122.5928282	11.00323103
aligned_38075IM5-Total-PL5_B09_01 20200806_000117.raw	12.35710194	8.419313924	9.923262906	1.247610814	3.264919407	15.04130422	12.3194108	8.571247507	5.387797	1.492253557	8.198755267	7.517636499	14.98282736	11.09783927	8.899476799	-17.09401786	-94.6934728	9.249984292	2.617326504	3.693696191	6.436485822	2.644338527	6.188040392	-5.979745325	-49.18990121	0.052232845
aligned_38075IM5-Total-PL5_B10_01 20200806_000118.raw	12.48262014	8.537472712	10.03461741	6.418833026	8.428593078	3.188980229	12.13417907	8.682944405	5.222846141	1.602626287	8.569728792	7.363275448	15.63321386	11.45638677	33.04235075	-30.4849797	-92.90453966	-1.277365202	2.220832941	3.103714307	-5.873919508	2.271154697	20.28217519	19.76576704	6.353204738	2.972890954
aligned_38075IM5-Total-PL5_B11_01 20200806_000119.raw	0.610326654	7.354480795	9.489482516	6.74159417	8.172064745	4.540387824	11.85633148	8.421188392	5.24595281	6.991754596	11.79453653	9.663381893	3.412089111	11.22051725	24.10236956	-29.44510369	-103.0506306	-1.65564794	15.78899116	-8.406570618	6.552192607	13.65066084	11.14365666	7.686874882	-110.2118244	2.521580695
aligned_38075IM5-Total-PL5_B12_01 20200806_000120.raw	0.463253888	7.518668224	9.76560548	6.308248968	7.482253993	5.747477555	12.02151516	13.72812762	5.392772623	6.298057639	11.67251456	9.294446302	3.015563739	14.19734549	10.08277672	-26.25255909	-104.6137211	14.31472299	15.92266573	-8.509951326	6.191480647	14.00830744	-7.038754357	-4.765338537	-48.93781965	2.178064652
aligned_38075IM5-Total-PL5_C01_01 20200806_000122.raw	0.659350909	7.702782792	9.247993897	7.084284495	8.214819467	2.986688393	12.20674688	8.464814394	5.287190525	7.034750187	11.83521052	7.170324134	5.086147237	9.970344254	-50.1363724	-12.60706329	-89.45804392	-1.356634161	15.58022546	14.23493663	6.346028416	2.326294021	9.401283004	7.72376194	-62.15346225	14.10788155
aligned_38075IM5-Total-PL5_C02_01 20200806_000123.raw	0.708375165	8.051084789	9.861105252	6.832249047	9.099894067	4.355611592	11.94894734	7.936038582	5.057895282	1.430643924	8.407032828	7.462079199	4.85552636	10.26755276	-114.9434084	-29.62203972	-119.1952464	-1.317119033	15.86408231	14.26939687	-5.778988416	13.7213374	9.694520824	-6.51683301	-66.81878254	114.5613106
aligned_38075IM5-Total-PL5_C03_01 20200806_000124.raw	12.01393216	7.49256672	9.619616633	7.769665146	8.300328911	3.864684027	11.99525527	8.265865492	5.369665954	1.473639515	8.447706819	7.500669462	3.264420483	10.56476126	-26.95680848	-28.81963887	-93.74143255	-1.136678362	15.90162788	14.75599805	6.420183815	13.98850639	6.42543856	-4.302024968	-49.20649054	14.41546618
aligned_38075IM5-Total-PL5_C04_01 20200806_000125.raw	12.5316444	8.583501354	9.793128789	7.950974899	7.34825463	4.026517495	12.180487	9.012771314	5.534616813	1.645621877	8.343568039	7.401865711	15.40259299	10.20621377	20.5812826	-29.68257885	-81.49054575	9.390671131	2.504689792	3.590315483	6.325252723	14.12985951	-10.46766202	7.703093069	-110.4427641	114.7409676
aligned_38075IM5-Total-PL5_C05_01 20200806_000126.raw	12.50417471	8.859673205	4.64093052	1.978318902	3.393183574	15.42837229	7.592615031	8.98832642	5.782043101	1.903595421	8.32077724	5.60808887	15.37935273	8.636804865	9.24309605	-15.95948512	-106.9281364	9.627761901	1.00578426	4.02314737	6.061235139	2.750353362	-7.690429355	4.294547111	-11.20476674	11.94611833
aligned_38075IM5-Total-PL5_C06_01 20200806_000127.raw	6.36601582	2.183557886	5.186065412	1.952920645	3.088165322	-2.130306258	7.56635515	9.250082433	16.30972175	1.879213872	6.163308482	4.826971238	15.08401548	8.872674378	9.222956609	-15.46563085	14.32618478	9.346388223	11.08350886	9.4295296	5.310733774	11.54011954	1.454613569	14.67950072	-67.41499738	21.11913614
aligned_38075IM5-Total-PL5_C07_01 20200806_000128.raw	6.387570386	4.017125155	5.489711685	1.378124052	3.106675085	14.62586623	7.5864032	4.40384812	0.366408342	13.19203162	3.77967897	2.059125451	10.36137324	6.310989394	16.54833146	-33.52048329	12.8900128	7.289904101	9.375837621	9.896821722	13.11077628	8.773688173	13.93978713	2.596157882	-102.5475297	9.11312105
aligned_38075IM5-Total-PL5_C08_01 20200806_000129.raw	8.709455755	4.083080934	6.691335971	12.44580749	15.24119115	12.2926035	8.565081601	4.752856137	0.69631006	13.53599635	3.838236154	2.367847553	11.51031217	17.19925566	4.103066072	11.33335163	9.55421237	5.013702883	9.676202187	9.946433141	1.488545236	9.0563944	14.50452965	14.74882415	-44.07635913	9.872015946
aligned_38075IM5-Total-PL5_C09_01 20200806_000130.raw	8.63296181	15.49733829	0.356293031	13.26717045	14.89341818	9.837965674	8.79662126	5.543387962	11.45328395	13.7509743	15.40798431	1.041810054	10.6281862	17.13791667	4.282777077	7.454803076	9.254572826	5.211278525	9.617618761	10.11873432	-1.488210845	9.464916508	-0.059721625	1.623742315	-102.7996112	17.12332774
aligned_38075IM5-Total-PL5_C10_01 20200806_000131.raw	8.50744361	-1.548128393	0.244938529	13.44848021	15.06443707	11.06257101	4.116133426	15.33222719	11.61823481	7.993499715	15.30357129	0.689841501	11.33884399	17.55305993	16.21617829	-24.2067462	9.160100708	16.51632469	7.30468825	15.90833702	9.605985032	7.056131742	-0.159027516	-2.826542641	9.234433049	4.538074785
aligned_38075IM5-Total-PL5_C11_01 20200806_000132.raw	7.836743478	-1.574229898	0.505206762	8.962638645	8.582406377	-8.355958302	4.089873544	15.88047826	11.59512814	8.251473259	15.54761524	11.04797516	4.778284544	1.541423697	-12.57066422	-37.71878631	-100.0322779	16.23495101	17.62872413	16.34116891	7.882516104	15.15040577	11.26955392	9.736331953	-59.59977789	16.06831084
aligned_38075IM5-Total-PL5_D01_01 20200806_000134.raw	8.158358699	-1.574229898	0.220340104	8.070549984	9.424726254	8.914084514	4.69808849	15.30748816	11.59512814	8.533828352	15.28050626	11.55430477	5.867791135	1.799320613	12.18756383	-24.22848637	-101.4846731	16.23495101	4.081603763	16.11509844	8.125757995	4.022531384	10.25174819	-2.847211513	114.660656	15.59686719
aligned_38075IM5-Total-PL5_D02_01 20200806_000135.raw	7.711225278	-1.39011533	0.963585576	7.95449685	8.615041714	6.950374251	4.883320217	15.48199217	9.595815344	8.423455622	-0.583336832	11.45550102	6.033695631	2.214463872	23.17779445	-27.63676596	-101.0950135	0.579845832	4.231786046	4.949415872	8.030826902	15.5235896	-4.860192349	-2.215680839	110.6035874	4.425945189
aligned_38075IM5-Total-PL5_D03_01 20200806_000136.raw	8.179913265	9.932084739	11.06405272	8.090479165	9.865245978	5.211898588	5.022244013	15.61287017	7.284731877	8.834797486	13.96257029	9.545953387	5.613370708	12.64827529	10.55281805	-28.02943699	-89.6072227	0.698391217	17.89154313	16.35632009	8.385301891	15.62960443	9.505447148	9.510558919	-20.72113156	16.5555525
aligned_38075IM5-Total-PL5_D04_01 20200806_000137.raw	3.230166749	9.966598425	12.09216485	8.569151804	10.59723492	5.639425023	14.33069992	15.78737418	7.449682736	8.724424756	10.65284946	9.447149636	5.506898556	13.06341855	22.48621926	-27.3651732	-105.1939099	0.85645173	4.248293762	5.190637524	-5.087933185	15.77095755	7.624981215	9.658107152	95.52090614	3.734577726
aligned_38075IM5-Total-PL5_D05_01 20200806_000138.raw	3.845927502	9.638844251	12.06756643	10.03056798	10.2927932	4.819403361	14.30444004	11.17871435	7.426576067	4.182361724	10.62978442	9.678691213	16.92319785	13.29928806	10.91224006	-29.67771902	-92.86922626	11.20359926	2.74938823	16.24878151	7.053385653	2.536805669	8.3666024	7.217526075	-120.5930749	10.7860991
aligned_38075IM5-Total-PL5_D06_01 20200806_000139.raw	3.251721315	9.986835905	12.11094447	10.07589542	10.89651797	17.87881708	14.95896292	11.22234035	7.197280825	4.225357315	10.40334943	7.691963058	1.166828414	10.50173357	-89.73527849	2.432359045	-105.1776867	10.98388216	3.033245081	-11.74949656	7.090463352	11.61354188	7.896485917	5.56047459	-65.35637106	40.52298051
aligned_38075IM5-Total-PL5_D07_01 20200806_000140.raw	3.769433557	9.86898746	12.56932328	10.25720517	5.457836373	3.161844432	14.84008717	10.82385426	7.362231684	4.114984585	10.56604539	7.339994505	17.94770842	10.65897991	6.140305459	-29.73825816	-108.6610809	11.14194267	13.03587854	11.22725855	16.2387241	10.3639107	6.270471418	4.014084279	-82.7800071	-0.584613322
aligned_38075IM5-Total-PL5_D08_01 20200806_000141.raw	15.22206332	5.523656833	6.475768962	3.30180564	4.22643014	1.463827136	15.63353384	10.99835827	4.010254104	4.286966947	8.3247605	6.481696347	17.84123627	-3.110207244	-94.87097178	-31.36480002	4.531269984	9.485377616	12.93974954	11.59116997	3.008730917	10.50526381	3.117748311	4.403623732	120.8397766	11.34520357
aligned_38075IM5-Total-PL5_D09_01 20200806_000142.raw	15.41816034	10.23721659	7.503881092	3.78047828	5.799874151	2.157046538	9.736616118	11.17286227	2.552007222	4.176594217	8.487456465	17.77530869	0.302658664	7.620812677	5.484672476	-1.429130708	-94.32607349	9.384205905	11.11944159	22.80646395	2.913799825	-0.944918889	2.255088116	28.99228523	-54.7549067	113.3207578
aligned_38075IM5-Total-PL5_D10_01 20200806_000143.raw	15.83782407	5.799828684	7.59063717	4.168496043	5.604898571	1.440884373	9.525124509	10.68712418	2.634482651	4.827295584	6.164823589	4.181589902	16.18345648	7.441538932	-94.65531858	-31.38654019	-93.04194731	9.722468386	11.19453273	11.57186091	15.15004976	-0.642411616	2.332660888	16.72450711	-95.76926254	35.13297455
aligned_38075IM5-Total-PL5_D11_01 20200806_000144.raw	-2.200098001	3.660296431	7.850905404	-137.4016364	-61.17449391	-122.9263667	10.71529452	6.078464345	2.340843026	15.25005246	6.67597652	17.32453639	10.16765032	-23.52811846	-108.5872243	-97.84164421	-26.01037902	6.071075789	-1.881002931	-67.34604223	-81.68099841	-110.5499722	-28.98659869	108.4185108	-38.3636705	114.3153745
aligned_38075IM5-Total-PL5_E01_01 20200806_000149.raw	7.589516273	7.114421818	2.847620867	15.87076361	0.935801972	11.36452931	11.30446391	8.208955628	13.82196473	10.15055732	17.47690178	13.38501415	10.28651501	18.62227048	12.48394012	-37.4053799	-98.52389412	18.36876795	19.90249623	6.904294823	24.23598343	5.473081361	11.32840729	-1.097301593	-58.05735149	18.25037272
aligned_38075IM5-Total-PL5_E02_01 20200806_000150.raw	6.62467061	0.773198545	2.562754209	-1.673646715	0.655316948	11.09883634	10.69687341	7.635965529	13.82196473	9.586426924	1.450362725	13.63817896	10.28651501	3.664249315	24.50936517	24.1918387	-115.4685044	4.110995598	19.90249623	6.904294823	23.74949965	5.936742794	12.85511589	11.00225943	-15.48235911	6.464281442
aligned_38075IM5-Total-PL5_E03_01 20200806_000151.raw	8.330795225	0.563292816	2.649510287	-1.285628951	0.460341368	-4.496131941	10.78948928	18.03703933	13.90444016	10.51861371	1.531710708	13.20902988	10.36946726	4.000769403	12.55582452	-36.30964612	-99.41836069	18.18856598	6.184155725	6.973215295	-2.203227253	6.007419351	12.16933436	11.56001599	-45.11037978	-6.664277972
aligned_38075IM5-Total-PL5_E04_01 20200806_000152.raw	7.414973818	18.42513922	2.977754984	16.30410882	1.064066139	11.22021144	10.83579721	17.79417028	13.94567788	10.5616093	1.572384699	13.50078494	7.959553556	3.782184072	12.35597408	5.981790391	-103.4965819	4.229540983	6.221701296	-4.295847977	9.995944978	5.810926913	12.20812075	11.83889427	-104.2320857	6.336353834
aligned_38075IM5-Total-PL5_E05_01 20200806_000153.raw	7.785613294	1.259276126	3.021133022	-0.897611188	0.265365788	-3.618136307	10.88210514	17.83779628	13.71638264	10.60460489	1.61305869	13.2862104	8.273406328	4.079392574	12.62770892	-25.79615578	-88.93573179	2.45443054	6.259246866	17.89351834	10.03302268	6.309926624	12.75581	-0.707762139	-44.53985934	5.665119763
aligned_38075IM5-Total-PL5_E06_01 20200806_000154.raw	6.744273686	1.187456322	2.953156559	9.311601635	11.41805535	7.47756715	6.556716089	2.298698551	12.02884051	10.53751764	1.549319661	11.4538433	8.480786948	14.59182716	1.017787524	-25.09309303	-76.16381483	2.911238406	6.206979115	18.51796046	10.21841118	17.38266168	-2.317344145	-3.185230274	-46.08390655	17.86658989
aligned_38075IM5-Total-PL5_E07_01 20200806_000155.raw	7.065888907	1.187456322	2.953156559	9.609270136	11.9790254	9.071724949	6.556716089	2.298698551	12.02884051	10.81958284	1.549319661	11.4538433	8.753163596	14.59182716	-10.77184488	-24.32949115	-76.16381483	2.911238406	6.206979115	7.214436948	10.21841118	17.84632312	10.15077615	-3.185230274	10.8477693	13.85931886
aligned_38075IM5-Total-PL5_E08_01 20200806_000156.raw	11.30612338	1.673533902	13.66673506	10.08824839	12.15004429	7.639400619	7.045743064	18.8034204	9.488461803	10.9915652	12.66348398	11.60820435	8.919068092	15.52276426	12.95118874	-25.70149906	-90.78223862	2.55083447	6.603472677	23.85542221	-2.525098229	4.309663966	10.05147026	8.093914101	-49.64591716	12.58871353
aligned_38075IM5-Total-PL5_E09_01 20200806_000157.raw	9.15055156	1.463628173	14.0383578	10.47657177	12.79652378	8.251703286	6.83456368	2.560454564	9.570937232	10.51342598	12.47772298	11.68538488	8.184890397	14.82769668	12.78728049	-13.15173703	17.73706406	3.407561401	4.708073583	12.62081918	7.765216576	13.88539989	10.6379459	8.893661879	-31.99589397	0.874485064
aligned_38075IM5-Total-PL5_E10_01 20200806_000158.raw	11.40417189	1.463628173	13.75349114	9.881234766	12.79652378	8.783089219	6.83456368	2.560454564	9.570937232	10.79549118	12.74483196	11.68538488	8.729643692	14.05400593	24.34112025	18.41047415	-65.77565804	2.629864727	4.954384862	13.07296012	7.035490904	13.88539989	10.12904303	7.441714556	-7.738049475	1.110206889
aligned_38075IM5-Total-PL5_E11_01 20200806_000159.raw	8.877630055	1.811619828	14.93633581	10.22423071	12.8392785	7.760775721	6.880871612	2.604080566	9.612174947	10.83848677	12.51839697	11.72397514	9.043496464	15.12490518	12.35163739	-28.13044177	-62.83396927	13.55713328	4.991930433	13.33349082	6.829326713	24.58495112	10.16782942	-18.17246776	-79.97879371	1.853303771
aligned_38075IM5-Total-PL5_F01_01 20200806_000161.raw	10.23566138	12.4465914	14.42876015	12.96819822	12.62034623	5.427512994	17.58037348	13.26691038	9.401010751	6.387343093	12.8437889	8.994719614	19.45324142	13.01255573	21.59929563	-27.56551608	-90.12808314	13.35478986	15.14474618	12.9309613	18.07183339	12.34879867	6.406897552	6.56994688	36.41416877	13.21968081
aligned_38075IM5-Total-PL5_F02_01 20200806_000162.raw	9.640794113	12.49262005	14.75700485	10.63217765	14.06552607	5.202278395	17.62668141	13.31053638	9.712781423	6.148273484	12.88446289	9.286474679	3.152118684	13.05186732	18.80572606	-29.30845485	-108.4881902	13.91276944	14.93598047	12.96542154	18.10891109	12.61596766	7.972392546	6.364842718	-6.86567949	13.01989039
aligned_38075IM5-Total-PL5_F03_01 20200806_000163.raw	6.79230652	12.53864869	14.80038289	11.27284209	14.1082808	5.242736762	17.67298934	13.35416238	10.02455209	6.473334275	13.19224586	9.578229744	19.80857032	13.0911789	19.31325355	-29.52418984	-78.19305908	13.69305234	15.21983732	2.148499207	4.767684802	12.41947522	8.520081801	-5.697831249	-6.580419271	12.82009997
aligned_38075IM5-Total-PL5_F04_01 20200806_000164.raw	10.65565565	12.8406117	15.08524954	10.97517359	12.9863407	5.774122695	17.67298934	13.35416238	9.754019137	6.191269074	12.92513688	9.07190014	3.193594808	12.83301693	7.995206443	-29.52418984	-92.47494488	13.69305234	14.97352604	13.22595224	18.87571446	12.65130594	6.993373194	-5.697831249	-107.5722616	13.29154362
aligned_38075IM5-Total-PL5_F05_01 20200806_000165.raw	10.70467991	12.88664034	14.84376092	11.91350653	6.016969812	4.48611623	17.71929727	13.39778838	6.278328413	6.516329865	12.96581087	8.8573256	19.85004644	12.87232852	19.34919575	-29.23085692	-94.13250748	13.73256747	15.01107161	13.26041248	5.048004392	12.4548135	-8.489377933	-6.144926631	-23.12713278	13.0917532
aligned_38075IM5-Total-PL5_F06_01 20200806_000166.raw	6.715482036	13.67468094	9.889673235	10.60647378	8.431868896	3.8508708	17.904529	13.57229239	5.090614488	6.688312228	10.72452598	20.15093795	2.039092189	10.70611713	7.703332153	-29.83926294	-108.5088654	11.55753797	13.19076366	24.70177693	4.9530733	12.59616662	4.388339342	18.68572609	-81.88811606	13.47120065
aligned_38075IM5-Total-PL5_F07_01 20200806_000167.raw	7.086452052	13.72070958	9.0784513	11.24713822	7.913653569	3.359943234	17.95083693	13.6159184	5.131852202	6.731307818	10.76519997	6.265464091	20.32980371	10.22910478	19.76469941	-29.54593001	-83.05505155	11.85628532	13.22830923	2.355260623	4.990151	12.86333561	4.681577163	18.48062193	5.279832085	8.792695548
aligned_38075IM5-Total-PL5_F08_01 20200806_000168.raw	6.764506291	13.11678355	9.363317958	6.782110698	8.755108642	2.562864335	17.95083693	13.6159184	4.861319245	6.167177418	10.76519997	6.265464091	21.14693365	9.454618868	19.29311411	-0.01999052	-96.12660805	11.59705309	13.22830923	13.20664319	17.39548742	12.86333561	20.96646898	6.139069684	104.5389713	11.1499138
aligned_38075IM5-Total-PL5_F09_01 20200806_000169.raw	6.764506291	13.11678355	9.0784513	13.33081773	8.194138594	2.828557301	18.25463218	13.6159184	4.861319245	6.449242618	10.76519997	6.265464091	2.897698256	10.48726675	18.82152882	-30.81859982	-108.471967	11.85628532	13.22830923	2.129190153	17.15224553	12.39967418	-8.295446004	6.381060905	-7.096619186	9.73558285
aligned_38075IM5-Total-PL5_F10_01 20200806_000170.raw	6.666457781	12.72276326	14.97389504	9.668140835	7.828144125	3.2790265	17.85822107	13.24217134	6.402041557	6.363251437	10.68385199	6.188283565	3.087122656	10.15048161	19.22122971	-31.15073171	-83.37091428	11.51802284	13.15321809	13.36379319	5.159237491	12.32899762	-8.62747021	6.307286788	-98.26276293	12.96382559
aligned_38075IM5-Total-PL5_F11_01 20200806_000171.raw	9.640794113	24.87310358	-4.6139279	-36.10177707	32.01656763	-122.3303455	17.93047665	13.88352648	9.983314379	6.430338684	12.6173539	6.754826658	-53.77460068	-83.75887141	-69.38072434	-105.6686432	-104.3730705	-1.122699581	14.93598047	-54.40357857	-116.6470963	-111.1816349	-72.17980936	115.0189007	5.510771782	113.2016662
aligned_38075IM5-Total-PL5_G01_01 20200806_000173.raw	11.08222613	1.463628173	13.75349114	10.17890327	12.51603875	7.454624387	6.530768433	2.273959514	9.300404275	10.79549118	12.74483196	11.68538488	7.912513749	14.82769668	13.49465843	-11.3699993	-90.95050761	2.889096952	4.954384862	2.22157755	22.35973001	14.34906132	-5.646945914	117.5477199	-37.68906155	89.03444779
aligned_38075IM5-Total-PL5_G02_01 20200806_000174.raw	7.065888907	1.489419335	3.238023217	10.20460714	12.25951042	7.743260117	6.556716089	2.298698551	9.052977987	10.53751764	1.816428646	11.4538433	6.574150414	14.33393025	1.253580172	-25.60216096	-90.92983236	2.652006181	6.206979115	6.988366478	-4.132860371	6.022956583	10.15077615	-2.217265392	-91.13418918	16.68798076
aligned_38075IM5-Total-PL5_G03_01 20200806_000175.raw	7.142382852	1.259276126	2.736266365	16.34943625	0.826335837	10.99497684	10.27451464	17.83779628	13.71638264	10.32253969	1.61305869	13.79254001	7.728653033	4.079392574	1.073869166	-25.28708786	-88.93573179	2.713662764	6.259246866	7.042135767	10.03302268	5.846265191	12.24690713	-0.465770919	10.90664235	6.372285239
aligned_38075IM5-Total-PL5_G04_01 20200806_000176.raw	9.84082282	6.812458805	2.562754209	15.87076361	0.935801972	10.83314338	11.00066866	8.208955628	13.82196473	9.868492124	1.450362725	13.13184935	12.46552819	3.406352399	28.0462549	-35.62364217	-85.21027175	4.110995598	6.109064583	6.678224353	-2.034140761	17.52827861	10.81950442	-0.371327931	-1.620733691	6.464281442
aligned_38075IM5-Total-PL5_G05_01 20200806_000177.raw	10.06438953	7.022364534	2.475998131	15.78010874	17.67939399	12.87777037	10.9080528	7.835208574	13.73948931	15.98793535	17.66266278	13.56099843	13.74445918	3.843523061	0.622423311	-6.17530061	-115.5423013	18.28973769	8.743397515	6.835374351	9.56731459	5.86012186	1.836131433	-0.929084488	12.6604874	6.156696806
aligned_38075IM5-Total-PL5_G06_01 20200806_000178.raw	10.41347444	6.746192683	9.05252969	15.805507	0.593764195	11.5722483	11.38986545	7.286957511	13.76259597	16.01202701	17.15150985	3.202864768	11.58896591	20.88674696	-113.7168716	-112.8032902	-112.3747698	7.942590163	9.01074665	17.25392503	12.02050919	5.416261473	0.07670451	119.8452034	117.138878	94.57251475
																										
Mass Accuracy [ppm] (3+)	IgGI1H3N4	IgGI1H4N4	IgGI1H5N4	IgGI1H3N5	IgGI1H4N5	IgGI1H5N5	IgGI1H3N4F1	IgGI1H4N4F1	IgGI1H5N4F1	IgGI1H3N5F1	IgGI1H4N5F1	IgGI1H5N5F1	IgGI1H4N4S1	IgGI1H5N4S1	IgGI1H5N4S2	IgGI1H4N5S1	IgGI1H5N5S1	IgGI1H4N4F1S1	IgGI1H5N4F1S1	IgGI1H5N4F1S2	IgGI1H4N5F1S1	IgGI1H5N5F1S1	IgGI1H4N5F2	IgGI1H5N5F2	IgGI1H4N4F2S1	IgGI1H5N4F2S1
Fraction	0.978335887	0.973446769	0.967959697	0.972130484	0.966475822	0.960210759	0.973817224	0.968364975	0.962305248	0.966891046	0.960660177	0.953814889	0.96321064	0.956622851	0.979382475	0.954828344	0.981262795	0.957089849	0.982337811	0.975829405	0.981505389	0.977914576	0.954296081	0.981012967	0.950420079	0.979115684
Monoisotopic Mass	[830.3351937513213]	[884.3528081559174]	[938.3704218821171]	[898.0283205855271]	[952.0459343976877]	[1006.0635476331855]	[879.0211698342883]	[933.0387835681089]	[987.0563967221351]	[946.7142960846386]	[1000.7319093267096]	[1054.7495220706355]	[981.3846184674943]	[1035.4022314469785]	[1132.434040354303]	[1049.077744225187]	[1103.0953568211567]	[1030.070593143502]	[1084.0882056651824]	[1181.120014074212]	[1097.7637185238575]	[1151.7813307206313]	[1049.4178837699544]	[1103.4354960864405]	[1078.7565673671827]	[1132.774179489499]
alignedLin_38075IM5-Spike-PL4_F04_01 20200803_000068.raw	140.5554076	175.9122782	63.27254519	206.3726019	-203.6331419	196.5253743	-8.088210149	2.670154622	197.4232951	-203.8961881	3.751342786	-16.95893869	25.74975239	3.508579247	-120.3246908	171.4767752	93.6618023	-145.6967927	157.4004628	51.631806	-76.36530336	7.937757503	-35.50127399	-167.6695449	155.985309	120.9628183
alignedLin_38075IM5-Spike-PL4_H01_01 20200803_000091.raw	141.731514	148.4625592	33.5586548	184.6969273	-5.57405147	197.496051	0.774534181	1.998450178	0.246445395	-10.64903659	5.148260053	-62.7750941	25.11281535	4.461667245	-149.9018189	33.71587358	167.2193618	2.576743397	5.758699264	110.4887873	-1.720235949	-8.0699767	-43.72801941	-141.7203214	-22.38838584	-83.89924161
alignedLin_38075IM5-Spike-PL4_H04_01 20200803_000094.raw	201.0746648	164.7492438	66.42082175	198.9502489	-11.49596604	197.07138	-8.831252768	1.970129925	-1.810716585	-18.2978315	3.899728388	-58.99998161	33.24558816	-23.41800142	-137.8909375	176.2031747	178.0962475	-8.722234696	6.472650338	107.7515536	9.574602893	-17.13203801	-41.46426091	-133.0262845	-98.87592483	120.3873147
alignedLin_38075IM5-Spike-PL5_A11_01 20200804_000015.raw	4.33194902	-3.206325832	-43.78419039	-173.101111	-14.26127282	195.251361	-1.817958291	-3.429037152	-2.853625878	9.828205661	0.467896693	7.666975554	-5.340726486	1.110506074	-25.5367615	-8.554236491	91.40977135	16.12981076	0.72074555	47.2610669	159.4339536	11.34895215	-45.11686502	-177.1858681	-47.86602769	-77.4093731
alignedLin_38075IM5-Spike-PL5_B11_01 20200804_000027.raw	232.6798216	5.423710114	18.5309532	197.3758468	76.27337943	193.6740113	-4.535251734	-3.003929475	194.5170252	-5.396265441	-4.32208913	-58.58587691	13.44255121	-3.515908026	-123.9197072	18.97048534	94.33150637	-3.310347389	3.319799185	84.90357006	50.64128839	-3.252914706	-51.97082059	-174.2650337	-93.87844317	157.3129779
alignedLin_38075IM5-Spike-PL5_C03_01 20200804_000032.raw	-7.454211066	1.13751887	-11.10706775	196.7027247	77.76509667	193.4920094	3.464207621	3.243643106	1.850396784	-4.319529689	1.102345998	-58.75947781	28.76019528	-2.532593008	-127.6208742	181.5581986	99.61593394	5.850798827	0.934781507	78.64637555	177.1732509	2.504143291	-46.80353299	-163.8967446	148.7022146	39.44318222
alignedLin_38075IM5-Spike-PL5_C10_01 20200804_000039.raw	158.6859937	-4.676298897	-5.913673441	192.7627852	72.36465759	192.7640019	4.910918082	0.310718002	16.53934642	-2.129498833	1.972575991	-48.82434451	2.309511141	6.428026144	-128.6215895	-137.4698199	99.31532559	-2.642663584	8.564876005	72.60211872	164.4568947	-4.395796178	-39.88014732	-157.2955231	-81.36472371	147.6678126
alignedLin_38075IM5-Spike-PL5_D01_01 20200804_000042.raw	171.1951177	-3.808960512	-9.363787688	188.7072215	83.69561099	193.1280056	1.223647549	4.999090027	0.261148651	-5.976500057	5.542751479	-56.82892171	21.04293235	0.207476887	-127.5903106	-6.005678065	101.8274784	2.382309816	5.205360573	76.30226575	176.8396537	4.970207449	-44.49139699	-172.9466109	151.7033413	-62.68174982
alignedLin_38075IM5-Spike-PL5_D09_01 20200804_000050.raw	202.0378693	6.567115498	63.55907967	201.1798548	-4.340727667	194.2806843	-1.104976262	0.679370729	195.1353805	-6.021707602	-0.507951575	-56.86832828	28.34468541	8.675172413	-132.9373166	4.269442929	96.7016211	1.173397305	2.036045872	76.60608468	166.2120093	-96.68353335	-46.42899549	-157.7289259	-79.57906637	149.3683188
alignedLin_38075IM5-Spike-PL5_D11_01 20200804_000052.raw	-53.71004499	8.469705126	63.64487335	192.3414116	99.31134327	195.5546975	4.45704914	2.053095277	196.4339266	-3.397679541	6.780785003	-1.1640851	56.57912324	9.913085798	-126.1423129	178.1873183	97.86356805	7.087171287	-6.384799673	59.96765398	-150.6452447	-38.15037312	-39.10273467	-156.5673371	-70.96734421	156.1554696
alignedLin_38075IM5-Spike-PL5_E04_01 20200804_000060.raw	215.9041784	-1.239250585	1.802232067	196.5938287	7.752895135	189.0123362	12.92868325	5.716360739	7.009516243	6.140023205	10.61732294	-55.30602322	19.66934531	6.649865258	-135.8661732	-1.948699232	101.6888159	9.829648163	4.155101271	109.0141414	-97.87451916	26.57572187	-41.95060122	-169.4527374	-12.12221426	136.5502252
alignedLin_38075IM5-Spike-PL5_E09_01 20200804_000065.raw	230.4495257	-5.711870752	67.63920332	211.3817591	81.06438984	189.8616784	11.62084352	3.625061596	13.96638841	1.136968283	2.659551107	-58.29605046	26.252128	12.11578	-108.9703897	-3.044536806	99.91991787	5.21709313	3.835256591	98.87815344	173.8461745	-76.28051185	-34.64991212	-163.229605	145.6781774	9.191496453
alignedLin_38075IM5-Spike-PL5_G02_02 20200804_000087.raw	-6.278104709	14.93244774	-2.38561351	-168.1823001	67.84455151	194.4626862	7.311095286	3.023556742	5.276235173	-2.017854192	6.884542847	-62.38912215	30.57129342	0.73089867	-133.8374671	153.4516786	99.77450419	8.355337171	5.529121018	103.8818562	42.96618179	11.70406258	-21.45343531	-157.926234	-6.65844585	-165.7723557
aligned_38075IM5-Spike-PL4_A01_01 20200803_000005.raw	3.163460762	0.228937834	2.969260325	13.70296873	0.696463092	190.7013138	5.28603747	7.537526997	4.670234261	2.452622612	7.108421295	2.73548945	7.947063898	-0.216853725	-124.7909382	-158.9135498	97.07071682	7.405475774	-3.332121517	6.77238723	6.292534129	3.89453482	-45.67317047	-150.4992117	1.142576552	-113.9704281
aligned_38075IM5-Spike-PL4_A02_01 20200803_000006.raw	4.464617565	1.450618	12.65346931	16.24505213	0.989255569	190.5799792	5.147166739	6.977108158	4.546563199	2.323681586	1.779562632	2.999381833	5.782648785	2.759009196	-119.2355728	-176.205453	95.21303006	-5.943148274	3.58018639	4.29597076	4.7208306	-1.083477022	-35.86906148	-156.0529849	-14.5760788	11.05299859
aligned_38075IM5-Spike-PL4_A03_01 20200803_000007.raw	4.391110917	3.194552804	13.44184263	7.250370156	0.925146103	190.5193119	2.341809556	7.770868563	4.484727668	3.529358364	2.519630212	5.219272775	6.128461746	1.926621081	-127.0763152	-141.530867	91.52781654	1.3908992	3.523885477	5.261323021	7.586239964	5.127566899	-35.92722244	-151.7537821	-12.77486071	12.76650713
aligned_38075IM5-Spike-PL4_A04_01 20200803_000008.raw	5.650584238	3.470619802	3.034304102	15.55627771	-0.081450258	190.761981	5.355472836	8.032530381	5.138148108	4.210622845	7.56994086	3.172982736	4.337204037	-0.157905468	-127.5686209	4.121454431	95.30924096	8.242971341	16.31998023	5.129016354	7.808638119	6.035538748	-23.48481746	-153.346909	0.456036822	-8.933600298
aligned_38075IM5-Spike-PL4_A05_01 20200803_000009.raw	4.569947377	2.455989884	4.639648621	15.89610639	-0.181914337	191.0653175	5.702649663	7.500431795	4.63516913	-3.087908334	7.474364395	-4.889461426	3.016145092	14.05875326	-123.4057118	111.2824024	89.40875233	7.37187491	9.576575067	7.421450497	3.339996345	5.95249658	-39.60087915	-162.8400507	6.683883933	3.707533087
aligned_38075IM5-Spike-PL4_A06_01 20200803_000010.raw	-6.459183386	16.57538117	-43.94008176	-178.6383418	-7.696010216	191.1259848	4.40412412	5.417907601	202.0510662	180.3011545	9.137471106	-64.43292641	14.09449628	7.156742796	-119.1044445	-136.3689238	88.37399914	4.707280602	8.893411798	92.56446225	-63.78760888	-4.782573259	-41.45049336	3.220204707	-8.493474439	-51.38114362
aligned_38075IM5-Spike-PL4_A07_01 20200803_000011.raw	220.3056084	8.308945043	-4.784385259	206.4429566	-15.77410072	191.4293213	5.207287918	4.456221085	202.3602439	-5.664762268	10.24348179	-58.82882311	18.48551941	0.103805423	-135.116543	16.97515234	89.74073718	7.727395144	167.0505193	60.27794706	10.24586361	-4.517613433	-33.1470328	-156.3329296	-16.75644597	-126.4025381
aligned_38075IM5-Spike-PL4_A08_01 20200803_000012.raw	3.562817164	3.32332827	4.603202737	4.69916971	4.855458275	191.4293213	5.663274887	7.463336593	5.006182315	2.379503906	6.63872035	4.568772014	5.429331809	5.131164503	6.108510207	-36.45987207	105.3652745	6.949152949	9.544648456	6.036457921	6.229476367	8.358460334	-30.85770259	-152.3371871	-0.036270614	-4.452650551
aligned_38075IM5-Spike-PL4_A09_01 20200803_000013.raw	4.266060472	3.07714063	3.091499886	4.010395297	1.679695408	191.6113232	13.1673725	7.659582957	4.785610591	2.572915445	6.020633803	5.121999234	-4.992241911	6.08144913	-124.6903735	112.5693782	102.9877376	6.737791969	8.234622832	6.530494208	5.300896644	3.993410312	-40.60365061	-145.9960073	-11.01331666	-3.230573347
aligned_38075IM5-Spike-PL4_A10_01 20200803_000014.raw	5.934750511	3.737428767	2.859922671	4.214292506	-0.654044643	191.7933251	13.37567859	7.426241392	4.585863397	11.23397559	5.803076305	6.814105409	11.51457129	5.484854041	-129.129999	4.347153911	103.8804527	6.526430988	7.66406139	3.295428117	3.276938582	3.804384214	-35.46895226	-173.8002641	-6.384865708	7.181930162
aligned_38075IM5-Spike-PL4_A11_01 20200803_000015.raw	6.081763806	4.781938043	5.123552951	6.135567226	2.421254145	1.874786414	12.14658842	7.986660231	5.115612775	11.36291661	7.527173532	7.309465662	11.23095123	6.762910342	7.955478748	4.081834808	6.246915688	7.03405883	8.516127399	3.398779437	5.213768224	4.606372132	2.802873191	4.302532795	6.183525767	4.461868949
aligned_38075IM5-Spike-PL4_A12_01 20200803_000016.raw	6.564487171	4.781938043	5.976970041	5.689231415	2.421254145	1.874786414	12.60257538	7.986660231	5.521691091	11.36291661	7.927702581	7.68909198	18.98306261	7.5363502	11.49495376	5.608549792	4.430109022	7.03405883	8.516127399	3.398779437	5.94402045	5.998380106	3.565983262	3.576034144	0.987034124	4.108391015
aligned_38075IM5-Spike-PL4_B01_01 20200803_000018.raw	4.780607003	3.560257877	2.693389233	-169.1384753	0.023404628	192.0359943	13.19743309	7.258315281	4.427127204	11.49185764	6.047038372	7.425199597	10.13131944	7.654246713	-139.5328348	189.6940649	95.74446524	6.763444477	8.258997135	4.180149371	7.150597865	4.016352075	-30.65764798	-140.5233205	-17.82988422	2.448763606
aligned_38075IM5-Spike-PL4_B02_01 20200803_000019.raw	5.189823722	3.038003239	3.481762547	10.22055527	2.906375019	191.975327	13.58398469	7.622487756	3.959213357	11.42738713	6.787105952	6.228453675	19.45326138	4.888258952	-122.9511996	-139.3711938	100.7761931	6.704191105	8.202696221	3.450455097	7.46012444	9.183390015	-33.38669419	-137.3093903	7.72481684	19.71530128
aligned_38075IM5-Spike-PL4_B03_01 20200803_000020.raw	6.008257158	2.89996974	4.631800629	6.513937301	2.357144679	191.8539924	14.3570879	7.921244776	5.053777244	11.2984461	7.466183016	7.251598694	6.272687977	7.090682014	-122.3510992	-130.7089423	103.9357835	6.974805457	8.090094394	3.347103777	2.967412008	2.813370198	-39.22634165	-141.052511	0.731343061	-129.5601495
aligned_38075IM5-Spike-PL4_B04_02 20200803_000101.raw	6.064285391	0.233148352	0.648894268	2.571608852	-3.067138113	196.2827051	0.730403832	5.415608312	3.476596254	0.763026056	0.70367738	-0.849697969	3.876670076	5.206385867	-129.3889676	105.1457701	93.8038404	-2.106818346	12.75843576	0.521444803	6.661052214	4.593771699	-40.31257827	-146.822339	-1.62046884	23.18738379
aligned_38075IM5-Spike-PL4_B05_01 20200803_000022.raw	7.382920608	3.284190879	4.566756852	4.660628318	-0.233033235	191.7933251	13.83166556	7.426241392	4.585863397	11.23397559	6.203605354	6.814105409	11.10656543	8.965333404	-125.2365765	-140.6907695	103.8804527	6.137309891	8.033793481	2.95641881	5.102569147	3.804384214	-36.9951724	-139.6548275	-2.669271185	-120.4236043
aligned_38075IM5-Spike-PL4_B06_01 20200803_000023.raw	2.67087708	2.939107131	3.814829423	3.874463824	1.130465068	191.4899886	5.732710253	7.528752048	4.66193953	2.443974419	6.699710867	5.006265299	4.675512985	9.057312051	-115.595533	-135.2564874	102.5137146	6.619285224	9.60094937	7.105161503	3.364067002	4.583430368	-28.51021141	-146.1066348	-82.46588986	12.21469352
aligned_38075IM5-Spike-PL4_B07_01 20200803_000024.raw	2.597370433	2.416852493	2.896368556	2.02115484	1.908378419	191.4293213	5.663274887	7.033748664	4.194025683	2.379503906	6.238191302	3.809519377	3.797308359	8.224923936	-132.6389104	-148.2917446	103.1851065	6.949152949	9.544648456	6.036457921	5.134098028	2.442426441	-39.25191337	-153.0636857	-2.265627328	10.74690065
aligned_38075IM5-Spike-PL4_B08_01 20200803_000025.raw	3.562817164	1.057138828	2.896368556	-2.888539088	2.329389827	191.4293213	5.663274887	7.033748664	4.600103999	2.379503906	5.837662253	4.189145695	6.653349396	7.838204007	-121.6665379	96.36433145	103.9118292	7.338274046	9.914380548	6.036457921	3.673593576	10.0984703	-26.6605972	-143.2559539	0.706848291	17.81645934
aligned_38075IM5-Spike-PL4_B09_01 20200803_000026.raw	4.04554053	1.057138828	3.323077101	8.716192016	0.645344194	191.4293213	5.663274887	7.033748664	3.787947367	2.379503906	6.63872035	5.32802465	5.021325947	7.838204007	-134.7625955	113.539875	103.1851065	6.170910755	9.544648456	5.358439307	6.594602479	5.574444384	-45.35679393	-154.1534337	2.564645552	8.626033039
aligned_38075IM5-Spike-PL4_B10_01 20200803_000027.raw	221.2710551	150.625642	37.88646927	203.3186059	0.224332786	191.4293213	5.207287918	1.878693507	202.3602439	2.802886336	14.64930132	-89.19892857	29.90968355	22.14684139	-119.8968004	185.2954792	103.1851065	0.723215394	182.5792672	84.00859856	-179.9848412	14.27449423	-38.48880329	-145.0722006	-14.89864871	-71.25998024
aligned_38075IM5-Spike-PL4_C01_01 20200803_000029.raw	1.705430349	3.39234502	2.961412333	12.80118006	-3.500660421	191.4899886	5.732710253	7.528752048	4.255861214	2.443974419	6.699710867	5.385891617	4.675512985	3.256513113	-132.5850131	21.99515585	103.2404373	6.619285224	9.60094937	4.732096353	4.459445341	3.539424387	-29.65487652	-154.4613693	2.249665275	1.25687754
aligned_38075IM5-Spike-PL4_C02_01 20200803_000030.raw	5.378520498	2.761936241	0.661336168	187.5903454	0.123868707	191.7326578	13.30624323	6.501650078	3.711871234	2.278474041	5.742085788	4.098854215	2.884255276	7.74622536	-169.887859	16.8843727	103.0983992	6.467177616	7.607760476	3.243752457	6.50747406	3.403390255	-42.7766589	-139.7101412	-0.868053098	-4.183244886
aligned_38075IM5-Spike-PL4_C03_01 20200803_000031.raw	3.111916964	1.993493963	-0.061993369	31.06240694	-0.168923769	191.8539924	13.44511396	6.632480987	3.835542296	10.87506367	6.665124919	6.11271974	11.57676419	2.063322935	-130.1379442	11.27555116	102.4823382	5.807442166	7.350630212	3.347103777	4.062790347	3.161372191	-30.0690208	-155.2192347	-1.498013653	18.90058315
aligned_38075IM5-Spike-PL4_C04_01 20200803_000032.raw	-0.86506009	1.885339822	1.970059696	6.853765984	-7.426581786	192.1573289	13.79229079	6.95955826	4.14471995	5.270062212	6.569548454	6.402054577	9.031687656	4.678383792	-130.9303001	19.58170393	96.58184952	6.103709027	8.00186687	3.26647277	5.071040265	4.470337999	-24.05489045	-137.5066984	-16.60319195	10.68651837
aligned_38075IM5-Spike-PL4_C05_01 20200803_000033.raw	3.699970143	-0.173799371	-1.248477336	7.503999005	-7.655264796	192.3393308	13.08862294	6.726216695	3.924148226	3.76994403	5.550932859	6.196029162	7.994248771	6.015388349	-124.7515007	20.13792214	98.20128728	5.892348046	8.170769611	3.760509057	5.237838881	8.109333832	-33.41928344	-148.2382369	-3.813403295	11.90859558
aligned_38075IM5-Spike-PL4_C06_01 20200803_000034.raw	5.924890195	-3.976873369	1.998657588	193.0052238	1.021401228	192.582	7.438533802	6.558290583	2.953255402	4.027826082	5.794894926	6.807123349	10.69105555	5.091021587	-127.0135439	-177.3389489	99.14933317	6.129361535	8.395973265	15.83253745	4.364858697	-0.030746156	-31.66041944	-146.2007352	-0.988840775	-64.93406969
aligned_38075IM5-Spike-PL4_C07_01 20200803_000035.raw	9.524473697	-3.76982312	3.9006231	7.087087538	9.633957787	192.7640019	8.102826868	7.184124877	10.44817168	5.068002481	5.977866476	5.082592661	10.06162253	1.013947136	-122.6044819	99.93436001	101.1321323	6.696242749	8.564876005	15.64855512	5.261909539	3.95625167	-31.86749158	-155.1160271	-2.303815149	-119.5615062
aligned_38075IM5-Spike-PL4_C08_01 20200803_000036.raw	3.396083237	-4.538265398	1.470459382	190.2207018	11.02521094	192.8853365	6.873736691	5.167016138	7.729294532	4.350178646	5.699318461	4.818700278	9.369996603	-0.028316139	-121.0808973	-141.1702477	98.69926454	6.036507299	7.198549467	-3.23261476	5.373108616	3.366231613	-38.23760525	-132.1206921	7.831148511	19.81656241
aligned_38075IM5-Spike-PL4_C09_01 20200803_000037.raw	171.1951177	175.2200054	81.95184099	196.7412661	88.74774789	193.1280056	1.223647549	-0.585553059	193.9605054	-207.5065368	-3.268887586	-106.9395957	32.05909064	4.848116037	-131.8376806	172.8035573	97.83050377	183.32362	165.2993561	120.712485	-38.21962677	-29.13398793	-36.09718622	-156.2371419	-16.81145908	-123.1264767
aligned_38075IM5-Spike-PL4_D01_01 20200803_000039.raw	4.214516674	-4.223061009	1.767080373	-4.963979378	10.89699201	192.7640019	7.646839899	6.324949018	10.04209337	6.338149772	6.378395524	6.601097934	12.10165184	0.627227206	-135.7005395	109.4763287	98.58860292	5.528879457	7.825411822	15.64855512	3.436278974	6.74026762	-44.07725271	-130.7783223	2.150320544	3.802293073
aligned_38075IM5-Spike-PL4_D02_01 20200803_000040.raw	157.7940536	173.9684459	-6.702046755	191.0454077	-198.7025797	192.8246692	-1.403464126	3.812836894	9.697850581	-154.4827032	0.831979363	-62.05339868	28.48407924	-0.860704254	-123.2584796	0.374387187	101.9141857	4.420769538	7.142248553	105.8767065	-161.1799984	-158.5076874	-46.30842196	-130.3597592	-11.15550736	-114.9124119
aligned_38075IM5-Spike-PL4_D03_01 20200803_000041.raw	4.770746687	-3.700806371	1.83212415	1.799023534	10.54009007	192.8246692	6.804301325	5.531188613	10.1039289	5.132472994	4.837269847	4.76083331	6.451762666	4.553374755	-124.6742696	9.152998339	97.1904884	4.809890635	7.511980645	-3.28429042	3.857004626	4.705247623	-41.72976153	-155.787212	-4.845481796	1.735306596
aligned_38075IM5-Spike-PL4_D04_01 20200803_000042.raw	4.917759982	-3.562772872	2.815628794	1.488619196	10.668309	192.9460037	7.399159026	6.091607452	8.197208379	6.10817888	5.359779929	4.117314609	5.760136742	5.057991197	-125.27437	8.887679237	174.3337526	6.095760671	7.25485038	16.14259141	4.333329816	3.419223579	-36.27166911	-130.2491317	-9.557637115	5.731326146
aligned_38075IM5-Spike-PL4_D05_01 20200803_000043.raw	5.621003289	-3.355722623	2.157343034	5.263202899	2.440409236	193.1280056	7.607465122	5.858265886	8.788793287	5.454825558	5.142222431	5.809420784	7.170733032	6.008275824	-131.8376806	12.71580171	100.3740331	5.495278593	7.423753121	16.29761839	6.690885109	3.230197481	-41.05740168	-131.8994371	-8.645543642	-5.771802305
aligned_38075IM5-Spike-PL4_D06_01 20200803_000044.raw	4.729063205	-3.286705874	4.355929537	6.67017607	1.241484478	193.1886729	6.764926549	5.494093411	8.038472186	4.672531211	4.402154851	2.450650888	5.192896621	4.907064293	-130.7219408	-142.3468509	170.1947399	5.554531966	6.740589852	10.24712652	4.190601857	2.935187452	-44.8050076	-140.5621072	-18.2395918	4.179461004
aligned_38075IM5-Spike-PL4_D07_01 20200803_000045.raw	-4.557870872	5.669897754	2.120897149	2.992982448	4.509111663	193.4920094	6.656116407	4.532406895	7.129414892	3.724736485	4.707107434	3.499238362	5.503861125	4.428365717	-123.3735041	179.6478435	170.4713939	3.905193341	6.105716361	9.149467589	0.817338422	3.548149272	-35.35688193	-139.9222891	-12.76020429	6.216256343
aligned_38075IM5-Spike-PL4_D08_01 20200803_000046.raw	-4.410857577	5.807931253	1.397567612	2.705467125	3.37429637	193.613344	8.162948047	5.522413664	8.471320902	6.393972092	4.829088468	6.272356523	7.260270376	4.159542301	-123.619657	100.2934319	101.1800409	5.191063377	7.326375656	8.913809602	3.119294176	-3.305906671	-40.96388553	-139.8116616	-4.852308474	-3.219885632
aligned_38075IM5-Spike-PL4_D09_01 20200803_000047.raw	-4.673061001	6.014981501	1.592698943	-1.553993782	8.618761664	193.7953459	7.915267174	5.289072099	7.844670862	5.31723634	5.012060018	2.270067926	7.854854941	4.723106999	-126.6434926	-19.50232761	100.982672	5.368823493	7.125925907	9.407845889	3.286092792	-3.494932769	-28.96119655	-134.9234791	6.081590309	13.20174277
aligned_38075IM5-Spike-PL4_D10_01 20200803_000048.raw	-4.116830988	6.083998251	2.084451265	0.745651013	2.788711417	193.8560132	7.98470254	5.784075483	7.906506393	5.381706853	5.073050535	3.846440166	7.101036117	5.555495114	-121.9882777	103.2006483	97.76775078	5.428076865	7.55157931	9.798530856	-1.770073249	-3.441940804	-29.28459062	-174.0990925	-5.368347724	9.36736662
aligned_38075IM5-Spike-PL4_D11_01 20200803_000049.raw	-4.305527764	6.360065249	2.771334917	1.910185583	2.203126464	194.0986824	7.806457032	5.638179522	7.7477702	5.216206474	4.916483553	5.21678699	6.533795996	6.564727998	-131.6832185	104.5795806	95.08218335	5.665090354	7.407430474	5.937121811	5.024594937	15.91013671	-41.26170789	-142.2751462	144.8138707	-4.909704177
aligned_38075IM5-Spike-PL4_D12_01 20200803_000050.raw	-4.15851447	6.498098748	1.19458829	-2.417241061	2.752356804	194.220017	7.489340794	4.909834572	7.465362946	4.92176507	5.038464587	4.952894607	7.474193522	1.655265432	-131.9293714	-132.1880895	102.823433	5.005354904	7.150679812	6.379482438	7.691676804	9.056080767	-42.29005107	-128.7242937	-1.317092932	-5.508897781
aligned_38075IM5-Spike-PL4_E01_01 20200803_000055.raw	-4.31538808	14.9623271	2.336778379	7.703434086	1.352503887	194.8873573	6.429181937	5.199816644	8.145553785	4.784175852	6.109889319	5.039674877	6.526291982	5.010735757	-116.4707058	-3.936392216	98.7083745	5.657141999	7.031284881	7.286924005	2.461253923	5.810970454	-35.16384486	-132.8380836	4.872947607	0.385963706
aligned_38075IM5-Spike-PL4_E02_01 20200803_000056.raw	-3.68565142	15.55359848	3.746991569	7.839365559	-1.466357038	195.0086919	7.024039637	5.760235483	8.269224847	4.913116877	5.831341304	5.53542529	11.13874227	5.515352199	-116.0089637	99.72121271	99.90912012	5.386527646	7.513239197	7.729284632	15.35186695	5.916954384	-27.03486719	-131.6377081	-5.406877329	3.675027385
aligned_38075IM5-Spike-PL4_E03_01 20200803_000057.raw	134.5937511	197.0558041	53.86702269	182.5605651	-6.326165537	195.1906937	12.70418937	-6.501568115	5.206104911	-3.361120188	2.409551418	-55.85364337	14.58936787	7.239076685	-115.1393767	-148.0683371	96.44149921	2.062197888	9.898256874	73.6521172	-125.0548879	-56.91243058	-32.58370982	-147.0914879	-89.12336203	110.940485
aligned_38075IM5-Spike-PL4_E04_01 20200803_000058.raw	151.0063455	199.7752314	53.86702269	-171.3837335	-4.221108497	195.1906937	-0.519432748	2.090190479	196.0629134	-2.090972897	1.207964273	-64.97403886	26.01353202	12.26643576	-138.4999118	154.5319074	96.07813787	193.5097777	161.3327776	73.6521172	-62.9834487	-20.37222124	-45.93813606	-148.5444852	151.3999654	168.5573884
aligned_38075IM5-Spike-PL4_E05_01 20200803_000059.raw	129.4308074	200.8197407	54.85052734	192.9622203	-14.61817477	195.3120283	8.739177374	1.791433459	196.1865845	-2.385414302	-9.083809953	-60.67812366	22.87387092	-10.04542362	-146.8868573	183.3035933	95.82543815	-0.932264145	0.777046464	108.9678213	-2.991567113	-23.39825525	-32.46738789	-131.3611394	-84.55606799	-13.72946369
aligned_38075IM5-Spike-PL4_E06_01 20200803_000060.raw	213.0889629	159.7131264	79.72971051	192.2054801	-9.858830347	195.4333629	2.950217501	1.492676438	-1.855962654	-9.030592159	3.054042534	-59.80235677	24.22227431	11.342069	-146.7790626	178.8351007	176.6023157	-3.148483984	3.844468207	120.6093352	23.7738382	16.03195396	-39.98216667	-126.1650213	-97.43413875	124.2346932
aligned_38075IM5-Spike-PL4_E07_01 20200803_000061.raw	5.738435636	4.45958088	-7.123701385	-5.317387237	-1.246273788	195.6153648	5.894445415	2.977686592	6.451110259	4.287674716	3.237014084	4.594029049	7.272606792	4.557955046	-121.8410456	-25.01628225	98.28226019	2.476971493	6.229485884	5.382736123	8.240213966	4.706864068	-47.43878448	-157.6017714	-8.552865327	-11.69266835
aligned_38075IM5-Spike-PL4_E08_01 20200803_000062.raw	5.738435636	3.553105103	-6.69699284	191.5167057	-3.772342236	195.6153648	4.982471476	2.548098662	6.045031943	2.594144995	2.836485035	2.693946655	6.456595067	5.331394905	-123.9647306	-149.1893624	101.1891509	3.644334785	6.229485884	3.34658978	8.240213966	2.618852106	-25.30859244	-153.6060288	13.71781314	-11.69266835
aligned_38075IM5-Spike-PL4_E09_01 20200803_000063.raw	6.515185591	5.188885766	0.620734925	-5.045524291	0.273198299	195.858034	7.084160816	11.40151907	6.292374066	4.545556768	4.282034247	3.685447483	7.113372532	2.860148426	-130.1201963	-134.8200155	100.3203901	4.086675059	6.824042027	3.892650144	2.985720428	5.96283791	-32.32549425	-142.8505434	174.2930148	19.27543651
aligned_38075IM5-Spike-PL4_F01_01 20200803_000065.raw	6.399995462	5.533969514	0.945953809	3.328349002	3.540825485	196.1613705	6.063376735	8.72148084	4.977238457	1.904232321	1.783283492	6.634897672	2.93627255	3.154889708	8.896710912	12.95029569	92.60309479	3.994220331	1.195906762	4.490386168	5.089348685	5.183791756	-16.77248802	-151.6552077	8.288178121	6.819636522
aligned_38075IM5-Spike-PL4_F02_01 20200803_000066.raw	7.029732122	5.218765124	1.076041362	3.464280475	2.406010192	196.2827051	5.746260497	7.99313589	5.100909518	1.609790916	3.106851671	-0.46968149	4.692681801	3.65950615	7.942663041	3.896950954	91.98703373	11.88715885	13.12778825	5.272452935	4.470295536	8.421793629	-39.16791317	-163.8950573	-1.249290865	0.564795961
aligned_38075IM5-Spike-PL4_F03_01 20200803_000067.raw	139.9991776	7.238766927	9.814114585	202.7339497	78.80140345	196.464707	-2.685801881	2.175151238	6.098572743	7.730556478	-7.924990135	-56.91853593	15.48741293	-3.511327735	-134.1825407	169.5082403	93.24311016	10.51003261	13.29669099	111.3070897	-4.125932556	-16.82337601	-35.94098999	-148.4726444	144.0510347	-72.79697109
aligned_38075IM5-Spike-PL4_F05_01 20200803_000069.raw	6.767528698	5.879053262	9.814114585	3.668177685	3.861372814	196.464707	-4.965736728	6.471030535	4.880337795	-1.160474556	1.287177979	13.00449617	4.063248779	-2.351167947	8.458302493	4.07149042	93.96983282	11.67619738	13.29669099	5.427479915	8.288355281	6.492757563	-33.65165978	-161.9128694	0.405158557	1.079917295
aligned_38075IM5-Spike-PL4_F06_01 20200803_000070.raw	6.841035346	5.494832123	9.879158362	3.28980761	2.662448055	196.5253743	-3.072353485	7.825209779	4.942173326	1.444290538	-5.060296279	-0.6182301	3.717435817	-2.292219691	8.158252308	-0.837252964	107.1061716	5.90462692	12.98363942	4.461082404	6.153198142	7.589755509	-1.542875857	-152.0498239	1.946449629	0.073364623
aligned_38075IM5-Spike-PL4_F07_01 20200803_000071.raw	6.914541993	5.563848872	10.37134923	3.804109158	1.042511889	196.5860416	-5.282852967	7.031449374	5.410087172	2.355525911	-2.596131472	12.74021363	2.147605269	-2.233271434	9.27399213	17.94240663	93.7171331	5.963880292	13.03994033	5.870188959	0.366779875	6.946743487	1.567725389	-175.9689656	-2.822284864	1.89463543
aligned_38075IM5-Spike-PL4_F08_01 20200803_000072.raw	6.98804864	2.460200403	10.00924592	3.425739083	1.948644171	196.6467089	4.818295728	8.385628618	5.065844387	1.149849133	6.677027159	12.79808059	0.985780582	-2.947763036	-130.4813737	-138.64853	107.2168332	7.966741609	13.09624125	6.600580066	4.438766655	6.484502679	-27.75385136	-175.9136518	1.688430004	4.776340042
aligned_38075IM5-Spike-PL4_F09_01 20200803_000073.raw	7.470772006	7.445817175	9.582098821	-171.0915633	12.89494078	196.6467089	-8.861313357	7.956040688	3.847609439	-0.967063018	3.472794771	-63.20521517	-0.646242867	-2.947763036	-134.3747962	179.9986972	107.2168332	9.521627964	13.09624125	52.41387276	1.15263164	-119.7105242	-34.24028696	-155.2084403	-54.35944414	0.181126889
aligned_38075IM5-Spike-PL4_F10_01 20200803_000074.raw	15.97109581	4.549218954	2.580773319	3.697602029	2.626093442	196.8893781	4.640050221	8.647290437	5.31318651	3.948025766	7.722047322	6.569268323	3.274581497	6.182588361	-139.4684195	1.422181046	177.9302551	8.203755097	8.889215025	5.110494088	4.296038697	6.69647054	-30.19209275	-133.1922258	4.884170498	7.112732183
aligned_38075IM5-Spike-PL4_F11_01 20200803_000075.raw	16.60083247	4.687252454	2.283713778	15.43826461	4.017346598	197.0107127	-1.604896621	8.348533416	5.030779256	1.960054641	7.443499307	5.924969301	5.030990749	4.366885228	7.527588338	22.55244656	101.0083141	7.933540253	8.263111873	4.874487684	3.311859435	0.892494535	11.51372802	-158.8723004	-1.312696718	0.150935752
aligned_38075IM5-Spike-PL4_F12_01 20200803_000076.raw	15.63538574	3.327538788	2.283713778	11.86757811	1.912289557	197.0107127	3.866947013	7.918945487	5.030779256	3.230201932	7.844028356	6.304985779	7.479025923	4.753605157	-135.4672023	11.85445812	99.91823008	7.156097075	7.893759383	5.553203131	4.042111661	5.759520364	-26.26022047	-169.4065308	4.626150873	6.867016514
aligned_38075IM5-Spike-PL4_G01_01 20200803_000078.raw	15.15266238	5.59372823	3.565155062	12.76024974	2.333300965	197.0107127	2.042999135	7.918945487	5.030779256	1.960054641	7.443499307	6.685002258	2.582955574	5.527045015	2.572323315	4.977179832	98.10142341	6.378653898	7.524406894	5.213845407	2.58160721	4.021296854	4.645737387	-160.3252977	-5.766832412	0.150935752
aligned_38075IM5-Spike-PL4_G02_01 20200803_000079.raw	14.74344566	3.849793426	2.77590465	12.38187966	1.555387615	197.07138	2.112434501	7.125185082	4.280458155	0.330995433	6.703431727	6.742869226	3.869166062	7.906312847	7.227538153	-2.988131678	102.1537289	6.43790727	7.580707807	-0.164202512	3.002332861	5.464867627	-13.99229838	-168.2614691	-5.339075263	-2.623006594
aligned_38075IM5-Spike-PL4_G03_01 20200803_000080.raw	-1.595642129	3.465572287	1.986654237	194.1085208	2.461519897	197.1320473	1.269895927	4.613072958	2.311902106	-1.298063775	3.159660808	6.040703235	3.523353101	7.578541174	-117.3080851	49.03170629	102.9357824	5.719717464	5.420893783	0.905546319	5.978941303	1.346123167	-35.30121938	-161.6676675	-79.88926896	-27.66605883
aligned_38075IM5-Spike-PL4_G04_01 20200803_000081.raw	15.70889239	2.490079761	1.067316271	12.82821547	-0.549669425	197.07138	-2.903422164	6.266009223	4.280458155	0.754377863	6.703431727	5.602819789	-0.210892562	4.812553413	15.36833069	108.5766049	86.8925529	5.660464092	7.211355318	5.265521067	4.827963426	4.769578223	-37.26715552	-166.4452225	0.599772329	-3.683440398
aligned_38075IM5-Spike-PL4_G05_01 20200803_000082.raw	15.15266238	3.327538788	1.429419589	12.31391392	1.491278149	197.0107127	3.410960044	7.059769627	4.218622624	3.653584362	7.443499307	5.924969301	7.071020061	5.527045015	5.049955826	179.9657051	101.0083141	7.156097075	7.524406894	5.213845407	3.311859435	2.630718045	-40.75931181	-166.1372869	-16.90217165	-2.676887727
aligned_38075IM5-Spike-PL4_G06_01 20200803_000083.raw	15.29967567	2.105858622	2.413801332	12.89618121	1.619497081	197.1320473	2.181869866	6.331424677	3.93621537	1.242230807	6.363893195	5.280670278	4.339364826	5.644941528	-128.9883527	116.6582761	100.7556144	6.108439053	6.159598763	-0.112526852	8.16969798	3.084346678	-24.6176784	-167.842906	-3.426606216	-106.1381604
aligned_38075IM5-Spike-PL4_G07_01 20200803_000084.raw	15.66720891	0.637990816	2.739020216	13.23600989	-0.165012631	197.4353837	2.073059724	6.228914021	3.839314708	1.987965801	7.490443827	7.470087509	2.202294155	4.779523023	-128.7188661	9.205148743	100.3055457	6.404705914	6.810455819	0.145851448	6.987191221	4.044595908	-41.11529512	-163.933844	5.39338307	-110.1104899
aligned_38075IM5-Spike-PL4_G08_01 20200803_000085.raw	14.99578876	2.273771479	3.853489512	13.06153703	-0.750597584	197.2796465	1.894814217	6.06098791	4.086656831	-1.141211589	5.731760652	4.661423548	4.083089208	6.185391731	-0.728228719	5.235086857	100.1635076	5.864276225	7.405011963	0.352554088	1.732697683	5.647142578	-1.582482638	-158.9903478	9.702657488	-3.498107003
aligned_38075IM5-Spike-PL4_G09_01 20200803_000086.raw	14.10384868	1.88955034	3.918533289	13.12950276	0.155534698	197.7387202	2.420236552	5.696815435	4.148492362	-0.653358646	5.792751169	5.099306995	-0.75078824	5.0841802	13.83751617	-3.494366685	96.22186377	5.146086419	7.461312876	0.064872024	5.074432237	6.395423947	3.435893785	-170.9222617	-3.231992443	-2.73727
aligned_38075IM5-Spike-PL4_G10_01 20200803_000087.raw	16.25526209	1.190124812	1.977929146	3.514012115	3.294942952	197.9207221	2.628542649	6.322649728	4.333998955	-0.883329537	4.774135573	4.51287494	8.003913573	5.647744899	8.33604809	25.33549897	93.48096552	5.712568125	6.891510638	12.43677706	3.050474176	6.206755141	-41.41311748	-160.5853394	-3.433432894	2.019586552
aligned_38075IM5-Spike-PL4_G11_01 20200803_000088.raw	13.9151519	2.165617339	4.60585549	2.689306228	-0.430050255	197.9813894	2.697978014	5.958477253	3.583677853	-0.818859024	5.235655139	5.710791343	8.066106474	4.546533368	-113.7219427	-5.554073492	178.9262096	4.605656731	6.947811551	12.14909499	2.010695376	5.912102404	-17.69854433	-126.0213397	149.1772938	-4.289135142
aligned_38075IM5-Spike-PL4_G12_01 20200803_000089.raw	14.17735533	2.865042867	3.983577065	12.30479688	-0.201367244	197.7993875	2.489671918	6.191818819	3.398171261	-1.012270563	5.853741685	5.537190441	0.535422248	6.690008173	6.458515948	3.441091421	94.09702658	5.205339792	7.1482613	11.65471029	6.590536227	7.491350019	-2.99238085	-154.157479	-1.690701371	4.739647765
aligned_38075IM5-Spike-PL4_H02_01 20200803_000092.raw	141.175284	146.127353	34.34790522	115.000575	-1.428046855	197.4353837	1.161085785	2.362622653	197.5386714	-10.29012467	3.485153343	-62.45294459	20.56255796	8.260002385	-126.2412336	182.6653899	100.3055457	-0.203561097	4.594340882	77.18005473	-1.775835487	-7.080034559	-32.72108435	-142.8653831	-51.02566905	-47.89837339
aligned_38075IM5-Spike-PL4_H03_01 20200803_000093.raw	14.70176218	2.45094237	3.16616731	13.6823457	-6.059172344	197.4353837	2.529046694	5.799326091	3.839314708	-7.749830093	4.686740488	5.950021594	3.426311743	3.619363235	-115.268861	185.339887	168.254115	4.849819558	7.179808309	0.145851448	4.066182319	0.568148887	-46.07551058	-141.4123858	-2.401354393	5.123316836
aligned_38075IM5-Spike-PL4_H05_01 20200803_000095.raw	140.6607375	137.0327159	22.35962723	193.5262535	-4.823892972	197.0107127	-7.988714195	4.052654119	195.4815095	-4.814064242	11.84931884	-69.3182935	28.69533077	-39.7191867	-131.2198323	183.4043442	99.19150741	10.65459138	150.0944678	57.47493486	-63.87134533	-9.884491231	-43.04864202	-148.7013193	-141.2467931	145.430367
aligned_38075IM5-Spike-PL4_H06_01 20200803_000096.raw	141.1434608	134.3132885	53.11421804	185.045873	-185.0167756	197.0107127	-8.900688134	4.052654119	197.9179794	-11.1648007	0.634505484	-54.87766731	37.67145974	3.593445369	-124.8487773	-148.2332975	99.19150741	28.92450605	5.308291956	109.0573089	-148.9457296	-17.18502998	-35.03598628	-135.9875929	12.04971036	4.746148905
aligned_38075IM5-Spike-PL4_H07_01 20200803_000097.raw	140.4402175	137.7321414	-7.308653634	-194.5434641	90.55336826	196.8287108	-9.5649812	2.567643966	197.7324728	-18.97909598	-111.2960706	-63.79164722	25.24470517	-20.94675494	-125.7183642	98.02796822	107.0194643	-136.0712077	158.7900249	104.1512737	-70.61041398	61.22369681	-40.9337947	-146.3245152	152.1852472	-59.3950007
aligned_38075IM5-Spike-PL4_H08_01 20200803_000098.raw	140.0726843	135.1208682	81.63987026	-180.154211	0.557391015	196.5253743	-9.000184089	0.951802904	197.4232951	-12.10394723	-3.458180086	-64.46099854	19.62966445	-28.20245495	-166.337866	147.0242301	86.0312143	7.848234864	178.0842022	116.7884889	-170.5678405	10.72177345	-48.85570023	-127.7121191	134.0858085	-147.3269342
aligned_38075IM5-Spike-PL4_H09_01 20200803_000099.raw	5.655068672	-0.604310675	0.28679095	-175.8947501	-11.0022454	196.3433724	0.799839197	4.192259977	1.914118521	-1.712798012	-0.436919248	-1.931880438	1.490827803	-2.082344531	-130.0429653	-156.1326248	92.76908721	-1.658843385	0.256752034	5.324128595	-0.220744392	2.210749708	-36.82042199	-141.3182854	-1.563889665	118.3268294
aligned_38075IM5-Spike-PL4_H10_01 20200803_000100.raw	6.137792038	3.928068209	0.713938044	3.0859104	-0.476960199	196.3433724	0.799839197	5.481023767	3.538431785	-0.019268292	0.764667897	-1.171847481	0.674816078	0.237975044	7.996560358	2.044775697	92.40572588	-1.270121796	0.995457013	2.609266805	4.160768962	3.950759677	-5.151354068	-160.5704996	1.034356156	-0.088278776
aligned_38075IM5-Total-PL4_A01_02 20200805_000111.raw	2.271520678	0.297954583	1.754178466	15.55627771	-0.502461666	-6.449208205	5.355472836	6.314178662	3.513834844	2.093710694	5.567295618	1.654477463	1.073157138	-0.157905468	15.07222227	5.266490668	-6.795293637	9.410334632	-3.275820603	3.433969819	6.348133668	3.599524792	7.03958536	3.052810477	19.77712834	-10.34751204
aligned_38075IM5-Total-PL4_A02_01 20200805_000112.raw	3.048270633	-0.785692084	1.587645028	15.82814066	-4.035126475	-5.409726131	5.177227328	6.146252551	2.949020335	-3.575761277	5.410728636	-5.326954712	-2.758129883	13.61308508	14.22596903	8.170961176	-18.20153307	5.756137149	-3.050616949	6.013737609	2.554144581	3.115488665	1.930458724	-6.334905251	0.310794068	2.946696085
aligned_38075IM5-Total-PL4_A03_01 20200805_000113.raw	2.786067209	-0.125403947	1.782776358	15.58570206	-0.053695405	-0.845253367	5.385533425	6.772086845	3.540605244	-2.535584878	5.994229235	8.133567325	2.732525031	6.828971123	13.67976598	4.528713184	-25.66612864	6.71213946	8.949712711	6.168764588	3.086069309	5.362476523	2.868051688	-3.989468047	-3.606622384	4.522251223
aligned_38075IM5-Total-PL4_A04_01 20200805_000114.raw	2.261660362	1.195172327	1.746330474	4.388765372	-0.489471098	-4.465314013	5.802145618	6.305403714	2.693383481	2.508444932	5.959643287	3.925253312	2.289670711	6.022500874	9.755779857	3.732755877	-12.25313581	5.900296402	7.069125644	2.410706863	3.784792654	4.28842034	0.927687263	-0.388341614	-0.666231169	2.371192477
aligned_38075IM5-Total-PL4_A05_01 20200805_000115.raw	1.222706983	1.126155577	2.961412333	3.874463824	-0.974591972	-2.533949095	5.732710253	6.239988259	3.037626266	2.443974419	5.89865277	2.72850739	0.595454361	4.80339283	8.640040036	0.62114609	-10.85502128	5.84104303	9.231217278	7.105161503	4.459445341	4.931432362	-2.946024053	8.274328441	-6.667761581	4.084701018
aligned_38075IM5-Total-PL4_A06_01 20200805_000116.raw	2.303343844	1.234309718	2.636193449	14.24669462	-0.474706814	-1.24365981	5.385533425	5.912910986	3.134526928	-5.499261889	5.593700186	8.513193643	2.324519169	6.442251194	12.26397597	-0.433110511	-4.954532656	5.155655072	8.949712711	4.81272736	7.467582663	3.970468549	7.065157076	1.459271832	17.94382585	4.522251223
aligned_38075IM5-Total-PL4_A07_01 20200805_000117.raw	2.786067209	0.78107183	2.209484903	15.58570206	-2.158752446	-4.430911353	5.385533425	5.483323056	1.91629198	-5.075879459	5.193171138	8.133567325	8.444607105	6.055531264	12.61792347	-4.249897969	172.7291592	5.544776169	8.949712711	-0.272412247	1.990690971	3.622466555	0.960276512	8.724258336	8.283280091	3.461817419
aligned_38075IM5-Total-PL4_A08_01 20200805_000118.raw	3.972033883	1.894597855	3.258033324	9.540897902	-0.681799496	-2.65528369	5.593839522	6.968333209	3.726111836	-4.45908549	5.776671737	8.307168228	0.471068559	5.458936175	4.992770385	0.1231077	-11.32904423	6.50077848	8.74888336	5.984782261	4.348246264	4.477446438	3.805644652	-6.36627207	-5.294682121	3.976938752
aligned_38075IM5-Total-PL4_A09_01 20200805_000119.raw	3.080093799	1.963614605	2.896368556	10.05519945	-0.196678622	0.194228708	5.663274887	7.033748664	3.787947367	2.379503906	6.238191302	4.948398332	2.573290772	5.131164503	6.108510207	8.578219929	-11.27371342	6.560031852	9.174916365	6.714476536	5.499224141	3.834434416	-3.004185018	-3.041714392	1.078407743	7.565599234
aligned_38075IM5-Total-PL4_A10_01 20200805_000120.raw	3.562817164	1.963614605	2.042951465	8.269856204	-1.038701438	-0.602584178	5.663274887	5.744984875	2.569712419	2.379503906	5.437133205	3.429893059	1.349273185	3.584284786	6.462457709	5.524789963	-10.54699076	5.392668561	8.435452182	4.002402078	3.673593576	2.442426441	0.429810299	-10.3067009	2.564645552	0.142562602
aligned_38075IM5-Total-PL4_B01_01 20200805_000122.raw	3.080093799	0.60390094	3.749785646	3.360162275	-2.72274707	0.592635151	5.663274887	6.604160734	3.381869051	2.379503906	5.837662253	4.189145695	2.16528491	3.197564857	8.586142719	0.562966268	12.34477323	5.392668561	9.174916365	6.714476536	3.308467464	4.530438403	-1.477964877	-2.315215742	-12.29773254	2.616908146
aligned_38075IM5-Total-PL4_B02_01 20200805_000123.raw	1.631923702	0.60390094	1.189534375	2.467490652	-2.72274707	-1.399397064	5.207287918	5.315396945	2.163634103	2.379503906	4.636075108	2.291014105	0.53326146	3.197564857	5.754562705	-8.59732363	-10.18362942	5.392668561	7.326255909	3.663392771	3.308467464	4.530438403	-1.096409842	-7.03745697	-0.407830066	9.332988908
aligned_38075IM5-Total-PL4_B03_01 20200805_000124.raw	2.114647067	0.150663051	1.61624292	4.252833899	-1.038701438	-2.594616393	5.663274887	5.744984875	2.163634103	2.379503906	5.036604156	3.429893059	0.53326146	3.197564857	7.878247715	-0.963748715	-28.35169608	5.003547463	8.805184274	-0.065709607	2.943341351	4.878440397	2.719140511	-7.03745697	8.138037337	6.505165429
aligned_38075IM5-Total-PL4_B04_01 20200805_000125.raw	3.080093799	2.416852493	2.896368556	3.360162275	0.224332786	2.186260923	5.663274887	6.174572804	2.975790735	-3.971232547	5.837662253	8.365035195	-1.09876199	4.744444573	8.232195217	-0.200391224	-10.91035209	5.781789658	9.544648456	4.680420693	4.403845802	4.18243641	1.19292037	1.31727751	-10.43993528	5.79820956
aligned_38075IM5-Total-PL4_B05_01 20200805_000126.raw	2.229837196	0.258817192	2.997858217	15.51773632	-2.64387332	-4.093172207	5.316098059	5.847495531	2.666613081	-4.293585111	5.132180621	8.075700358	-1.409726494	5.996583008	12.56402615	4.088854616	-6.463308795	5.0964017	-2.938015122	4.422042393	3.760721996	3.56947459	-5.965875087	-3.681532472	34.60742203	4.114892155
aligned_38075IM5-Total-PL4_B06_01 20200805_000127.raw	2.639053915	0.643038331	2.506105895	14.55709896	-1.023937153	2.220663582	5.246662694	5.782080076	3.010855866	-4.781438054	5.471719153	-5.269087744	0.97611578	-7.210842841	11.80223383	1.74060232	-3.97511027	5.426269424	8.467378793	4.370366733	2.974870232	3.516482624	6.185725076	-7.00609015	-0.747305114	3.707533087
aligned_38075IM5-Total-PL4_B07_01 20200805_000128.raw	2.156330549	1.096276219	2.93281444	15.00343477	-1.444948561	-1.364994404	5.246662694	6.211668006	3.416934182	-4.358055624	5.872248201	-4.889461426	2.200133367	-7.210842841	11.44828633	7.08410476	-25.77679026	5.815390522	8.837110884	5.048385347	3.705122458	4.560488606	0.080844513	-2.647098248	8.170121742	4.767966892
aligned_38075IM5-Total-PL4_B08_01 20200805_000129.raw	3.195283928	0.258817192	2.571149672	14.6250647	0.303206537	-0.905920664	5.316098059	5.417907601	2.666613081	-4.293585111	4.731651573	8.075700358	0.222296956	6.383302937	-8.672823945	2.180460887	-16.63742612	5.485522797	8.893411798	3.744023779	4.490974222	2.873470602	-6.728985157	6.852697959	9.712938726	3.407936285
aligned_38075IM5-Total-PL4_B09_01 20200805_000130.raw	3.489310517	0.081646302	1.551199143	4.631203974	-1.102810904	-0.264845032	5.593839522	5.67956942	2.507876888	-3.61232063	5.376142688	8.307168228	1.695086146	3.525336529	5.700665389	1.268143937	-12.0557669	5.722536285	8.74888336	2.255679883	3.617994038	3.781442451	2.279424511	-3.097028143	-6.780919931	3.976938752
aligned_38075IM5-Total-PL4_B10_01 20200805_000131.raw	157.0688475	-6.647905275	36.17963508	-2.442203276	-174.0743902	191.4293213	4.751300948	0.160341788	-1.084992425	1.956121476	2.232900817	4.568772014	-3.138791302	-4.923553656	-138.656018	115.4482687	172.9504825	5.392668561	8.435452182	153.1664972	-90.16381743	-169.4705584	-49.93545435	-135.2644688	158.991175	79.32162001
aligned_38075IM5-Total-PL4_C01_01 20200805_000133.raw	-0.298969761	1.510376716	1.189534375	9.162527827	-3.564769886	-0.204177735	5.663274887	6.174572804	2.569712419	2.379503906	5.437133205	4.189145695	2.16528491	4.744444573	8.586142719	6.6698262	-13.81724276	4.614426366	6.586791726	5.01943	3.308467464	1.39842046	-4.911960194	-1.951966417	7.023358981	2.263430211
aligned_38075IM5-Total-PL4_C02_01 20200805_000134.raw	4.601770543	1.579393466	2.961412333	8.784157752	-5.184706053	-0.143510438	5.732710253	6.239988259	3.443704582	2.443974419	5.89865277	4.247012663	2.635483673	4.80339283	13.59530506	-2.050605131	12.0367427	5.84104303	9.231217278	4.393087046	2.998940889	4.235428375	4.685076651	6.458081815	10.05241377	2.317311344
aligned_38075IM5-Total-PL4_C03_01 20200805_000135.raw	4.822290485	1.333205826	3.156543663	1.846681975	-2.045297799	-3.547166533	10.95687301	6.436234623	3.629211174	2.637385958	6.482153369	5.939118838	2.822062375	4.980237599	10.21752199	-0.349350682	5.662231127	6.018803146	7.551459563	7.938207097	5.356496182	4.046402277	-10.40264186	1.538532514	-0.924632272	8.841557571
aligned_38075IM5-Total-PL4_C04_01 20200805_000136.raw	4.486580414	0.564763548	0.2996714	4.660628318	0.187978173	-0.636986838	9.727782837	6.137477603	2.961550133	10.81059316	6.203605354	6.054852773	10.69855956	4.711414183	6.431894108	12.74408632	2.502640743	5.748188794	7.294329298	2.617409503	4.007190808	4.500388201	0.015666016	-9.974818391	-10.84357914	-4.482841688
aligned_38075IM5-Total-PL4_C05_01 20200805_000137.raw	4.371390285	2.269560961	2.331724465	7.232136059	0.087514094	0.861568977	10.9869336	6.894142806	3.270727787	11.13294572	6.508557937	6.34418761	8.15348303	4.619435536	12.71848822	4.63805302	5.322824109	6.044455655	7.945565957	2.875787803	4.285188501	3.373340052	2.214246014	-6.429005709	-2.555008096	5.330468218
aligned_38075IM5-Total-PL4_C06_01 20200805_000138.raw	5.001126945	3.314070237	3.741937654	4.243716851	-6.520449504	-3.001160858	11.12580433	6.595385785	3.394398849	5.334532725	5.829480874	5.32104259	3.789804345	5.510771907	5.039437818	3.609376426	4.343401724	6.162962399	8.058167784	3.657157737	4.396387578	3.131321989	-6.063642832	-3.412383605	26.51003226	2.96388494
aligned_38075IM5-Total-PL4_C07_01 20200805_000139.raw	4.927620298	2.791815599	3.676893877	5.514758549	-7.426581786	-1.866608826	11.96834291	6.529970331	3.332563318	5.693444642	5.768490357	5.263175623	4.951629032	5.065103721	4.277645497	-1.41062709	-4.79596241	6.103709027	8.00186687	3.26647277	3.245409701	6.558349961	-1.161588339	-10.73268386	12.34869006	2.203047938
aligned_38075IM5-Total-PL4_C08_01 20200805_000140.raw	4.297883638	2.6537821	2.266680688	2.700812206	0.444416036	-1.589536978	9.09355036	5.539963562	1.990657308	10.64509278	5.245980275	4.76781537	3.19521978	4.17376735	9.479063389	2.289800723	-18.35099335	5.206960088	7.519532952	2.485102836	4.229588963	4.364354068	-0.133245162	-5.75782081	30.79443043	1.741807737
aligned_38075IM5-Total-PL4_C09_01 20200805_000141.raw	222.5623516	6.348701957	4.038558645	-170.409517	3.455605358	192.0966616	13.26686845	0.87991179	1.240336207	11.13294572	4.906441744	11.65895606	21.61767649	15.44759355	-131.6920925	27.53877777	170.6522307	7.211818946	6.836369683	5.248852953	13.04821521	39.2175454	-20.6790561	-137.5620121	-128.7555194	39.97130583
aligned_38075IM5-Total-PL4_D01_01 20200805_000143.raw	4.119047177	1.126155577	3.388120878	7.445150317	-3.500660421	1.848521777	5.732710253	6.669576189	3.443704582	2.867356849	6.699710867	4.247012663	7.123548159	10.21747184	5.808460022	9.018078496	-9.401575951	5.84104303	9.60094937	5.410114967	4.824571454	4.583430368	3.158856511	3.915336538	8.194616512	2.317311344
aligned_38075IM5-Total-PL4_D02_01 20200805_000144.raw	3.006587151	1.894597855	2.404616234	4.184868162	-0.681799496	0.930374297	5.593839522	6.538745279	3.726111836	-5.30585035	6.978258882	4.890531364	6.591156495	5.458936175	11.00987791	6.229967632	11.92608109	6.111657383	9.488347543	4.96775434	4.348246264	3.781442451	3.424089617	8.526950264	-0.092849789	2.916504948
aligned_38075IM5-Total-PL4_D03_01 20200805_000145.raw	4.160730659	2.978244522	3.424566762	15.51773632	0.303206537	1.086111551	5.316098059	6.70667139	3.884848029	-4.716967542	6.333767767	8.455326676	0.630302818	6.770022866	12.56402615	-0.109611587	-2.102972798	6.263764991	9.263143889	5.778079621	5.221226448	4.265478577	0.139005477	5.762949983	-4.777879916	3.76141422
aligned_38075IM5-Total-PL4_D04_01 20200805_000146.raw	4.160730659	3.431482411	4.704692398	15.07140051	0.724217945	0.289298665	5.316098059	7.13625932	4.290926345	-4.716967542	6.734296815	8.455326676	1.854320405	6.770022866	12.21007865	5.615569599	-1.012888799	6.652886088	9.263143889	7.473126157	4.490974222	6.005488545	3.954555829	-3.681532472	-7.750355534	3.407936285
aligned_38075IM5-Total-PL4_D05_01 20200805_000147.raw	5.199684038	3.953737049	5.623153265	15.58570206	-0.053695405	1.943591734	5.841520395	7.201674775	4.352761876	-4.652497029	7.596345429	8.513193643	1.508507444	6.828971123	8.370553451	7.963821896	10.67000467	6.71213946	9.319444802	5.829755281	5.276825986	4.318470542	0.578721477	7.634510361	9.397958448	4.522251223
aligned_38075IM5-Total-PL4_D06_01 20200805_000148.raw	4.454757248	3.707549409	5.39157605	5.077539786	1.002246137	2.125593626	5.593839522	7.397921139	4.944346784	-4.45908549	7.37878793	8.307168228	1.287080284	6.619095963	6.762507894	5.466610141	12.28944242	7.279020674	9.488347543	5.984782261	4.348246264	4.477446438	1.897869476	-4.550025444	10.31081488	5.744328427
aligned_38075IM5-Total-PL4_D07_01 20200805_000149.raw	4.04554053	3.776566158	4.176494191	6.930848769	0.645344194	-2.594616393	5.663274887	7.033748664	4.600103999	2.379503906	7.039249399	6.846529922	1.757279047	5.517884432	5.046667702	1.708002505	-9.456906758	6.170910755	9.544648456	6.036457921	5.134098028	4.18243641	-5.293515229	2.407025486	9.995834599	7.212121299
aligned_38075IM5-Total-PL4_D08_01 20200805_000150.raw	3.636323812	2.485869243	3.814829423	5.213471259	-0.132569156	-4.924387753	5.732710253	7.099164118	3.849782898	2.443974419	6.699710867	5.006265299	3.85950126	6.350272547	5.454512521	5.96464853	11.31002004	6.230164127	9.231217278	6.766152196	4.094319228	3.887426381	4.685076651	4.278585863	5.965259798	7.266002432
aligned_38075IM5-Total-PL4_D09_01 20200805_000151.raw	3.080093799	1.963614605	2.469660011	6.484512957	-1.459712846	0.194228708	5.663274887	7.033748664	4.194025683	2.379503906	6.238191302	5.32802465	3.797308359	7.064764148	8.232195217	-0.58206997	-9.456906758	6.949152949	7.326255909	6.036457921	6.594602479	2.790428435	11.87646136	-0.862218441	2.564645552	8.979510973
aligned_38075IM5-Total-PL4_D10_01 20200805_000152.raw	2.597370433	-0.302574837	3.323077101	6.930848769	1.908378419	-3.789835721	5.663274887	6.604160734	3.381869051	2.379503906	5.837662253	3.809519377	2.981296634	5.517884432	8.94009022	15.8301161	12.34477323	6.560031852	9.174916365	6.714476536	4.038719689	3.834434416	0.048255264	-5.947708994	2.564645552	14.63515793
aligned_38075IM5-Total-PL4_D11_01 20200805_000153.raw	4.528263896	1.510376716	2.042951465	3.806498087	-0.61769003	-5.383461493	5.663274887	7.463336593	4.194025683	2.379503906	6.63872035	4.189145695	3.797308359	2.037405069	11.06377523	1.708002505	-9.456906758	6.560031852	9.544648456	6.036457921	5.864350254	3.486432422	5.008470722	-1.588717091	3.307764457	8.979510973
aligned_38075IM5-Total-PL4_D12_01 20200805_000154.raw	2.597370433	1.510376716	2.042951465	4.252833899	-2.72274707	0.194228708	5.663274887	7.033748664	4.600103999	2.379503906	7.039249399	4.568772014	7.469361121	5.904604361	11.06377523	6.6698262	-16.36077209	6.949152949	9.544648456	2.985374157	5.864350254	4.18243641	4.626915687	2.043776161	8.50959679	1.909952276
aligned_38075IM5-Total-PL4_E01_01 20200805_000159.raw	3.658286661	-4.292077758	2.982162232	11.03614411	9.990859729	4.25708705	7.577404533	7.118709423	9.980257835	6.697061689	6.317405008	6.163604648	8.775412038	6.369077888	7.24035386	5.219851238	2.969241514	6.636989377	8.508575091	15.59687946	4.476057774	5.29526768	0.888080483	8.65410481	-0.504504452	5.162323679
aligned_38075IM5-Total-PL4_E02_01 20200805_000160.raw	3.805299956	-3.700806371	4.392375421	3.138030969	10.54009007	-0.800862114	8.172262234	7.679128262	10.51000721	7.249385145	6.839915089	7.038591219	5.635750941	6.486974401	9.471833504	13.35146454	4.53334846	6.755496121	8.621176918	16.03924009	5.68263519	5.053249617	6.72772794	2.226244458	2.206899719	4.20965214
aligned_38075IM5-Total-PL4_E03_01 20200805_000161.raw	5.138279924	-3.355722623	4.29088576	2.585188029	3.282432052	7.470603231	8.519439062	7.147029675	9.194871603	7.99512014	6.744338625	5.809420784	7.986744757	7.168435612	15.05053261	8.130949519	-2.457224167	6.662641885	8.532949394	15.95860908	4.500128432	3.578199474	-0.231012907	1.049815912	19.56398242	5.186013675
aligned_38075IM5-Total-PL4_E04_01 20200805_000162.raw	5.694509937	-3.286705874	4.782638082	3.545825389	3.767552926	3.547206099	8.588874427	7.21244513	9.256707134	8.059590652	6.805329141	6.626540388	6.008908346	5.293784222	5.193899883	15.06640763	11.4058373	6.721895257	8.589250308	9.569107904	5.651106309	2.935187452	4.034036908	0.015381687	17.76467172	0.99815959
aligned_38075IM5-Total-PL4_E05_01 20200805_000163.raw	5.988536526	-3.010638876	3.762687554	5.15669577	6.550059238	6.578720388	9.322602859	7.474106949	9.504049257	8.740855134	7.049291208	6.858008257	9.929732711	7.463176894	8.948964167	9.568061676	1.453043199	7.348029843	9.184186053	9.436801237	5.873504463	3.495157307	6.174455942	3.142631293	23.18748006	4.041507601
aligned_38075IM5-Total-PL4_E06_01 20200805_000164.raw	-4.484364225	5.738914503	2.612649471	3.507283996	4.994232537	4.708022768	9.00548662	7.175349928	9.221642003	8.44641373	7.171272242	5.834863238	5.974059888	6.03419369	11.18044381	9.684421319	-8.24705118	6.688294393	8.747484701	9.201143249	5.254451315	15.78121102	-0.577212764	-4.374977035	24.78535031	4.149269867
aligned_38075IM5-Total-PL4_E07_01 20200805_000165.raw	-3.928134211	5.807931253	3.104401793	6.276153619	5.900364819	4.370283622	9.074921986	7.240765383	9.283477534	7.664119382	6.431204662	5.513103887	6.444258651	5.706422017	16.54355365	10.50674317	-25.26970303	6.358426668	8.434433125	9.591828217	4.214672515	15.83420298	-2.426826975	-3.593164634	5.169496836	4.91010687
aligned_38075IM5-Total-PL4_E08_01 20200805_000166.raw	-3.371904198	6.330185891	3.596154115	5.00511192	5.543462876	5.227763805	8.232383412	6.447004978	8.939234749	7.305207465	6.492195178	5.950597173	6.09844569	5.378650345	4.563235913	9.418709947	2.401089093	6.41768004	7.752029059	9.643503877	4.635398166	15.88719495	-0.84244587	-5.354097509	-64.92656116	3.903554198
aligned_38075IM5-Total-PL4_E09_01 20200805_000167.raw	-4.190337635	6.014981501	3.299533124	4.694707582	3.14561336	4.552285514	8.827241113	7.437011747	9.468984126	7.010766061	6.614176212	7.205210062	6.222831491	4.723106999	11.04208558	6.478501464	7.235448037	6.925307882	8.233983376	9.407845889	4.746597244	16.34118087	4.234091517	-4.880220682	15.73221765	7.192617878
aligned_38075IM5-Total-PL4_F01_01 20200805_000169.raw	-2.668660891	6.537236139	2.937868355	5.655344942	6.998825498	4.214546368	9.352663448	7.502427202	9.530819657	8.345383864	7.476224825	6.503824393	6.285024392	5.942215043	11.8038779	13.41395957	0.023552182	6.984561254	9.398341758	10.47654947	5.532449008	16.04617084	6.200027658	2.803328899	6.880525433	3.711719662
aligned_38075IM5-Total-PL4_F02_01 20200805_000170.raw	-3.634107622	6.083998251	3.3645769	3.870001695	4.893768458	5.011359254	8.896676479	7.072839272	9.530819657	7.075236574	7.075695777	6.503824393	6.693030255	4.395335326	5.786770368	11.88567551	-1.42989315	6.984561254	8.659636778	9.459521549	4.071944556	16.39417284	1.239812199	2.076830248	2.797567714	-1.59044936
aligned_38075IM5-Total-PL4_F03_01 20200805_000171.raw	-4.043324341	6.606252889	4.283037768	6.16964649	5.378889332	4.673620108	8.510124875	7.138254727	9.998733504	7.986471947	7.136686294	7.320943997	9.611264193	6.387883229	12.21172272	8.887287203	4.439218986	6.654693529	8.715937692	5.443085523	5.222922434	16.4471648	5.113523516	3.221891975	-11.62179412	6.946902209
aligned_38075IM5-Total-PL4_F04_01 20200805_000172.raw	146.377669	6.429081999	10.09042396	-2.931542609	-9.942094904	194.1593497	7.875892398	1.837303609	6.591370783	4.857294557	4.97747407	10.58942241	-6.868204563	-27.79439744	-129.8595837	70.63344003	171.4433941	1.05489056	4.878263961	135.1513435	-5.873588911	12.48310874	-36.6248865	-137.4975912	-119.408268	-169.5765407
aligned_38075IM5-Total-PL4_F05_01 20200805_000173.raw	-3.193067738	6.951336637	3.754839561	2.938788679	7.383482293	7.367395252	9.313288672	7.91695008	10.30791116	8.732206942	7.441638877	6.851026198	7.06618766	8.616224157	10.35752429	10.32439936	6.169318354	7.729202585	9.736147238	8.413538281	7.326550691	10.10008675	5.785883374	5.677956682	11.67413617	7.569785809
aligned_38075IM5-Total-PL4_F06_01 20200805_000174.raw	-3.193067738	6.951336637	2.474713925	7.848482608	6.541459476	5.77376948	8.857301702	6.628186291	9.08967621	7.885442081	6.64058078	5.332520925	7.882199385	6.295904582	13.5430518	10.32439936	-1.097908308	7.340081487	8.62808977	8.413538281	7.691676804	9.40408276	2.351888057	-6.672520376	173.1365551	4.035006461
aligned_38075IM5-Total-PL4_F07_01 20200805_000175.raw	-5.123961201	6.498098748	14.84926174	15.88252722	13.27764201	191.0327654	2.929471098	4.480246642	7.871441262	1.958088059	1.834232199	8.36953147	36.85061562	1.268545502	-130.5135814	-174.2159013	172.2254476	3.837991613	3.087802427	115.8794886	13.53369461	10.79609074	-37.32983561	-135.9892802	49.90546754	-170.9365713
aligned_38075IM5-Total-PL4_F08_01 20200805_000176.raw	171.2905872	16.22314465	17.17793579	13.40840956	-5.054531552	193.2067996	4.049751134	1.669377498	5.214399643	8.925618481	-0.385970541	16.89491137	36.62918846	-75.12515571	-128.5821519	-128.1928399	175.661692	1.681025146	6.950230062	124.170739	-2.36505574	15.47909255	-27.61647683	-130.374599	-163.3521302	-48.1180845
aligned_38075IM5-Total-PL4_F09_01 20200805_000177.raw	-0.936324521	15.86880287	20.68524582	26.00320237	8.088686416	194.8873573	4.605234059	-4.25111781	11.80025863	12.82844203	2.905656931	1.999543046	24.47854993	-10.07134148	-138.4154509	177.1652693	176.1043385	3.711536513	4.445817454	133.059377	24.73394681	13.81501631	-45.46583081	-126.2995958	-153.6200475	-171.7577906
aligned_38075IM5-Total-PL4_F10_01 20200805_000178.raw	148.5927287	4.429701522	-0.324962554	-166.0277038	-3.379085681	195.1906937	3.584449978	2.090190479	6.018261543	2.566233835	7.215899999	3.808943799	45.59781342	9.55939626	-116.5551667	-13.57933952	176.3809925	0.505713499	6.204731979	133.9957739	16.6140439	165.8088454	-32.58370982	-124.5700297	79.0202604	-11.71635835
aligned_38075IM5-Total-PL4_F11_01 20200805_000179.raw	6.147652354	10.28265668	-1.214825529	12.91441531	2.899730827	192.7658524	6.736983988	2.482683207	10.04397957	4.646586633	8.382901197	-8.764414676	21.89862494	-29.91906691	-125.4344179	-134.7288436	172.7160027	0.861233732	6.91188995	119.0158979	-58.26833811	11.61391198	-15.82787752	-136.9518736	44.09782787	138.4815728
aligned_38075IM5-Total-PL4_F12_01 20200805_000180.raw	6.441678943	6.026344794	94.10090487	-196.5915532	2.735157282	194.2037409	4.734790603	11.76569155	9.479165064	3.210938964	0.616282295	7.807761782	27.85947861	-11.50743721	-122.7411961	177.6558956	176.9343006	8.10242697	5.290331156	146.0318607	64.27130785	-3.834209878	-24.37099947	-130.1921307	-162.7931652	-83.9940016
aligned_38075IM5-Total-PL4_G01_01 20200805_000182.raw	7.144922251	8.499584484	1.605116668	-4.463257006	7.13759976	7.134714656	9.958953364	12.39152584	10.47682829	7.638174805	8.008776717	8.361379163	7.645764197	7.618684089	20.76923402	2.459838798	177.100293	7.314954514	8.783406302	10.10444049	11.85994621	10.24484577	7.472551343	5.829058159	11.45904237	9.485816601
aligned_38075IM5-Total-PL4_G02_01 20200805_000183.raw	7.144922251	8.499584484	1.605116668	-3.124249571	8.821645392	5.541088884	9.958953364	12.39152584	10.47682829	8.061557235	8.409305765	6.841313248	5.197729022	7.618684089	16.8758115	8.190904035	-0.220037572	7.314954514	9.152758791	12.14058683	10.76456787	8.852837791	8.998771484	7.645304785	8.118440597	7.718426927
aligned_38075IM5-Total-PL4_G03_01 20200805_000184.raw	6.924402309	8.745772124	6.535750473	-3.328146781	7.787294179	7.351119207	10.66262121	12.19527948	11.10347833	8.291528126	8.626863264	7.427745303	10.72323239	7.44183932	16.00622455	10.30879066	8.698003334	7.713305873	9.353208541	11.64620213	9.502390921	9.389865882	6.153403344	10.38535813	-178.0114621	8.617217333
aligned_38075IM5-Total-PL4_G04_01 20200805_000185.raw	6.745565849	8.577859267	5.287292311	5.879549447	6.789297579	6.805113532	10.49368989	5.592309372	10.95303687	9.828205661	8.478477661	8.046992033	8.123466974	6.911305012	3.84088114	13.60588243	13.65044607	8.347388815	10.32391028	8.614005886	15.93939122	9.956944176	10.97172516	-6.095435935	23.02896543	15.55532377
aligned_38075IM5-Total-PL4_G05_01 20200805_000186.raw	-2.531507912	16.18400726	4.766942097	4.443151931	5.013387628	5.124555826	10.39419393	8.076101242	9.646195988	10.15920642	7.990553528	8.131081541	5.585894455	7.599878748	10.13470514	12.75837283	-4.596905709	7.873361837	8.765445501	9.895647142	3.445433184	9.533008454	13.17732269	-4.721699316	11.81217077	3.106024918
aligned_38075IM5-Total-PL4_G06_01 20200805_000187.raw	-2.972547796	15.76990676	3.523262346	6.713372382	5.049742242	5.158958486	10.43356871	7.683608514	9.681261119	8.50223605	7.624610427	7.0246271	10.1088074	7.632909139	12.64290125	9.352725778	11.0590081	6.73959941	8.79699251	7.551537339	3.842088178	9.91106065	-1.289179402	11.29263781	6.647382056	11.26620856
aligned_38075IM5-Total-PL4_G07_01 20200805_000188.raw	-3.487094328	6.675269638	7.335041361	7.576619662	5.864010205	5.531100291	9.947521149	8.062846041	10.46664735	8.89770732	7.998734907	7.378810964	8.857445369	6.060111556	4.832722497	19.64345547	11.76177646	7.103067998	8.772238605	9.901882176	6.373900311	16.15215477	0.211469023	-3.624531453	16.27313314	10.53556269
aligned_38075IM5-Total-PL4_G08_01 20200805_000189.raw	-3.036194127	6.192152392	5.599609288	7.970642113	6.678278169	8.293680754	9.917460559	8.893701647	11.25203358	9.29317859	8.773388435	8.492247465	6.382065751	7.967793336	7.287021292	10.06649234	8.830931475	7.855657685	10.22489466	10.55718048	5.254451315	16.477215	7.816998011	-5.101475686	-5.280065623	8.03752715
aligned_38075IM5-Total-PL4_G09_01 20200805_000190.raw	9.073573497	-1.926992209	6.489472263	8.455519317	18.50295221	6.734457642	10.41282231	9.360384779	11.69317703	10.1765028	9.208503432	8.524671978	8.048937658	8.387543656	12.98074492	12.77398153	6.318778635	8.667500743	10.43791076	11.26415444	7.11161076	3.63119144	3.270926837	4.737622915	12.1970021	6.653806548
aligned_38075IM5-Total-PL4_G10_01 20200805_000191.raw	8.632533613	-2.341092706	6.099209602	12.95741883	10.96110148	4.378421644	11.82015799	9.82706791	10.91608553	10.63644459	10.04414748	8.557096492	10.93982715	8.420574046	10.53367601	10.67971332	-8.547659531	9.479343802	10.83956947	16.03924009	6.047761303	7.141261579	7.109282975	2.589493783	13.71341693	5.62356388
aligned_38075IM5-Total-PL4_G11_01 20200805_000192.raw	8.5272038	5.26505529	5.578859388	7.950334817	-5.550207756	0.705831723	14.91257082	9.303744273	7.172774754	10.12068048	9.556223343	7.714534434	8.402254633	7.562268066	9.748549973	19.37456465	6.634231336	8.616195727	10.38916216	4.099518364	7.793721671	8.109333832	7.025550295	-1.122260152	8.806647836	5.899470685
aligned_38075IM5-Total-PL4_G12_01 20200805_000193.raw	6.564487171	4.328700155	5.550261496	5.242895603	0.737208512	2.6715993	13.51454932	8.41624816	5.521691091	11.78629904	7.927702581	7.68909198	11.23095123	8.696509987	5.477846237	5.608549792	5.520193021	7.812301024	9.255591581	3.398779437	5.578894337	5.302376119	2.421318156	5.755530096	3.214101971	4.815346884
aligned_38075IM5-Total-PL4_H01_01 20200805_000195.raw	7.760314161	2.732056883	4.046406638	6.794917296	3.464205119	-1.919138101	6.436378095	8.621269473	6.912902833	-1.983261422	8.11885551	8.628927578	3.672922558	9.65390714	6.354663075	6.935145302	-9.567568372	9.554493885	10.17151081	7.28914383	7.213655628	4.772456466	-15.71182311	-4.24208987	5.795522274	4.983491424
aligned_38075IM5-Total-PL4_H02_01 20200805_000196.raw	17.82399819	4.475991687	6.114905587	17.43901104	2.137061429	5.589917018	6.822929699	9.844617808	8.06930225	1.339327507	9.659981188	9.330313247	6.466770694	8.821519025	14.7955058	10.69375294	-4.172479183	9.88436161	11.22440617	9.271524013	8.983686653	5.067466495	5.215542864	-5.387151596	7.968299813	8.110911705
aligned_38075IM5-Total-PL4_H03_01 20200805_000197.raw	15.18986142	3.81570355	5.493065712	17.23511383	0.239097071	1.82225714	6.614623603	9.218783514	7.071639026	-0.547613752	9.076480589	16.36961239	8.320221303	14.44547319	12.86407634	-7.038008833	-6.155278269	9.706601493	10.31603925	6.065413269	8.451761925	5.95249658	6.567280112	0.258896354	7.427002837	5.121444827
aligned_38075IM5-Total-PL4_H04_01 20200805_000198.raw	6.50084084	2.909227773	5.066357167	16.78877802	0.239097071	-4.153839505	6.158636633	8.359607655	6.66556071	-2.664525904	8.275422492	11.81409657	0.97611578	8.257954327	13.57197134	14.71767968	-5.428555603	8.539238202	10.31603925	7.08244119	2.609744119	7.692506549	-1.063820593	-4.100095549	10.39947846	4.414488957
aligned_38075IM5-Total-PL4_H05_01 20200805_000199.raw	7.466287572	4.268941438	5.066357167	17.23511383	3.186176927	4.212695797	6.158636633	9.218783514	7.071639026	4.53297541	9.076480589	16.36961239	3.016145092	14.44547319	12.51012884	11.28257096	-6.518639602	8.928359299	16.6014848	8.777487725	10.27739249	8.73651253	-5.260925981	-4.100095549	4.082967766	6.535356566
aligned_38075IM5-Total-PL4_H06_01 20200805_000200.raw	17.5299716	4.653162577	4.574604845	17.16714809	2.280044646	6.9408736	6.089201268	8.72378013	7.009803495	4.891887327	9.015490072	-4.567702076	4.993981503	14.38652494	13.51807403	5.11753121	-2.940357078	8.869105927	16.54518389	8.386802759	7.665910161	7.987516577	-1.503536593	7.831818433	7.370423663	4.007129889
aligned_38075IM5-Total-PL4_H09_01 20200805_000201.raw	5.388380814	2.771194274	4.936269613	17.99185398	-7.888338614	-1.087922555	6.019765902	8.658364675	6.135811332	4.404034384	7.75291241	-112.4394434	9.827858951	0.018939301	12.4023342	-9.444440951	172.507836	9.588094749	16.48888297	5.623052641	6.514932283	4.106502681	-2.324807628	-133.5274828	183.0614654	6.074116365
aligned_38075IM5-Total-PL4_H10_01 20200805_000202.raw	15.59907814	5.559638354	5.85473048	16.72081228	1.859033237	5.745654272	6.089201268	9.153368059	7.821960127	4.891887327	9.416019121	16.31174542	3.769963916	14.38652494	11.74833652	3.209137481	-3.303718411	10.81471141	16.1754518	8.725812066	8.031036273	5.899504615	-1.885091628	-3.428910649	9.228220924	5.421041628
aligned_38075IM5-Spike-PL5_A01_01 20200804_000005.raw	-6.415257687	4.379200838	-4.214687253	-2.295081556	2.468164088	193.5526767	3.077656017	0.301943053	2.318310631	1.672294847	1.563865564	-0.239157853	3.526024714	2.940434257	-122.6117118	-5.598419312	95.31092875	1.240599033	1.7297874	8.862133942	3.063694638	-4.402904617	-28.81228537	-173.6491626	-23.83896435	-3.6272447
aligned_38075IM5-Spike-PL5_A01_02 20200804_000088.raw	-3.371904198	5.876948002	3.16944557	4.112440297	5.543462876	193.6740113	8.232383412	5.587829119	7.314921485	7.305207465	5.691137081	7.089476127	11.4025219	3.445050699	2.439550903	-8.920698811	100.8720104	6.028558943	7.01332408	9.982513184	4.635398166	16.23519694	-28.31440841	-174.9915324	-85.34134976	152.3642868
aligned_38075IM5-Spike-PL5_A02_01 20200804_000006.raw	-5.827204509	5.384572723	-1.560794312	6.305577963	3.402051223	194.0380151	3.177151971	0.82526669	4.031229826	1.34129409	1.250731601	0.983030523	-0.056490704	-0.455178984	-2.19233022	-0.166057532	96.84365921	1.325504913	3.657604665	1.817334465	-1.603274633	-4.326970889	-5.453695541	-173.9331512	-1.115652481	-2.842717701
aligned_38075IM5-Spike-PL5_A03_01 20200804_000007.raw	-5.606684567	5.591622971	-2.219080072	-3.756248496	-3.141802909	194.220017	3.841445038	1.473131134	4.216736418	2.804852919	1.433703151	1.156631426	4.618152485	-1.438494002	4.340416761	-17.56678479	97.73637429	1.50326503	3.087802427	2.989389366	0.024028434	8.708078773	-16.34430867	-157.057741	-5.771228625	5.095440265
aligned_38075IM5-Spike-PL5_A04_01 20200804_000008.raw	-5.312657977	-0.477640469	-1.53219642	-1.252706491	1.324749035	194.4626862	3.66319953	1.305205023	3.651921909	2.63935254	1.277136169	1.388099295	4.866924089	-0.042541189	-3.230839009	8.264692552	93.96072286	1.351157421	2.943653591	3.196092006	0.976678814	8.920046634	-2.757238579	-158.2894833	-9.627869646	-1.05163803
aligned_38075IM5-Spike-PL5_A05_01 20200804_000009.raw	-5.574861401	-0.723828108	-2.617190725	2.0755414	-0.587979608	194.6446881	2.959531688	0.642275528	3.02527187	1.562616788	1.460107719	-0.336431393	6.277520378	-0.252416348	-136.8613027	-141.7146772	94.85343794	0.750675343	2.743203842	1.656072451	0.413225204	8.731020536	-9.450746319	-168.2945232	-87.03432879	-2.657384305
aligned_38075IM5-Spike-PL5_A06_01 20200804_000010.raw	-5.763558177	-0.900998999	-5.343975435	-14.6133565	-2.436598785	194.8873573	1.869312241	-3.391941951	4.084770625	0.97373398	1.704069786	1.619526568	12.64637992	-1.56350304	-9.932507824	104.1897053	97.6182905	1.37680993	2.968407496	3.896830933	-5.206394447	3.374956498	19.78008022	-163.7142763	1.532345836	2.506831315
aligned_38075IM5-Spike-PL5_A07_01 20200804_000011.raw	-5.207328164	-1.285220138	-1.438554751	1.969034271	-1.530466504	194.9480246	3.762695485	-1.178586847	3.74052784	2.308351783	1.364531254	1.297377056	4.140449708	1.97592458	0.739814543	12.9329123	97.31025998	1.436063302	3.024708409	5.982562436	-5.150794909	3.775950457	8.391590124	-162.5692145	-10.65994815	-8.397103533
aligned_38075IM5-Spike-PL5_A08_01 20200804_000012.raw	-4.651098151	13.28740904	-1.80021952	-0.194679051	1.480722819	195.0086919	3.376143881	-2.401935182	4.208441687	1.102675006	1.425521771	0.595211066	2.978625022	1.261432978	10.70424191	9.55245298	94.45870012	1.495316674	3.450361812	6.373247403	-4.730069257	4.176944416	8.068196053	-165.0566461	152.7149398	2.968071516
aligned_38075IM5-Spike-PL5_A09_01 20200804_000013.raw	-5.952254954	17.95782142	-20.01859941	182.9389352	73.60189253	195.1300264	-0.588868114	-7.426159429	3.926034432	-4.695737991	3.550148047	-64.27187287	16.56720428	2.152769349	-137.4919667	78.44159547	89.11894174	-2.277387554	4.671021108	94.95802789	175.0231773	17.8550061	-36.45742114	-163.1297719	159.8804797	138.1044049
aligned_38075IM5-Spike-PL5_A10_01 20200804_000014.raw	-69.59823258	-10.5271488	-18.67343	190.5946097	86.29634424	195.1906937	-2.343380626	1.23101462	196.0629134	-7.17156206	5.613783806	-67.63415421	25.19752029	-0.495321899	-141.6854394	-85.02661947	94.98805387	7.120772151	0.664444637	58.73570768	-80.144376	156.7607935	-40.9779206	-165.6172035	153.6270333	144.8743668
aligned_38075IM5-Spike-PL5_B01_01 20200804_000017.raw	-4.430578209	1.257036303	0.101745992	1.794561405	-0.853017232	195.1906937	2.672476039	-2.205688818	3.581791647	0.449321684	1.207964273	1.908861405	2.349191999	-0.10860197	0.601456308	3.231785177	93.17124721	1.283955693	2.880559574	3.477190619	-4.928396754	3.291914331	-3.203972111	-169.2496967	-5.237139805	-7.828101066
aligned_38075IM5-Spike-PL5_B02_01 20200804_000018.raw	-4.504084857	11.61249099	-0.39000633	-1.397755013	0.345907526	195.1300264	3.059027643	-1.411928413	3.519956116	0.808233601	1.547502805	0.710945001	1.470987373	0.992609561	3.025191503	15.78194888	92.75255507	1.224702321	2.82425866	4.103533573	-5.349122406	3.586924359	-0.591247828	-160.950276	-7.520786827	-6.468070459
aligned_38075IM5-Spike-PL5_B03_01 20200804_000019.raw	-6.844195038	17.1203624	-19.52684709	180.7752219	-11.79931384	195.1906937	4.040436947	-7.790331904	196.0629134	-7.17156206	-1.195210018	-64.59402238	14.58936787	3.371877393	-137.7920168	-146.157982	96.07813787	-3.385497473	138.8022757	47.54840055	160.8388585	9.903952211	-31.05748968	-162.3479595	156.967635	57.91879482
aligned_38075IM5-Spike-PL5_B04_01 20200804_000020.raw	128.5070441	17.29753329	-11.25285129	185.4130529	85.19788356	194.9480246	-2.165135119	-7.192817864	195.8155713	-6.159296821	-2.64075923	-58.36521011	19.23666662	-9.625673296	-142.6089236	-143.7162042	97.67362131	3.381668788	0.808593472	53.44386544	-50.4264329	0.991934507	-47.31544502	-162.9324639	151.9160047	143.9518864
aligned_38075IM5-Spike-PL5_B05_01 20200804_000021.raw	-5.092138035	199.6073186	-13.28490436	181.9488735	77.29913088	194.6446881	-1.144351038	-0.646488261	195.5063937	-6.058266955	-1.34359562	-62.59514757	37.28596592	-11.85401422	-144.6481477	-0.348401346	95.58016061	8.533097287	2.373851353	83.01830616	-64.944349	-140.9098367	-37.68581893	-164.6620299	-74.78545563	23.85346081
aligned_38075IM5-Spike-PL5_B06_01 20200804_000022.raw	-7.579261511	17.33667068	-12.92323959	181.434572	-12.86141991	194.5840208	-1.213786404	-2.859843365	195.4445581	-5.699355038	-5.409876621	-59.99563031	24.57559129	-3.018404109	-154.2586276	95.11117278	98.06835913	-0.47594132	146.7343738	66.01616515	178.1740426	-16.03011298	-49.57218598	-157.8156065	-33.27010166	-0.590397829
aligned_38075IM5-Spike-PL5_B07_01 20200804_000023.raw	-8.020301395	16.0160944	-11.60666807	189.0608222	59.16788548	194.220017	3.385458068	-0.245220585	0.562031574	-7.779707836	4.23740649	-64.51872161	18.49035181	-3.758813577	-153.520169	96.67244893	94.10276096	-0.053219359	6.411974832	86.04666962	164.3307792	32.02421235	-56.02603233	-158.147489	-75.18150985	5.802396135
aligned_38075IM5-Spike-PL5_B08_01 20200804_000024.raw	233.3413815	6.04486086	-9.899833887	190.8461654	-17.45619078	194.220017	-4.822307383	-1.104396444	195.0735449	-6.509560545	2.234761248	-65.27797425	18.49035181	7.06934444	-132.2833189	-152.8199244	95.91956763	3.059749418	152.3062082	88.41973477	160.6795181	8.708078773	-38.09294568	-157.4209903	172.7653771	5.4489182
aligned_38075IM5-Spike-PL5_B09_01 20200804_000025.raw	-8.650038056	5.000351584	65.92419961	194.7272562	3.466160688	194.0986824	0.966652489	0.483124365	194.9498739	-6.638501571	-2.293039319	-65.01408186	15.10191911	12.75224686	-131.329271	-189.6151015	95.08218335	6.832453646	1.867143131	40.17706183	7.580477727	20.43416263	-49.65591866	-156.0786205	147.0409385	138.6023374
aligned_38075IM5-Spike-PL5_B10_01 20200804_000026.raw	172.0771975	5.177522474	0.377617084	204.2747811	76.04469642	193.8560132	5.704767692	-2.807683111	194.7025318	-4.356089042	-11.7491695	-66.00480237	13.62912992	14.83677341	-136.5001253	-145.909654	94.13413745	6.20631906	2.011291967	73.87128991	158.5202903	22.65820872	-39.58657657	-174.0990925	-94.82223957	-82.89037438
aligned_38075IM5-Spike-PL5_B12_01 20200804_000028.raw	170.7442175	5.738914503	57.65805181	184.2732877	72.35605783	193.5526767	1.709695108	-2.705172455	194.3933541	-2.984911886	-0.438779679	-63.25712666	16.99021817	6.807633549	-137.1235594	-152.3136894	94.94756742	-3.428854134	2.837844868	63.44263239	5.619577428	-8.230926548	-13.16852893	-174.0124119	141.7064123	-12.81767101
aligned_38075IM5-Spike-PL5_C01_01 20200804_000030.raw	223.3610644	4.832438726	-8.90848125	187.8439742	-177.7247186	193.5526767	3.077656017	2.020294772	4.754780527	-5.525206467	0.762807467	-62.87750034	24.3343237	0.233394752	-122.6117118	-13.62191064	98.94454208	7.466536588	7.270074743	83.44418151	158.9725448	-4.402904617	-20.03651956	-165.6576774	-82.11390634	-49.93285417
aligned_38075IM5-Spike-PL5_C02_01 20200804_000031.raw	-7.863427784	6.192152392	-10.18860689	191.8609965	-0.478915768	193.5526767	1.253708138	0.731530983	194.3933541	-3.831676746	-3.242483018	-62.87750034	22.29429438	-1.313484964	-134.6459269	176.6494552	97.12773542	5.131810004	8.008779722	60.05253932	-49.87959173	91.29764365	-32.62783572	-164.5679295	154.6976414	81.91441553
aligned_38075IM5-Spike-PL5_C04_01 20200804_000033.raw	232.3122884	6.438340032	-8.25019549	179.1596966	-6.565403878	193.3706748	1.501389011	-1.61265503	8.630057095	-3.178323424	1.781423062	-55.8382012	23.33173327	6.24406885	-128.7905113	-10.35781097	99.14191099	-2.439250959	2.842439588	68.71175433	-7.691761251	-1.777864564	-43.10430457	-164.3706214	-88.22249145	65.49278713
aligned_38075IM5-Spike-PL5_C05_01 20200804_000034.raw	224.9244246	-4.124164901	-10.94053431	197.3235334	-189.8335853	193.2493402	2.730479189	7.707448515	194.0841764	-4.577411741	0.457854883	-57.47244041	20.35130643	2.645692975	-145.179891	97.26985584	96.12435872	-6.059847578	1.250909396	48.26784458	1.690318606	-2.927854475	-50.8517272	-164.1179996	147.733542	29.33027551
aligned_38075IM5-Spike-PL5_C06_01 20200804_000035.raw	170.5972042	6.054118893	-6.051608987	185.9226995	70.12278186	193.4313421	3.394772255	1.030288003	194.269683	-4.384000202	6.248233111	-64.89136587	6.257679949	3.209257673	-142.5405665	-111.5484503	99.92396447	7.348029843	-0.798580411	73.84856959	-2.524396132	-4.856890542	-48.3879141	-163.588809	-92.24887	146.1396374
aligned_38075IM5-Spike-PL5_C07_01 20200804_000036.raw	143.4176825	-3.148672375	-10.44878199	197.8378349	-186.822396	193.3100075	0.063992737	-0.389306695	194.146012	-3.242793937	1.720432545	-55.89606817	7.357311735	4.638240877	-127.7825661	99.23839074	98.35985752	1.003585544	6.483459587	71.71116243	115.3001392	4.781181351	-50.4120112	-164.4259351	142.2224515	145.6783972
aligned_38075IM5-Spike-PL5_C08_01 20200804_000037.raw	137.3309755	-4.33121515	60.12466141	198.9049794	69.73812506	193.0673383	2.978160062	-1.510144374	1.417548068	-1.383763838	-1.327232861	-69.41445717	10.37258703	7.496207285	-138.6165804	19.15282916	94.14155963	-2.346396723	6.627988025	91.84501822	58.11806748	135.7659651	-25.09025116	-163.9206915	-74.4006243	150.0580858
aligned_38075IM5-Spike-PL5_C09_01 20200804_000038.raw	231.6507286	-3.247568482	-8.835589481	189.7064003	-12.61553738	192.8246692	1.788444661	3.812836894	193.6513277	-2.91179318	-0.770136831	-63.95153027	15.01988578	11.90105341	-144.1413822	12.9697858	97.55384973	12.98143368	153.9258888	46.88908704	-68.07283961	132.4219793	-47.07153203	-165.9581931	149.5645556	153.7308186
aligned_38075IM5-Spike-PL5_C11_01 20200804_000040.raw	157.7940536	-4.607282148	-7.98217239	197.7404449	-199.965614	192.8246692	2.24443163	-1.342218262	10.51000721	15.71703375	5.237798896	-63.19227764	23.18000302	5.713534542	-126.7979546	-0.007291559	99.73401773	3.642527344	8.251444827	102.1476041	169.6242599	-4.342804213	-33.33555076	-172.8599303	-88.36052605	170.6977595
aligned_38075IM5-Spike-PL5_D02_01 20200804_000043.raw	232.0917684	-5.099657427	-8.018618275	196.362896	-187.3716263	193.1886729	0.381108976	1.627802044	4.383767342	-5.912029544	1.197922463	-56.77105474	26.40920147	-6.307813653	-121.1653582	-138.1440697	101.8828092	6.33277416	1.194608483	91.94836954	-13.70057767	125.7798912	-48.23900292	-163.4468147	148.4193187	12.30945351
aligned_38075IM5-Spike-PL5_D03_01 20200804_000044.raw	232.0917684	-4.646419539	-5.458367004	196.362896	66.91926414	193.1886729	5.39696564	0.339038255	8.038472186	-6.335411974	3.601096754	-56.0118021	22.32914284	-4.760933936	-132.8456258	-152.2806973	107.3332292	9.834864035	6.001125669	69.57375527	156.0830648	-167.9337914	-13.13593968	-141.6518552	158.0699461	25.38813709
aligned_38075IM5-Spike-PL5_D04_01 20200804_000045.raw	171.2269409	4.832438726	4.319483652	198.5560337	77.40819472	193.5526767	4.445616925	0.731530983	9.221642003	1.672294847	3.165981757	-60.22011612	16.58221231	3.713874115	-145.6182994	107.1125303	94.58420608	2.407962324	5.423312295	59.37452071	-16.28798934	154.6340065	-45.21915189	-163.8414308	-82.11390634	153.3169584
aligned_38075IM5-Spike-PL5_D05_01 20200804_000046.raw	232.606315	5.807931253	-11.83039729	190.166508	-2.940874751	193.613344	4.515052291	-0.491817352	2.786224478	-3.343823803	3.226972274	-61.68075442	36.63669247	5.319702088	-143.4407171	114.8121305	98.63651156	4.412821182	4.00220325	85.52991302	-86.70172959	146.6829526	-9.29481761	-164.1493664	145.1035932	20.463136
aligned_38075IM5-Spike-PL5_D06_01 20200804_000047.raw	-7.71641449	6.330185891	-10.48522788	191.5734812	-7.928902182	193.6740113	3.672513717	0.862361892	10.96962633	-5.819647871	-2.319443887	-60.10438218	36.29087951	8.085689849	-167.8091974	109.1392451	98.69184236	6.028558943	5.166561632	109.3122402	173.3236623	-13.69297452	-43.57660982	-174.2650337	154.4396217	6.377899742
aligned_38075IM5-Spike-PL5_D07_01 20200804_000048.raw	-8.608354574	3.67977531	-0.60588756	191.1951111	-4.917712859	193.7346786	1.918001205	-1.649750232	10.21930523	-4.061647637	0.945779017	-58.90763626	34.3130431	5.82431853	-123.1579149	-139.1487354	96.56700517	5.309570121	8.177682462	91.05741325	1.039736576	-3.547924734	-46.57088913	-174.9362186	139.6490819	-57.1942474
aligned_38075IM5-Spike-PL5_D08_01 20200804_000049.raw	-7.013171182	5.630760362	5.071411081	200.7040946	-9.841630825	193.8560132	0.232924058	8.361603061	194.7025318	-0.54564717	3.871463389	-57.65302337	20.15722371	1.688295822	-125.5277527	-143.9992989	98.49447345	16.32346759	2.011291967	59.2938897	174.2207131	-7.617964728	-32.71858594	-150.124637	139.7622403	90.3138137
aligned_38075IM5-Spike-PL5_D10_01 20200804_000051.raw	-65.95696559	17.36655004	-10.76109897	184.1420112	86.10401584	195.0086919	1.552196003	-7.127402409	2.584128423	-5.671443878	0.223934626	-59.82740906	33.5790647	1.648152907	-139.7234463	-3.820032573	99.18239745	-1.228531006	2.342304344	81.9723229	177.1027349	0.696924479	-30.46886251	-159.2446569	-87.43720969	-50.76057458
aligned_38075IM5-Spike-PL5_E01_01 20200804_000057.raw	141.4693106	8.619101917	-2.126569813	205.4322719	89.34584374	197.6780529	1.438827247	5.63139998	198.5981702	-1.987976449	7.734405894	-56.14121306	33.86751716	-1.935726781	-150.0940744	1.796447715	102.3436756	9.362770525	5.927602005	74.67189558	2.462949909	7.733010791	-34.7777707	-155.7211038	149.2655759	157.6878313
aligned_38075IM5-Spike-PL5_E02_01 20200804_000058.raw	152.8977977	13.02743224	-3.546823741	183.4167686	73.21059154	198.3453932	11.32235566	5.491794122	4.76684767	7.612230227	8.00477253	-63.86503895	36.18366252	-1.287295961	-168.614369	148.3875538	102.9523145	8.848392853	10.24043695	89.49335223	164.0951606	152.9361185	-31.84866988	-159.1083952	147.660879	8.052401441
aligned_38075IM5-Spike-PL5_E03_01 20200804_000059.raw	154.7870077	4.376774967	-4.01085527	198.9999806	-194.1680072	198.709397	12.65094179	5.025110991	199.6493742	1.224934421	3.163838	-49.83724391	29.62072027	3.707032728	-121.5699149	4.313788749	105.101106	10.75879944	1.344430191	64.35157691	-49.5351443	-5.619558587	-31.4997041	-160.22951	-122.2172114	148.3529504
aligned_38075IM5-Spike-PL5_E05_01 20200804_000061.raw	153.8533842	5.76636799	-6.97272559	190.9953603	78.67514009	189.1943381	12.68100238	5.483019173	10.44364936	2.522992872	2.389184472	-45.25199387	11.2878009	1.02591109	-99.24788858	89.15874199	107.3052283	-1.265517797	9.494938865	85.7534854	165.5748036	10.74304147	-31.85568742	-169.2867962	-103.2622585	-35.07840775
aligned_38075IM5-Spike-PL5_E06_01 20200804_000062.raw	215.4532782	11.48128965	0.976097221	206.4426409	1.886490274	189.4370073	2.927030513	7.463032711	13.5335397	1.510727633	4.235262733	-54.90095445	25.81677769	11.7031422	-124.5517875	96.26873956	100.6226862	5.191041114	8.98143754	66.27744007	-10.37764721	-66.56975924	-37.72792412	-173.424533	-70.37228	88.14743811
aligned_38075IM5-Spike-PL5_E07_01 20200804_000063.raw	154.7771474	-2.884289281	-38.61849503	-155.3997709	-2.616416283	189.5583419	5.345836092	4.586748112	7.56603602	0.792903799	22.78157999	-49.84500629	26.34916935	6.406959708	-10.94349485	103.6444485	96.73637317	4.143383091	8.355334388	87.08161253	173.5681768	151.8570976	-12.42896987	7.584258415	-34.62603611	140.9048664
aligned_38075IM5-Spike-PL5_E08_01 20200804_000064.raw	155.071174	-0.795270729	89.35866137	187.6579954	4.376204109	189.8010111	7.447525432	6.996349579	200.7005782	0.225732909	5.802792978	-55.3137856	23.74189992	12.44355167	-138.0181837	97.38196053	103.1348391	5.157839758	12.27406294	63.19391679	173.790575	-13.40981273	-47.68094429	-155.2934336	-81.16814419	27.53735884
aligned_38075IM5-Spike-PL5_E10_01 20200804_000066.raw	231.152769	-5.958058392	70.39721722	196.8565746	-6.313654638	190.0436803	3.165397199	4.25089589	10.09111185	-0.363149899	8.049400287	-54.32228477	40.72937357	19.64030342	-113.4052911	10.1204172	100.812633	5.783574836	8.067036716	99.71189587	-69.27610396	-14.58842368	-23.02877817	-159.4311705	141.7649572	53.22945132
aligned_38075IM5-Spike-PL5_E11_01 20200804_000067.raw	167.6538047	2.860511736	-3.731245911	-166.2568789	-169.0527412	190.2256821	4.285677235	9.172609481	201.133427	13.37849941	11.83713327	-44.6482719	49.07606952	11.30930975	-111.8292627	150.1329484	100.615264	6.350056541	3.434357093	64.23436186	-54.1545045	28.67849528	-38.49805172	-157.4489826	-83.74151376	151.4051131
aligned_38075IM5-Spike-PL5_F01_01 20200804_000069.raw	3.045136968	2.860511736	6.52028436	196.614136	73.44982988	190.2256821	5.197651174	7.024669832	8.652305175	1.94717379	6.630255644	-56.42878274	26.22774123	10.92258982	-133.0443091	1.889394315	103.885516	3.24028383	7.127881988	104.617931	19.52524599	2.952787323	-42.31360208	-161.8079745	157.5241696	-3.931183167
aligned_38075IM5-Spike-PL5_F02_01 20200804_000070.raw	-23.50464814	2.407273848	-27.65148321	-168.9348938	-10.33144032	190.2256821	7.021599052	4.017554324	7.840148543	4.487468372	7.030784692	-53.38865091	34.79586434	6.668670599	-26.26190913	-141.7693076	97.34501205	6.73877813	10.45205439	76.45123991	19.16049475	5.386300238	-20.56496507	-159.9917279	-85.59740364	19.77617868
aligned_38075IM5-Spike-PL5_F03_01 20200804_000071.raw	230.8905656	2.407273848	-2.022657533	197.0604718	75.97589833	190.2256821	5.653638143	7.454257762	9.870540123	-0.169738361	4.627610402	-55.28873331	33.16384089	-9.573566426	-147.5412574	83.65259169	107.8824907	5.183891774	13.40687431	52.69619925	173.8150205	6.081589642	-41.55049201	-159.6284786	157.8953476	-51.69974807
aligned_38075IM5-Spike-PL5_F04_01 20200804_000072.raw	168.136528	2.407273848	0.967372129	-169.8275654	75.13387552	190.2256821	6.109625113	6.165493973	5.403678647	4.064085941	10.23501708	-55.66874979	37.24389951	1.64131152	-131.9835568	-143.2975917	100.2519027	-2.201818414	13.03752182	100.2062806	19.16049475	11.99154958	-35.82716648	-163.9874705	-81.14326794	140.7898764
aligned_38075IM5-Spike-PL5_F05_01 20200804_000073.raw	166.0586213	4.988667679	-10.26853988	199.1562194	81.32082771	190.1043475	6.426741351	7.753014782	10.55902569	3.511762485	13.71779748	-55.02445076	27.32737301	12.35157302	-132.4449355	-143.4139513	100.5046024	1.955612319	6.645927671	73.97238453	-2.471027489	9.799697435	-21.8259521	-161.1921034	145.9044941	-15.71570574
aligned_38075IM5-Spike-PL5_F06_01 20200804_000074.raw	230.8587424	170.981889	3.929242449	201.4944055	-183.3948839	189.8010111	8.815486341	8.285113369	7.813378143	-0.197649521	10.20861251	-53.03368673	31.90201717	1.228673725	-112.9137122	74.07562856	101.3180324	-0.672984075	8.211185552	97.46904689	8.9230145	5.015356481	-43.10228386	-156.7464309	144.5080643	142.1819146
aligned_38075IM5-Spike-PL5_F07_01 20200804_000075.raw	154.2209174	-9.298636468	-0.240300286	202.9399201	-7.311651238	189.4976746	18.50002284	3.232568868	4.661652277	1.575198146	3.495195152	-52.18297213	29.95902921	-7.573905999	-125.5586425	-142.8495365	105.7650757	-2.912858881	4.605508579	71.75883931	-46.0676692	-13.67477256	-32.32799266	-151.9375091	146.0810583	162.0814586
aligned_38075IM5-Spike-PL5_F08_01 20200804_000076.raw	153.8533842	-1.032200336	77.60239915	185.1929948	4.998143675	189.1943381	12.68100238	3.335079525	7.601101151	-0.017301709	13.20346878	-57.79253767	42.29624645	1.02591109	-79.78077599	5.103118517	99.67464033	2.232976503	12.81911127	82.02055044	167.0338085	13.17655438	-33.76346259	-168.9235468	-92.12691922	-36.49231949
aligned_38075IM5-Spike-PL5_F09_01 20200804_000077.raw	154.7870077	13.44153274	-28.78538676	-162.5320269	-2.607816522	198.709397	12.65094179	8.461814428	7.574330751	5.035376293	1.962250855	-50.59727687	31.25274372	11.05471138	-121.2159674	-164.9436712	98.19724068	2.984367664	6.884717533	64.69093464	-73.99859386	-4.228979779	-35.31525445	9.771174254	141.3191505	16.85915868
aligned_38075IM5-Spike-PL5_F10_01 20200804_000078.raw	141.9520339	3.633485145	-3.835158191	-181.0945411	-4.118688848	197.6780529	1.894814217	4.772224121	198.5981702	-1.564594019	8.134934942	-57.28126249	19.99531784	5.411951873	-107.9743217	-139.9518991	103.797121	15.97103754	5.558249515	71.61767606	177.7234841	162.7825479	-41.2642063	-157.9005998	152.9773556	-3.498107003
aligned_38075IM5-Spike-PL5_F11_01 20200804_000079.raw	141.1434608	133.8600507	-5.404933925	184.1532014	-3.981870156	197.0107127	-3.884831469	8.778121346	197.9179794	1.113289781	6.642441211	16.94544719	25.83928973	-48.61374507	-124.1408823	-186.8224701	101.0083141	9.09970502	8.263111873	54.76007307	-101.8444611	12.3647697	-30.83888089	-170.4962788	-174.6528108	-27.7738211
aligned_38075IM5-Spike-PL5_G01_01 20200804_000081.raw	6.326488814	0.479335992	-0.400531252	203.2188269	3.897727427	196.1007032	-1.757837113	4.789774018	6.133637874	-5.781121936	3.724938217	-57.26573773	36.73856623	-1.931417627	-116.8085495	184.0599309	92.91112531	2.768802192	-0.707156599	64.5050276	177.3732744	-5.30926002	-26.7510799	-157.88576	124.7814829	-99.27762507
aligned_38075IM5-Spike-PL5_G03_01 20200804_000083.raw	7.88984904	4.666631128	-8.414397839	192.1669387	1.472123058	195.7973667	1.542881816	11.33610362	5.418381904	-3.986562349	4.621572779	-62.11527032	17.65933205	8.215279178	-123.8030386	-156.6562432	101.7185046	-2.792963751	1.96615875	89.35912085	162.1251061	25.74595959	-46.88274655	-159.9785754	146.7692655	21.69590092
aligned_38075IM5-Spike-PL5_G04_01 20200804_000084.raw	6.221159001	-1.43251167	-9.257244111	191.9630415	87.58713331	195.6153648	0.87858875	2.118510732	6.045031943	3.864292286	10.44653696	-64.94898657	22.3688237	1.464195613	-123.9647306	30.76608605	99.37234419	-7.251055937	8.076248332	95.3125329	179.1192348	16.53893185	-64.60876107	-163.7770099	141.4030364	130.0519835
aligned_38075IM5-Spike-PL5_G05_01 20200804_000085.raw	5.738435636	7.632246099	-7.977118476	192.8557132	-5.035376461	195.6153648	2.246549658	2.118510732	6.045031943	-3.333209028	3.637543132	-56.20860756	26.04087646	-11.29756205	-124.6726256	70.88354271	97.55553752	-0.246876187	2.535960989	75.62978493	14.08223177	-0.513165837	-47.43878448	-168.1360018	-77.96314655	-56.23088814
aligned_38075IM5-Spike-PL5_G06_01 20200804_000086.raw	-6.508484967	17.43556679	-6.42896974	181.9782979	86.58913671	195.0693592	3.901566216	-5.773223165	1.833807322	-1.373149063	-0.516132954	-56.34939379	22.21709346	-0.226498482	-138.253759	178.8680928	100.6911736	-7.006094092	2.767957747	62.36145874	178.6188389	13.9739922	-54.44866876	-161.3688391	118.2519673	-56.36234041
aligned_38075IM5-Total-PL5_A01_01 20200806_000097.raw	9.948376635	3.449998477	-4.667199612	-2.317462051	2.846474507	2.297606924	6.246700372	13.16804023	7.150064019	6.286560109	4.748014332	4.293401296	6.346931231	2.530328695	5.853483392	1.812821757	-25.1507352	4.334056217	5.950659683	5.112531076	-1.336127136	7.759715392	-7.096505128	-2.770857474	-2.904903386	6.60223998
aligned_38075IM5-Total-PL5_A02_01 20200806_000098.raw	9.360323457	6.977005477	3.773329624	-2.414852132	4.859667229	3.007487875	7.059178357	6.200897651	8.279693037	6.617560866	5.862206392	5.348970829	5.849388025	4.379062219	11.94418778	10.12599433	5.623609751	5.416513628	7.348912831	7.75020956	6.251851038	12.20780758	7.700408566	0.052519932	5.931449525	6.34122771
aligned_38075IM5-Total-PL5_A03_01 20200806_000099.raw	8.919283573	3.843477649	1.249524237	5.211398059	4.475010435	5.01349165	6.642566163	3.660465274	7.09652322	5.807355359	5.095734243	4.242516388	3.84420717	4.412092609	5.609874076	3.670055472	-9.227905977	4.671872297	5.901911077	6.423127679	2.432705682	0.405789999	-1.424323031	-2.45662085	-1.467655117	0.002640146
aligned_38075IM5-Total-PL5_A04_01 20200806_000100.raw	8.845776925	2.867985122	1.18448046	4.697096511	5.252923785	5.749637239	7.029117767	2.30628603	7.440766005	6.166267276	5.435272775	4.564275738	2.966002544	4.739864282	13.68841119	6.28362687	9.229165097	5.001740022	6.585074346	7.38847994	5.295116064	-0.691207948	0.425291181	1.116829193	5.535395303	0.656441456
aligned_38075IM5-Total-PL5_A05_01 20200806_000101.raw	9.066296867	5.794462702	2.659737426	4.008322097	3.76120655	5.93163913	6.781436895	2.932120324	7.626272597	6.359678815	4.817186228	4.737876641	4.784604697	5.690148909	0.060323016	9.893275047	7.943204429	5.568621236	6.384244995	7.54350692	5.09716344	12.34384171	-5.50510649	1.282770445	14.62255968	0.818084855
aligned_38075IM5-Total-PL5_A06_01 20200806_000102.raw	8.877600091	3.351102369	2.066495443	-3.307523755	3.175621597	1.812268546	5.691217448	5.771309721	7.061458089	5.770796006	5.461677343	4.589718192	7.073405612	2.832182502	13.71210831	13.56110305	3.082691846	4.638271433	6.239716558	7.072190946	4.791346587	12.20780758	-5.272462632	3.681283725	12.24796022	3.864339159
aligned_38075IM5-Total-PL5_A07_01 20200806_000103.raw	9.360323457	4.257578146	2.493203988	-2.414852132	4.438655821	-0.976576554	6.603191387	5.771309721	7.467536405	6.194178436	5.461677343	4.96934451	9.113434924	7.086101723	11.59060367	10.12599433	5.623609751	5.02739253	6.609448649	6.394172332	5.521598812	12.55580958	-5.654017667	5.132789242	-3.357536783	5.633545267
aligned_38075IM5-Total-PL5_A08_01 20200806_000104.raw	9.286816809	5.095037173	3.281577302	-2.92915368	3.953534948	2.946820578	6.533756022	5.705894266	7.405700874	5.706325493	6.201744923	3.772598589	4.563177537	3.159954175	4.818608343	5.86934831	7.020232033	4.189896964	6.183415644	7.359524593	5.628713296	12.15481562	-5.712178632	5.077475491	14.42073775	5.225822912
aligned_38075IM5-Total-PL5_A09_01 20200806_000105.raw	9.286816809	6.454750838	3.708285847	-2.482817868	4.374546356	6.134072122	6.533756022	5.705894266	7.81177919	5.282943063	5.801215875	4.911477543	6.603206849	3.933394033	6.232944766	12.73956573	-8.951251943	4.968139158	6.922879827	7.020515286	4.899210816	12.50281761	-5.330623597	3.263093595	-7.129710481	5.579664134
aligned_38075IM5-Total-PL5_A10_01 20200806_000106.raw	9.769540175	5.548275062	2.001451666	-3.375489492	2.269489315	-1.435650294	5.621782083	5.276306336	6.593544242	4.859560633	4.59962873	3.013345952	5.379189261	3.546674104	9.061617613	11.5945295	178.7136848	4.189896964	5.813683553	5.664478058	4.169708335	12.50281761	-4.949068561	-129.1867849	14.79229721	6.99502902
aligned_38075IM5-Total-PL5_A11_01 20200806_000107.raw	8.394876725	5.164053923	-15.85526346	-170.2371173	6.96472427	189.0632967	1.131347753	5.341721791	4.218909877	5.347413576	1.856915907	13.32112351	19.72158735	1.285302785	-125.2464453	-67.35479105	179.8579804	0.747060461	5.500252375	127.420495	-3.241427897	16.03582951	-39.23086077	-131.3087294	182.7937488	-24.08911734
aligned_38075IM5-Total-PL5_B01_01 20200806_000109.raw	9.286816809	6.00151295	2.001451666	-2.92915368	2.690500723	3.345227021	6.077769052	5.705894266	7.405700874	4.859560633	5.000157778	4.531851225	3.339159949	5.09355382	9.061617613	3.197597089	-1.328498227	5.357260256	6.553147735	7.020515286	4.169708335	12.15481562	-5.330623597	-13.06634347	12.56294049	3.810458026
aligned_38075IM5-Total-PL5_B02_01 20200806_000110.raw	9.286816809	5.548275062	2.854868756	-2.92915368	3.111512131	2.150007692	6.989742991	5.705894266	7.81177919	6.129707923	6.201744923	4.911477543	3.339159949	5.866993679	4.465024237	7.777742038	179.8026496	5.746381353	6.922879827	7.020515286	4.534459575	12.8508196	-4.949068561	-7.260321405	-0.070080887	6.641187798
aligned_38075IM5-Total-PL5_B03_01 20200806_000111.raw	9.066296867	5.341224813	1.37961179	2.222978851	2.919183734	4.736419801	6.325449925	1.213768605	7.626272597	5.936296384	6.018773373	4.737876641	7.640645734	6.076868839	9.960677981	11.03831128	7.943204429	4.790379042	6.753977086	6.187469692	4.36766096	12.34384171	0.218219039	6.725916135	10.53540571	5.418020735
aligned_38075IM5-Total-PL5_B04_01 20200806_000112.raw	8.845776925	5.134174565	2.464606096	3.804424888	5.252923785	4.55441791	6.117143828	1.8766981	7.846844321	5.742884846	5.835801823	5.323528375	5.414037719	6.286743999	8.738233712	8.95537809	1.606411381	4.612618925	6.585074346	6.371452019	4.565613584	-0.343205954	0.806846216	2.20545833	4.792276398	2.779488785
aligned_38075IM5-Total-PL5_B05_01 20200806_000113.raw	8.845776925	4.227698788	2.464606096	3.804424888	3.568878153	4.952824353	6.117143828	1.447110171	7.440766005	6.166267276	5.835801823	5.323528375	5.822043581	4.739864282	10.50615424	8.95537809	8.503188552	3.834376731	6.585074346	6.032442712	3.106608624	0.00479604	-0.33781889	1.842581951	5.535395303	4.902536114
aligned_38075IM5-Total-PL5_B06_01 20200806_000114.raw	8.845776925	2.867985122	1.611189005	1.572745829	4.831912377	5.351230796	6.117143828	1.8766981	7.440766005	5.742884846	5.835801823	4.943902057	5.414037719	4.353144353	11.92049067	9.337056836	8.866176825	5.001740022	6.585074346	6.371452019	4.565613584	0.352798033	1.569956286	6.197098503	-5.611388268	4.548694892
aligned_38075IM5-Total-PL5_B07_01 20200806_000115.raw	8.551750336	3.498393901	1.777722443	3.978897753	2.891428882	5.50696805	6.295389336	4.62215179	7.193423882	6.331767655	5.992368805	4.332807869	5.98127784	6.437670902	8.876228551	5.669228837	6.829912236	3.597363242	6.359870692	12.94493552	3.248961709	-0.207171821	0.955757393	7.064472637	6.052197509	5.394694025
aligned_38075IM5-Total-PL5_B08_01 20200806_000116.raw	8.81395376	15.07552875	2.436008204	4.667672167	5.225168933	6.520185487	6.999057178	4.855493355	7.820073921	6.561738546	6.610455351	4.918459603	5.386693276	4.713946416	7.653784283	9.311476829	10.65679081	5.365208611	6.930432134	12.78990854	4.541168054	-0.366147717	0.399719464	2.544014832	-3.778085776	1.694638411
aligned_38075IM5-Total-PL5_B09_01 20200806_000117.raw	-1.061033496	4.874001989	2.667585418	2.232095899	3.769806311	3.150932052	6.334764112	4.229659062	6.822410697	5.944944577	5.225896656	5.504111337	6.42413216	3.763661788	7.845676438	7.991901126	2.5050564	4.020085203	6.022065211	12.29587225	4.374369438	-0.873125606	-0.537873499	0.926568062	-8.034977276	4.717566005
aligned_38075IM5-Total-PL5_B10_01 20200806_000118.raw	-0.87233672	16.38212009	1.980701766	2.406568764	3.513368448	2.111449977	6.968996589	4.827173103	7.387225205	6.533827386	6.183521734	4.893017149	4.135331245	6.621628196	12.22668055	9.285896822	-2.072126094	5.339556103	6.906057831	0.562853172	4.881473764	5.526944413	-2.678292534	1.431065817	15.51851098	2.732835366
aligned_38075IM5-Total-PL5_B11_01 20200806_000119.raw	-1.313376604	9.169451266	2.017147651	1.998774345	4.812757286	4.137884852	7.008371365	4.864268304	7.422290336	6.570386739	6.218107682	6.064320617	5.39419729	5.097862974	4.831614529	8.936817891	8.122548957	4.98403587	7.307716533	0.252799212	5.277379012	5.904996609	-1.119483144	4.365070725	13.32123867	3.11723101
aligned_38075IM5-Total-PL5_B12_01 20200806_000120.raw	-1.533896546	8.962401018	2.675433411	3.13388457	5.041440296	4.752695846	7.256052238	5.09760987	8.455018692	6.80035763	6.836194229	6.270346032	5.61562445	5.307738134	8.912931849	12.19738714	5.052650359	5.973639045	7.508545884	-0.241237075	5.475331636	5.398018719	2.521584315	3.110500334	-6.912709285	2.60174639
aligned_38075IM5-Total-PL5_C01_01 20200806_000122.raw	-1.722593322	9.238468016	2.082191427	4.29841914	4.876866751	3.401739263	7.077806731	5.359271689	7.890204183	6.211474821	6.679627248	5.742561266	4.232372603	5.930251089	7.360600587	7.086603984	5.636961859	5.821531436	7.733749538	-0.034534435	5.332978551	5.957988574	-2.205987285	7.686271889	70.22641405	1.048064814
aligned_38075IM5-Total-PL5_C02_01 20200806_000123.raw	-1.649086675	9.307484765	1.720526659	3.920049065	4.519964809	5.056032332	5.779281188	4.135923354	7.545961398	5.005798044	5.138501571	4.661549279	3.070547917	5.215759487	13.0718436	3.709675094	12.22608157	5.102542614	6.680854177	-0.321868082	3.564821889	4.966974558	-5.200266603	1.572687192	4.516970159	0.748104726
aligned_38075IM5-Total-PL5_C03_01 20200806_000124.raw	-1.575580027	9.376501515	2.638987526	2.202671555	4.163062867	7.507138287	6.760690492	5.060514668	8.013875245	5.917033417	6.401079233	5.478668883	6.396787717	5.671343568	13.47932502	6.05792739	3.206705568	5.550917084	7.476619273	0.068816885	2.161416467	4.67196453	-3.615885497	-4.903773884	-3.229199166	8.940333954
aligned_38075IM5-Total-PL5_C04_01 20200806_000125.raw	-1.281553438	15.99789895	2.899162633	4.259877748	5.261523546	4.164149489	7.038431954	4.892588557	7.855139052	6.174915469	6.6450413	5.710136752	6.64555932	5.907136594	6.62323217	11.63414912	4.15400534	5.398809475	7.332090836	12.14084527	3.113317102	6.275940365	1.195418783	-9.762788191	-3.374441919	4.202081385
aligned_38075IM5-Total-PL5_C05_01 20200806_000126.raw	-0.840513554	4.651057318	2.862716749	4.221336355	3.5411233	3.731340387	6.999057178	4.855493355	7.820073921	6.561738546	7.0109844	5.677712239	4.978687413	4.713946416	8.714536601	7.784761846	5.211966726	4.976087514	6.930432134	12.45089923	3.811665574	-0.366147717	-1.889610747	2.181138453	-7.122120847	2.048479632
aligned_38075IM5-Total-PL5_C06_01 20200806_000127.raw	8.772270278	3.252206261	1.546145228	2.843787528	3.504768687	3.298531284	6.047708463	1.381694716	7.378930474	5.678414333	5.374282258	4.886035089	5.351844818	5.454355884	6.916415866	9.278877014	2.64004539	4.164244456	6.159041341	10.72689735	3.780511565	-0.396197919	1.511795322	1.061515442	8.079732294	3.787131316
aligned_38075IM5-Total-PL5_C07_01 20200806_000128.raw	9.286816809	4.641799285	2.428160211	-3.375489492	2.690500723	4.938852793	4.709808144	5.276306336	6.999622558	4.859560633	4.59962873	3.772598589	3.747165812	5.09355382	11.18312225	7.396063293	7.020232033	3.800775867	5.813683553	7.020515286	4.899210816	12.15481562	-5.330623597	3.988846354	-2.299437601	3.456616805
aligned_38075IM5-Total-PL5_C08_01 20200806_000129.raw	9.392146622	5.193933281	-4.305534844	-2.831763599	4.045399266	2.63534607	5.265291068	13.10262478	7.088228488	5.375324736	4.286494767	4.615160646	7.100750055	4.404980084	12.52458861	6.71646563	7.462878489	3.49656065	6.264090861	4.721846109	-1.391726675	6.662717446	4.291984965	-3.551923983	2.240349772	4.427491238
aligned_38075IM5-Total-PL5_C09_01 20200806_000130.raw	9.759679859	5.539017029	4.553854945	6.434781317	2.681900962	4.532308328	4.244506987	8.704234825	7.397406143	5.71938922	4.991976399	4.524869165	6.595702835	5.086441296	7.130915165	8.534079722	8.82849734	3.792827511	6.545595428	5.319233716	11.66568497	6.927677272	4.964344822	-2.912478849	-5.651062306	-1.31222799
aligned_38075IM5-Total-PL5_C10_01 20200806_000131.raw	17.7772803	4.455370361	4.814030052	6.706644263	3.780361641	5.571790402	3.61027451	8.536308714	7.23866995	5.977271272	4.835409417	4.756337035	5.63091854	4.162074534	7.700451934	8.385120264	3.604996486	3.640719903	6.770799082	5.864945663	12.25320924	7.835649121	4.815433645	10.37232581	19.4697377	-1.096703457
aligned_38075IM5-Total-PL5_C11_01 20200806_000132.raw	2.771172481	3.509757193	12.88504653	7.114438683	1.21793858	2.748542642	0.378990947	8.499213513	6.797526503	4.247182198	3.999765372	4.344286204	3.55604077	1.808724568	19.35015589	6.44412672	4.299969599	3.607119039	4.520479924	5.496981009	6.744788662	6.06558895	4.019734326	-11.06837444	14.23582096	11.951789
aligned_38075IM5-Total-PL5_D01_01 20200806_000134.raw	17.25287345	3.056519305	12.88504653	7.114438683	0.375915764	0.358103984	4.938860642	8.928801442	6.797526503	4.670564628	4.400294421	5.10353884	6.004075945	2.968884356	19.70410339	7.589162957	2.848016511	5.163603427	4.520479924	6.174999623	6.014536436	7.109594931	7.453729643	10.34133194	12.74958315	11.24483313
aligned_38075IM5-Total-PL5_D02_01 20200806_000135.raw	3.089954115	2.879348415	2.904216548	16.31301786	1.053365035	-0.594446156	5.672589074	8.331287402	6.232711994	4.50506425	13.8564246	2.677622483	5.436835823	5.911716886	19.56574516	7.821882245	1.980374922	14.73952325	4.745683578	5.364674341	6.23693459	6.625558805	-0.326282239	4.030812113	16.69149438	11.81383559
aligned_38075IM5-Total-PL5_D03_01 20200806_000136.raw	5.724090885	3.539636552	4.80618206	16.51691507	2.087716248	0.384368622	5.880895171	8.957121695	6.824296903	5.121858219	10.43463472	2.851223385	8.887461425	1.061202576	12.29453957	9.141457948	19.42205315	9.469588005	16.37628115	6.87573855	7.499111545	7.828540681	5.189971148	2.943635952	2.370413258	5.966354099
aligned_38075IM5-Total-PL5_D04_01 20200806_000137.raw	3.604500646	3.362465661	4.212940076	15.89610639	2.344154111	1.423850696	6.158636633	8.789195584	7.071639026	4.53297541	9.477009637	16.36961239	3.832156817	14.44547319	13.21802384	9.755855981	-1.431580939	9.317480396	16.6014848	7.760459804	6.626131361	6.300498574	3.51483983	6.070885558	0.738932695	7.242312436
aligned_38075IM5-Total-PL5_D05_01 20200806_000138.raw	18.04451814	2.416852493	4.603202737	5.145505522	0.645344194	-1.399397064	6.575248826	9.181688312	6.630495579	3.649651197	9.842952738	9.124287831	2.981296634	8.224923936	14.24930275	5.143111217	11.98141189	8.894758435	10.28411264	6.714476536	7.689980818	5.574444384	8.442466039	6.402768064	-4.12342459	5.444731625
aligned_38075IM5-Total-PL5_D06_01 20200806_000139.raw	6.532664006	4.298820796	5.521663604	5.65980707	1.972487884	2.645334663	6.188697222	7.958339978	5.474096162	2.867356849	8.702356109	7.663649526	-5.116627713	8.670592122	12.17951505	10.54479348	11.31002004	7.008406321	8.491753096	7.783180117	8.110706469	6.671442331	4.303521616	2.462339237	9.309294869	8.679914172
aligned_38075IM5-Total-PL5_D07_01 20200806_000140.raw	7.792137327	4.121649906	4.928421621	6.82434164	2.649937155	1.29437808	14.21821717	8.220001796	5.742262814	11.59288751	8.545789128	7.515491078	2.476249414	8.132945289	14.87273683	7.342404055	6.4442846	6.856298713	8.71695675	3.921771071	6.142347947	7.231412185	4.536165474	7.042586144	11.76496828	4.653703485
aligned_38075IM5-Total-PL5_D08_01 20200806_000141.raw	6.155270453	4.397716904	5.615305273	4.864525528	3.327386427	1.138640826	14.49595863	8.052075685	4.771369989	11.42738713	8.389222146	8.506211584	18.22924379	6.821858598	7.655428563	5.666729613	7.028969161	5.92594891	8.572428312	3.11144579	7.094998327	7.443380046	2.47947912	3.994597221	18.86015607	4.515750083
aligned_38075IM5-Total-PL5_D09_01 20200806_000142.raw	6.449297042	5.127021791	5.87548038	6.921731721	-4.836403872	5.763780887	14.77370009	8.313737504	5.830868745	9.144974597	8.633184213	7.598800499	7.461857107	7.444371553	10.34865034	-2.11580476	6.160208389	7.330325691	9.167364057	3.31814843	6.587144255	9.047355882	0.041237732	8.574844127	2.383463921	8.973009833
aligned_38075IM5-Total-PL5_D10_01 20200806_000143.raw	6.596310337	4.811817401	6.005567933	6.611327382	-4.70818494	7.877147696	14.91257082	8.014980484	5.142383174	10.96744534	9.155694295	7.714534434	8.402254633	7.948987995	14.34986749	19.75624339	5.90750867	7.059711338	9.279965884	3.760509057	6.698343333	7.761331838	5.880885189	5.779477027	12.88960556	3.425125141
aligned_38075IM5-Total-PL5_D11_01 20200806_000144.raw	158.612487	-4.292077758	11.51633314	-1.907594432	1.14962016	192.7033346	6.209443625	4.111593915	1.858691515	4.580149538	6.717934056	7.302483602	31.62374033	4.048758313	-144.6031244	20.86867981	174.1124294	3.524020599	9.248039274	135.9451835	4.476057774	-4.10078615	-30.39943241	-119.2096577	-184.6087798	2.687978135
aligned_38075IM5-Total-PL5_E01_01 20200806_000149.raw	-3.371904198	6.330185891	5.729696841	5.00511192	6.806497101	6.821389577	10.05633129	8.594944627	10.96962633	9.422119616	8.094311372	7.848728763	8.954486727	7.69896992	11.99613345	12.09320706	8.214870423	7.585043332	9.598791507	9.643503877	5.365650392	16.23519694	3.354659518	3.363886297	62.75866205	6.377899742
aligned_38075IM5-Total-PL5_E02_01 20200806_000150.raw	-4.33735093	6.330185891	4.022862661	3.666104485	4.70144006	5.626170248	9.144357352	7.306180838	10.1574697	8.575354756	7.693782324	7.469102445	12.62653949	8.085689849	10.58034344	16.67805925	10.75839975	6.806801137	8.860086528	10.32152249	4.635398166	16.23519694	1.065329306	8.086127524	-1.083949555	3.903554198
aligned_38075IM5-Total-PL5_E03_01 20200806_000151.raw	-3.707614269	6.46821939	5.006367305	5.141043393	6.513704624	6.544317728	9.283228083	7.866599677	10.28114076	9.127678212	7.815763357	6.825583744	9.078872528	7.043426574	8.564453065	11.44542467	10.1423387	6.925307882	8.972688354	9.746855196	5.111723356	16.34118087	6.904976764	3.837763124	7.195124233	6.132184073
aligned_38075IM5-Total-PL5_E04_01 20200806_000152.raw	-3.634107622	6.537236139	4.644702536	4.762673318	6.156802682	3.417733482	9.352663448	7.932015132	10.34297629	9.192148725	7.876753874	7.263077029	9.549071292	8.262534618	12.8657204	12.26774652	6.200694845	6.984561254	9.028989268	10.13754016	5.532449008	16.04617084	2.384477305	8.978567428	3.539923663	6.186065206
aligned_38075IM5-Total-PL5_E05_01 20200806_000153.raw	-3.077877609	6.606252889	5.136454858	6.16964649	5.79990074	5.868839437	9.878085783	8.427018516	10.81089014	9.256619238	7.93774439	7.700570315	9.20325833	7.548043016	14.68935523	11.56178431	7.709470984	7.432935724	9.454642671	10.52822513	7.048552998	16.09916281	2.44263827	8.670631854	2.11179094	7.300380144
aligned_38075IM5-Total-PL5_E06_01 20200806_000154.raw	-4.15851447	6.498098748	5.034965197	4.277796114	4.857413844	5.375363037	8.857301702	7.057774221	9.901832842	7.462059651	7.441638877	6.851026198	8.290205247	7.06934444	12.4812093	13.7630385	6.169318354	6.172718196	8.997442259	6.040473131	6.596298465	-3.123989012	4.641218268	6.404455332	3.508220736	7.216307874
aligned_38075IM5-Total-PL5_E07_01 20200806_000155.raw	-4.15851447	6.951336637	2.901422471	4.724131926	6.541459476	4.578550151	8.857301702	7.057774221	9.901832842	8.308824512	7.441638877	6.47139988	9.922228697	6.682624511	11.06541929	7.649902249	11.25637702	6.172718196	8.997442259	8.752547588	6.231172352	10.10008675	3.878108198	6.041206007	8.333534404	7.216307874
aligned_38075IM5-Total-PL5_E08_01 20200806_000156.raw	-3.381764515	15.83892351	3.588306123	5.442330684	8.481942972	4.422812897	9.591030134	7.749023969	10.55525328	8.566706563	8.086129993	8.221373022	8.130970988	5.758257749	10.57311356	10.55711865	9.297532246	6.798852782	9.591998403	7.603212999	6.81869662	9.616050621	-0.849463402	3.356466409	-2.204310156	7.431832406
aligned_38075IM5-Total-PL5_E09_01 20200806_000157.raw	-3.23475122	15.97695701	4.571810767	6.024597969	6.505104863	6.536179706	9.273913896	7.020679019	9.866767711	7.848882729	7.407052929	7.57785432	6.62333334	6.262874191	9.265118183	12.58383337	8.318109861	6.528238429	9.33524774	7.367555012	2.913508455	9.374032558	-0.733141474	-0.528648667	-14.71120294	6.832638802
aligned_38075IM5-Total-PL5_E10_01 20200806_000158.raw	-3.23475122	15.97695701	4.998519312	6.917269592	7.347127679	4.942553934	8.817926926	7.450266949	10.27284603	7.848882729	7.407052929	7.198228002	9.071368514	7.03631405	9.619065685	8.763123211	6.137941862	6.917359526	8.965895251	8.045573626	2.913508455	9.722034552	-1.114696509	1.287597959	-6.916465475	1.176991845
aligned_38075IM5-Total-PL5_E11_01 20200806_000159.raw	-3.643967938	15.59273587	4.210145998	8.770578575	5.306180105	6.596847003	8.887362292	6.656506544	9.522524926	7.489970811	7.067514397	7.25609497	4.237491066	6.708542377	8.965067998	6.528876939	10.19024733	6.587491801	9.022196164	8.436258593	2.969107994	10.4710305	13.06100076	0.979662385	-5.375174403	2.291306782
aligned_38075IM5-Total-PL5_F01_01 20200806_000161.raw	6.115829188	16.14486987	6.010621848	6.189953786	5.398044423	5.886966052	8.986858246	4.172714673	9.611130856	7.582352484	7.555438531	6.411192183	10.44711635	6.40668857	3.733086506	9.668812624	-0.99466887	6.283276585	9.103250982	8.510654566	15.82819214	7.41494629	-0.972802864	14.86239743	1.016306586	15.09408357
aligned_38075IM5-Total-PL5_F02_01 20200806_000162.raw	6.189335836	8.055604629	5.222248535	7.150591146	6.304176705	6.346039792	9.056293612	4.238130128	10.0790447	7.646822997	7.616429048	7.229092108	7.653268211	5.305477039	2.725141318	4.76006924	-8.206564725	6.731651054	9.528904385	8.562330226	16.24891779	8.85994623	8.624233982	14.19121253	0.330529812	15.1479647
aligned_38075IM5-Total-PL5_F03_01 20200806_000163.raw	6.262842483	8.124621378	4.860583766	9.003900129	6.368286171	4.414674875	9.125728978	4.733133512	10.54695855	7.71129351	7.677419565	8.046992033	7.307455249	6.137865154	4.194828642	10.5493143	9.290110071	6.790904426	9.585205299	8.953015193	16.30451733	8.216934208	3.722179488	-6.45868526	0.758286961	15.20184583
aligned_38075IM5-Total-PL5_F04_01 20200806_000164.raw	6.262842483	7.67138349	4.860583766	7.664892694	5.947274763	5.609894204	8.669742008	3.873957653	9.734801918	7.28791108	7.276890516	7.286959075	8.531472836	6.137865154	3.84088114	5.964462109	-8.514595251	6.401783329	8.846500319	7.935987272	15.93939122	7.52093022	9.445505017	-7.911682561	1.50064291	15.55532377
aligned_38075IM5-Total-PL5_F05_01 20200806_000165.raw	6.33634913	8.193638128	4.498918998	8.179194242	6.853407044	6.467374387	9.651151313	4.798548967	10.20271577	8.199146453	7.738410081	6.964809564	8.593665737	6.583533339	3.894778457	12.89992022	-10.63943244	6.850157798	9.272153722	8.178577336	15.99499076	8.269926173	9.503665981	-6.403371509	0.814866136	15.6092049
aligned_38075IM5-Total-PL5_F06_01 20200806_000166.raw	6.63037572	9.376180903	6.465928286	-1.81466648	7.109844908	5.514824247	9.016918836	4.201034926	10.04397957	8.033646075	7.5818431	7.196277434	6.802408028	7.592766223	16.49853028	11.60435544	7.74995744	6.69805019	8.389299908	8.385279976	8.914866653	9.873902009	11.26252998	8.347856504	-9.351800451	16.17820737
aligned_38075IM5-Total-PL5_F07_01 20200806_000167.raw	6.703882367	8.991959764	7.384389153	-1.746700744	6.752942965	6.770710873	9.086354201	4.266450381	10.51189342	8.098116588	7.642833616	8.014177359	7.680612654	6.491554692	16.5524276	9.370109167	9.985456245	6.757303562	8.814953311	12.1698906	9.700718417	9.230889986	5.597365416	8.76641958	14.83134706	15.52513263
aligned_38075IM5-Total-PL5_F08_01 20200806_000168.raw	6.221159001	7.632246099	5.677554972	-1.300364932	5.489908741	4.778678658	8.174380262	3.836862451	8.887580155	6.827969297	7.642833616	7.63416088	6.456595067	6.491554692	16.5524276	12.04460628	6.715204248	5.979061368	8.076248332	9.794386531	9.335592305	8.186884005	7.123585557	7.313422279	14.46016909	15.52513263
aligned_38075IM5-Total-PL5_F09_01 20200806_000169.raw	6.221159001	8.085483987	5.250846427	-2.193036555	6.331931557	5.575491544	7.718393293	3.407274521	9.293658471	6.827969297	7.242304568	7.63416088	6.864600929	6.104834763	16.9063751	4.785256977	7.441926914	5.979061368	8.076248332	5.382736123	9.700718417	8.534885999	6.360475486	7.313422279	-8.552865327	15.52513263
aligned_38075IM5-Total-PL5_F10_01 20200806_000170.raw	6.556869072	7.947450488	5.120758873	-4.114311275	6.624724034	6.250969835	8.491496501	3.706031542	8.763909094	6.699028271	7.120323535	6.378377509	6.332209265	6.760378109	4.056470407	8.107536476	9.148071965	6.249675721	7.963646505	7.654888868	9.224393228	10.16891204	3.573268311	7.566044103	14.71818872	15.06389243
aligned_38075IM5-Total-PL5_F11_01 20200806_000171.raw	-1.05151465	17.1203624	7.782499806	12.06028507	15.56642768	195.1906937	5.864384825	-4.783216396	7.642574807	6.376675707	5.213254757	8.749158023	30.09359064	1.051557818	-116.5551667	-54.84300922	176.3809925	4.786045568	6.943436958	124.164504	-3.467892303	1.899906356	-44.79347095	-125.2965284	-160.7607111	167.1434767
aligned_38075IM5-Total-PL5_G01_01 20200806_000173.raw	-3.717474586	15.97695701	5.425227857	6.47093378	7.347127679	4.145741048	8.817926926	7.450266949	9.866767711	7.425500298	7.006523881	7.198228002	8.25535679	6.262874191	9.265118183	6.852768133	9.771555193	6.917359526	8.596542761	4.655480555	3.278634568	10.07003655	-1.496251544	-1.981645968	-54.05606823	2.590903584
aligned_38075IM5-Total-PL5_G02_01 20200806_000174.raw	-3.193067738	15.56285652	4.181548106	6.509475173	6.120448068	5.375363037	8.401314733	6.628186291	9.495754526	7.462059651	7.041109829	6.851026198	6.250175935	5.522464724	9.649629286	9.560257328	3.262427689	6.561839293	8.25873728	8.413538281	6.596298465	9.056080767	-2.226772366	2.408712754	3.879398711	6.15587407
aligned_38075IM5-Total-PL5_G03_01 20200806_000175.raw	-3.077877609	6.606252889	5.563163403	6.615982302	6.641923556	7.462465209	8.966111844	7.567842656	10.40481182	7.986471947	7.537215342	6.941317679	5.939211431	6.774603158	6.548562688	9.651429235	12.06980698	7.432935724	9.085290181	7.816150673	4.127544095	16.09916281	-3.662242294	-1.137099928	2.11179094	5.179512535
aligned_38075IM5-Total-PL5_G04_01 20200806_000176.raw	-2.889180833	6.783423779	5.729696841	6.344119355	8.069531325	6.821389577	9.144357352	8.594944627	10.96962633	8.151972326	8.094311372	7.469102445	6.506451552	7.69896992	6.686920923	5.597999789	6.034702424	7.195922235	9.229439017	9.982513184	5.365650392	16.23519694	2.209994412	-2.084853582	0.400762343	2.136164524
aligned_38075IM5-Total-PL5_G05_01 20200806_000177.raw	6.135549821	6.192152392	5.172900743	6.185298866	7.520300985	7.098461425	8.549499651	7.604937858	10.43987695	7.59964887	7.57180129	6.973742192	8.830100925	6.420913619	7.640968794	7.391995225	9.194292808	7.466536588	9.11683719	10.21817117	4.524199089	16.477215	1.712117448	9.428497323	8.824697406	4.502747802
aligned_38075IM5-Total-PL5_G06_01 20200806_000178.raw	8.108126765	-3.286705874	6.062763718	4.884832824	5.03058715	-1.63207766	9.500848366	8.07162099	10.47494208	8.906355513	8.006916287	7.385793024	9.272955245	7.614103797	17.58206244	8.571200357	173.4649919	6.721895257	9.32871449	9.569107904	7.11161076	3.283189446	-3.597063797	-124.5791369	-119.9423568	4.532938938
																										
Isotopic Pattern Quality (2+)	IgGI1H3N4	IgGI1H4N4	IgGI1H5N4	IgGI1H3N5	IgGI1H4N5	IgGI1H5N5	IgGI1H3N4F1	IgGI1H4N4F1	IgGI1H5N4F1	IgGI1H3N5F1	IgGI1H4N5F1	IgGI1H5N5F1	IgGI1H4N4S1	IgGI1H5N4S1	IgGI1H5N4S2	IgGI1H4N5S1	IgGI1H5N5S1	IgGI1H4N4F1S1	IgGI1H5N4F1S1	IgGI1H5N4F1S2	IgGI1H4N5F1S1	IgGI1H5N5F1S1	IgGI1H4N5F2	IgGI1H5N5F2	IgGI1H4N4F2S1	IgGI1H5N4F2S1
Fraction	0.978335887	0.973446769	0.967959697	0.972130484	0.966475822	0.960210759	0.973817224	0.968364975	0.962305248	0.966891046	0.960660177	0.953814889	0.96321064	0.956622851	0.979382475	0.954828344	0.981262795	0.957089849	0.982337811	0.975829405	0.981505389	0.977914576	0.954296081	0.981012967	0.950420079	0.979115684
Monoisotopic Mass	[1244.999152393576]	[1326.02557400047]	[1407.0519945897695]	[1346.5388426448847]	[1427.5652633631255]	[1508.5916832163723]	[1318.0281165180265]	[1399.0545371187573]	[1480.0809568497966]	[1419.5678058935518]	[1500.5942257566583]	[1581.6206448725472]	[1471.5732894678354]	[1552.5997089370617]	[1698.1474222980485]	[1573.1129781043744]	[1654.139396998329]	[1544.6022514818471]	[1625.6286702643677]	[1771.176382877912]	[1646.14193955238]	[1727.1683578475408]	[1573.6231874215257]	[1654.6496058962548]	[1617.6312128173681]	[1698.6576310008422]
alignedLin_38075IM5-Spike-PL4_F04_01 20200803_000068.raw	0.912449633	1.263022508	1.090163979	1.176998797	0.912701381	0.918411938	1.530468469	0.906988152	1.083793862	1.0134456	0.921706004	0.975680006	0.929113204	0.941412774	1.241637057	1.077330071	1.027148142	0.923327557	0.838633038	1.011244198	0.932313704	0.926939756	0.945202389	0.967276139	1.029747416	1.017716606
alignedLin_38075IM5-Spike-PL4_H01_01 20200803_000091.raw	0.934981941	1.097857895	1.090163979	1.120108715	0.952203915	0.920923092	0.248639646	0.390016326	1.036462021	0.912850479	0.930792436	0.927868919	0.918757965	0.920696265	1.087599572	1.077330071	1.05325383	0.970150075	0.919263736	0.973877529	1.088859387	0.499465843	0.994513896	0.963961262	0.954457635	0.967728023
alignedLin_38075IM5-Spike-PL4_H04_01 20200803_000094.raw	0.987683757	1.097857895	1.266427719	1.065447463	0.973071485	0.937161968	0.902935125	0.575222903	1.083793862	0.921843868	0.918573896	0.926386143	0.96565942	0.920696265	1.216251203	1.077330071	1.040450715	0.981518645	0.918072478	0.973877529	1.141405632	0.653232201	0.937462866	1.016111311	1.02576047	1.07077296
alignedLin_38075IM5-Spike-PL5_A11_01 20200804_000015.raw	1.40849737	1.027153856	0.787493151	1.121624215	0.92755298	1.09122278	0.322095644	0.202495256	0.450347387	0.879655661	0.834937842	1.012435225	1.086635621	0.920696265	1.079982251	1.077330071	0.883323203	0.63750197	0.751631983	0.825770033	0.938305695	0.965785664	1.067352655	0.678310219	0.957171705	1.596368465
alignedLin_38075IM5-Spike-PL5_B11_01 20200804_000027.raw	0.979341054	1.004897663	0.765795491	0.877423979	0.917943387	1.183927272	1.138521665	0.208351028	0.39847694	0.76460084	0.860513304	0.923048101	1.115426744	1.09624499	1.4562023	1.077330071	0.800909964	0.738830406	0.886885103	0.957928924	0.88005125	1.40048536	1.035149834	0.863107461	0.924944702	1.136905499
alignedLin_38075IM5-Spike-PL5_C03_01 20200804_000032.raw	1.013596818	1.009225573	0.607002686	1.150400901	0.929987322	1.052879201	0.851777358	0.172302951	0.426249848	0.631843324	0.543590209	1.013888382	0.915632822	0.920696265	1.215554396	1.174130485	1.079945696	0.896613942	0.831089002	0.847960539	0.923063657	0.936950272	0.899360316	1.062070871	0.592883134	1.237847982
alignedLin_38075IM5-Spike-PL5_C10_01 20200804_000039.raw	1.339958682	1.008932541	0.540413339	1.157922173	1.00477185	1.310672185	1.046775548	0.185816576	0.255133648	0.758957866	0.62873954	0.848741332	0.915632822	1.057341302	0.919933047	0.554500484	0.931037367	0.855250616	0.759954277	0.696547937	0.938054337	1.123379004	0.845318719	1.053408292	0.924944702	1.143662659
alignedLin_38075IM5-Spike-PL5_D01_01 20200804_000042.raw	1.230912587	1.011222651	0.747345701	0.973993779	0.913937156	1.018242406	1.109929635	0.207495627	0.312303451	0.848754685	0.862307253	1.004339196	1.065239082	0.920696265	1.228840984	1.077330071	0.83043545	0.920864116	0.707753833	0.973877529	0.904920594	0.883710149	0.989328701	0.643438786	1.016166508	0.93759617
alignedLin_38075IM5-Spike-PL5_D09_01 20200804_000050.raw	1.155338196	0.944041604	0.798956527	0.831449086	1.049958063	1.043239839	0.976607262	0.192500705	0.25324395	0.61085173	0.653445254	0.98216314	0.935639906	0.954943437	0.837438924	1.077330071	0.753031136	1.000732605	0.921458717	0.960818214	0.819294785	1.009953036	0.935002149	0.564312333	1.046214432	0.807651289
alignedLin_38075IM5-Spike-PL5_D11_01 20200804_000052.raw	1.060289644	1.064788558	0.556608362	1.065986509	1.040255712	0.93791965	0.292003211	0.211507095	0.373228752	0.912850479	0.79226873	0.849783813	1.159248371	0.882614535	1.383809857	1.236455779	0.964199048	1.061591173	0.847673501	1.23573103	0.911541279	1.283225516	1.258976671	0.83697261	0.924944702	1.25042138
alignedLin_38075IM5-Spike-PL5_E04_01 20200804_000060.raw	1.167904807	0.87304991	0.730741786	1.000952757	0.832111785	0.918411938	0.675712492	0.257026205	0.319330032	0.669691834	0.795384001	0.859185596	0.990143047	0.910787085	0.792429955	1.077330071	0.850567364	0.920864116	0.848515345	1.308655872	0.905669495	0.856315069	1.112801708	0.897901312	1.176252637	1.342110237
alignedLin_38075IM5-Spike-PL5_E09_01 20200804_000065.raw	0.92316149	1.119404276	0.754866543	0.914910169	1.080734127	0.928061986	1.219106586	0.245015804	0.375825754	0.632926068	0.813179246	1.268007815	1.094129423	1.086842365	0.578633851	1.151913527	0.989961525	0.910060654	0.784214372	0.973877529	0.963038341	0.914586557	0.93442649	0.944127132	0.983131066	0.987336411
alignedLin_38075IM5-Spike-PL5_G02_02 20200804_000087.raw	0.750485696	0.762462908	0.56131968	1.388591776	0.942341298	1.243373177	0.602734834	0.138539972	0.275679458	0.546833952	0.624123634	0.952485162	0.776891648	1.063824221	1.135015124	1.539382615	0.696034594	1.094300637	0.804760328	0.896967251	1.167705162	0.809975814	1.023974356	0.825764161	1.041371705	0.866819122
aligned_38075IM5-Spike-PL4_A01_01 20200803_000005.raw	0.048856495	0.69613598	0.700294877	0.625775619	0.900949425	0.918411938	0.04708449	0.027661858	0.024503299	0.038395647	0.08416141	0.581488378	0.972102219	0.96897645	1.138335101	1.077330071	1.135157995	0.171733861	0.080928981	0.664061548	0.7446436	0.664268819	0.950309932	0.963961262	0.924944702	1.053953864
aligned_38075IM5-Spike-PL4_A02_01 20200803_000006.raw	0.039920376	0.665858915	0.626516505	0.504736797	0.787483039	0.940105918	0.044878764	0.027565841	0.019453663	0.032099059	0.072469097	0.485260808	0.986242015	0.997781303	1.033030549	1.077330071	1.136789679	0.161103751	0.071074109	0.728236956	0.703975523	0.780825567	0.976672535	0.96537629	0.924944702	0.967728023
aligned_38075IM5-Spike-PL4_A03_01 20200803_000007.raw	0.065726985	0.651737406	0.56575017	0.367930707	0.765497564	0.938860847	0.046219598	0.028946995	0.023702657	0.031226269	0.071031995	0.448869011	0.961962611	0.969405402	1.098123132	1.077330071	1.036835834	0.138377517	0.046505424	0.47939943	0.760151992	0.523217951	0.93164287	0.989249531	0.992077398	1.160664074
aligned_38075IM5-Spike-PL4_A04_01 20200803_000008.raw	0.021779639	0.453945643	0.580336666	0.288965852	0.775152081	0.918411938	0.043644806	0.028147354	0.023331879	0.029743428	0.050437314	0.471837486	0.884197972	0.830428356	1.050727821	1.077330071	1.124417886	0.126565495	0.03689102	0.480707877	0.795890778	0.723487713	0.92749213	0.999294372	0.938379567	1.084765713
aligned_38075IM5-Spike-PL4_A05_01 20200803_000009.raw	0.029371205	0.450913413	0.595476038	0.237341113	0.70827614	1.005851078	0.046001913	0.0286888	0.021553764	0.032703432	0.052999275	0.467076131	0.8557066	0.848305076	1.095780572	1.077330071	1.083953166	0.10704562	0.04269133	0.400817022	0.602509034	0.730827979	0.959379858	0.906791481	1.019774976	0.967728023
aligned_38075IM5-Spike-PL4_A06_01 20200803_000010.raw	1.03588809	1.162293541	1.005290372	1.08955436	1.005953491	0.96028808	1.220793828	0.603249082	1.083793862	1.00010174	0.918573896	1.019172785	0.938549239	0.95428163	1.111306082	1.08865559	1.101005169	0.920864116	0.921952768	1.003277876	0.748295075	0.812975987	0.969052701	1.006795635	0.942235709	1.039652584
aligned_38075IM5-Spike-PL4_A07_01 20200803_000011.raw	1.130833819	1.097857895	1.090163979	1.179881937	0.969663776	0.918411938	0.153597659	0.304426759	0.921883996	0.849920483	0.918573896	0.948224834	0.940777322	0.942499901	1.154614217	1.077330071	1.068530441	0.920864116	0.949029419	1.000161132	0.782355949	0.794661127	0.965630876	1.030911782	1.013632302	0.969493023
aligned_38075IM5-Spike-PL4_A08_01 20200803_000012.raw	0.034164795	0.345541335	0.503168157	0.748959573	0.912701381	0.918411938	0.042302817	0.036345468	0.023632522	0.066139892	0.1011377	0.349361552	0.945390667	0.701717074	1.166272563	1.077330071	1.081549102	0.07438449	0.025866984	0.379351347	0.722022311	0.839139406	0.923220957	0.963961262	0.935935318	1.189647679
aligned_38075IM5-Spike-PL4_A09_01 20200803_000013.raw	0.056132347	0.373407458	0.51424322	0.729811249	0.889669052	0.939865501	0.044839236	0.03760302	0.024250559	0.057708761	0.08288618	0.275970246	0.901620878	0.691850007	1.122542315	1.077330071	1.205310378	0.081715809	0.024823714	0.354017138	0.709645127	0.716068823	0.949163918	0.963961262	1.009758004	0.967728023
aligned_38075IM5-Spike-PL4_A10_01 20200803_000014.raw	0.060052653	0.351287419	0.484728828	0.760538705	0.900839873	0.920643062	0.040048335	0.034593065	0.021005069	0.066394982	0.082373049	0.321134301	0.960597904	0.794239655	1.250042629	1.077330071	1.184777822	0.080632376	0.018713249	0.407811013	0.701868108	0.690584536	0.965851576	0.977224373	1.042834116	0.967728023
aligned_38075IM5-Spike-PL4_A11_01 20200803_000015.raw	0.046102741	0.114092233	0.221630309	0.13643761	0.410800674	0.454170573	0.056597721	0.052472688	0.036439369	0.020961204	0.027035591	0.050234879	0.597516245	0.351486099	0.545123364	0.993405236	0.937696379	0.039732338	0.01373678	0.03915991	0.252593466	0.194657922	0.863000776	0.789955849	0.924944702	0.291772188
aligned_38075IM5-Spike-PL4_A12_01 20200803_000016.raw	0.039173549	0.098078393	0.199467597	0.132025241	0.341992411	0.44056289	0.053516084	0.049768002	0.038279574	0.015761909	0.027308095	0.040691534	0.65788502	0.344874726	0.612942762	0.947885446	0.854574221	0.030945612	0.008890753	0.101912617	0.243054595	0.219390024	0.837827845	0.670522436	0.925563312	0.2642727
aligned_38075IM5-Spike-PL4_B01_01 20200803_000018.raw	0.106048571	0.544058596	0.618981586	0.905576251	0.912701381	0.918411938	0.042770871	0.033563302	0.018618791	0.046735019	0.099615786	0.485186422	0.972707519	0.915308824	1.207106755	1.095284986	1.062770134	0.158980266	0.043687538	0.748317262	0.865149867	0.647543018	0.923220957	1.057344638	0.924944702	0.967728023
aligned_38075IM5-Spike-PL4_B02_01 20200803_000019.raw	0.06240762	0.542266229	0.624459614	0.948910624	0.912701381	0.918411938	0.042490864	0.030981088	0.018067515	0.057110673	0.092675564	0.461270927	0.951655825	0.947671693	1.174609433	1.077330071	1.101200728	0.158116097	0.040924592	0.64653603	0.886219251	0.701866593	0.923220957	1.034424355	1.017387806	0.92724517
aligned_38075IM5-Spike-PL4_B03_01 20200803_000020.raw	0.125858017	0.630719996	0.636063935	1.074306848	0.912701381	0.970841554	0.039664342	0.028716457	0.02207856	0.054180495	0.134192213	0.547060343	0.934577186	0.941346182	1.187335461	1.077330071	1.182369557	0.257622002	0.059599526	0.943185857	0.734495447	0.692289011	0.942331047	1.017806339	0.959451798	0.96825322
aligned_38075IM5-Spike-PL4_B04_02 20200803_000101.raw	0.103962563	0.740387282	0.798706194	1.130290611	0.85410003	0.918411938	0.032776031	0.019732762	0.021804016	0.069002529	0.135850612	0.566757094	0.962997617	0.978460531	1.141963236	1.077330071	1.036835834	0.195437572	0.098928895	0.754042502	0.694730212	0.821266322	0.961052178	1.027565863	0.995517449	1.088469791
aligned_38075IM5-Spike-PL4_B05_01 20200803_000022.raw	0.160847881	0.546980124	0.527511149	0.905576251	0.892675165	0.918411938	0.033780577	0.02231729	0.023621614	0.057023563	0.142681042	0.560412503	0.915632822	0.920696265	1.087733885	1.077330071	1.135229503	0.280705239	0.078162032	0.759452109	0.904668342	0.814425325	0.976338029	1.029412464	0.993180801	1.297858437
aligned_38075IM5-Spike-PL4_B06_01 20200803_000023.raw	0.024465687	0.484533044	0.541544462	1.031179236	0.869205524	0.918411938	0.046002196	0.03045308	0.022894781	0.053790037	0.09775055	0.403598394	0.969043265	0.923554248	1.133714091	1.077330071	1.081883187	0.09544631	0.031642659	0.464678865	0.706302082	0.807336038	0.923220957	1.043246449	0.947800051	1.144228048
aligned_38075IM5-Spike-PL4_B07_01 20200803_000024.raw	0.058257428	0.552190461	0.628964912	1.071600494	0.912701381	0.942928446	0.048831033	0.030393882	0.021233068	0.072136067	0.111198209	0.623314296	0.964357441	0.940355747	1.259543519	1.086191937	1.079277871	0.181495899	0.043003049	0.636914748	0.695252441	0.626323503	0.928470304	1.020591274	0.980034491	1.045303149
aligned_38075IM5-Spike-PL4_B08_01 20200803_000025.raw	0.142242101	0.569589382	0.63068132	1.041666046	0.912701381	0.975641485	0.041317928	0.023294156	0.02949532	0.078223385	0.212780774	0.805032341	0.920487102	0.946254326	1.033030549	1.077330071	1.184291458	0.270519064	0.064926733	0.789900718	0.748562658	0.771245888	0.956441671	0.963961262	1.048457056	0.981110729
aligned_38075IM5-Spike-PL4_B09_01 20200803_000026.raw	0.230907449	0.562482944	0.614452438	1.120272648	0.912701381	0.938285791	0.036751665	0.025207493	0.037723095	0.099379627	0.254228191	0.850867191	0.915632822	0.938970922	1.101823503	1.077330071	1.098651422	0.384886077	0.094628846	0.990459324	0.783237509	0.765171343	0.984946923	0.963961262	0.961020065	1.100723753
aligned_38075IM5-Spike-PL4_B10_01 20200803_000027.raw	0.967887014	1.097857895	1.090163979	1.085169003	0.932390836	0.960820764	0.756917777	1.049204675	1.083793862	0.99171261	0.918573896	0.929500245	0.937559921	0.920696265	1.161586164	1.077330071	1.154466231	0.927952376	0.912765706	1.03903329	1.0077226	0.933156447	0.923220957	0.998026329	0.959843228	1.012950184
aligned_38075IM5-Spike-PL4_C01_01 20200803_000029.raw	0.509113074	0.725685455	0.738081075	1.051633612	0.918819403	0.947040998	0.030177505	0.022437057	0.026789503	0.142747398	0.190410023	0.721714712	0.915632822	0.933046253	1.116978002	1.077330071	1.049970052	0.304469684	0.068606954	0.973877529	0.636152852	0.713599763	0.923220957	0.978123865	1.028650717	0.978331716
aligned_38075IM5-Spike-PL4_C02_01 20200803_000030.raw	0.523113593	0.779403745	0.737758908	1.127437924	0.950258434	0.934526374	0.028977685	0.024538759	0.030047766	0.154179344	0.177686945	0.736490251	0.915632822	0.935239968	1.160935122	1.077330071	1.174321881	0.324542946	0.073795047	0.893237899	0.732101908	0.741731102	0.925976524	0.991417195	0.993883373	1.064835847
aligned_38075IM5-Spike-PL4_C03_01 20200803_000031.raw	0.580435381	0.722185159	0.723535154	1.165373576	0.912701381	0.930222756	0.031671528	0.023644152	0.029669026	0.114639936	0.134594989	0.555776533	0.915632822	0.934354253	1.033030549	1.077330071	1.163845757	0.322956841	0.046208737	0.847649615	0.680857951	0.820714378	0.956245825	0.963961262	0.97874485	1.069631339
aligned_38075IM5-Spike-PL4_C04_01 20200803_000032.raw	0.589369735	0.734805495	0.620056784	1.094914409	0.912701381	0.918411938	0.028429461	0.028012395	0.022443559	0.066908392	0.102248495	0.358813138	0.976143749	0.937317208	1.033030549	1.077330071	1.126806542	0.214227462	0.046043378	0.629825984	0.856457419	0.515105343	0.939184785	1.009542026	0.932478953	1.27499274
aligned_38075IM5-Spike-PL4_C05_01 20200803_000033.raw	0.61272278	0.633575622	0.641624983	1.148077715	0.912701381	0.993891732	0.026736459	0.02572464	0.0267286	0.125053494	0.119672909	0.529334101	0.915632822	0.920696265	1.165597685	1.077330071	1.135608657	0.352893103	0.054419532	0.746567998	0.746841413	0.711933694	0.977190435	0.973009552	0.957978274	0.967728023
aligned_38075IM5-Spike-PL4_C06_01 20200803_000034.raw	0.46629252	0.596048175	0.685202398	1.148642418	0.912701381	0.954905919	0.022462749	0.023132814	0.043700932	0.222963353	0.247020856	0.829244255	0.915632822	0.928110437	1.239204588	1.077330071	1.180543341	0.414130489	0.08749372	0.941843764	0.769997283	0.756455764	0.936233628	0.963961262	0.981383156	0.967728023
aligned_38075IM5-Spike-PL4_C07_01 20200803_000035.raw	0.343552643	0.576273103	0.620609651	1.036733638	0.944703969	0.953382908	0.033316109	0.023743016	0.034212853	0.125215171	0.184072152	0.65866998	0.933337489	0.920696265	1.033030549	1.077330071	1.108467688	0.282539828	0.060819091	0.945966155	0.713700754	0.687867857	0.947037793	0.996361017	0.974637469	1.129952586
aligned_38075IM5-Spike-PL4_C08_01 20200803_000036.raw	0.417780822	0.540068839	0.607937153	1.114291855	0.913503639	0.918411938	0.035079585	0.023418489	0.024482791	0.140221445	0.15800514	0.648673611	0.946082019	0.939575168	1.125932238	1.077330071	1.171677207	0.265782752	0.054993581	0.797000007	0.818750392	0.835101555	0.923220957	0.970739318	0.968355442	1.102129098
aligned_38075IM5-Spike-PL4_C09_01 20200803_000037.raw	0.923717462	1.097857895	1.223200538	1.063185668	0.912701381	0.980510305	0.662244753	1.090019582	1.083793862	0.98904084	0.918573896	0.923048101	0.940261247	0.92476952	1.033030549	1.077330071	1.067721586	0.94829096	0.922345565	0.973877529	0.837916888	1.103267052	0.984919299	1.013539574	1.005141647	0.984642957
aligned_38075IM5-Spike-PL4_D01_01 20200803_000039.raw	0.181039024	0.675969006	0.674341799	1.034057378	0.912701381	0.975831453	0.036290185	0.026377002	0.019305926	0.04844516	0.076753816	0.321672943	0.973157237	0.960129542	1.144212912	1.077330071	1.073841781	0.168394648	0.038380164	0.526465324	0.786641436	0.568357368	0.963027495	0.971605968	0.969977427	0.967728023
aligned_38075IM5-Spike-PL4_D02_01 20200803_000040.raw	1.009758491	1.097857895	1.090163979	1.110104131	0.973182705	0.947013914	1.492966907	1.074027302	1.083793862	0.912850479	0.918573896	0.923048101	0.915632822	0.926369223	1.08610983	1.077330071	1.168544034	0.920864116	1.00230137	1.037497261	1.067098654	0.773047772	0.923220957	0.985224578	1.013444149	0.967728023
aligned_38075IM5-Spike-PL4_D03_01 20200803_000041.raw	0.029930225	0.167880402	0.431862822	0.786038429	0.912701381	0.918411938	0.033063433	0.024702671	0.031505922	0.132095119	0.178955999	0.721344179	0.91464116	0.86001694	1.033030549	1.077330071	1.21113879	0.316272775	0.066643872	0.966622548	0.747544768	0.784899165	0.923220957	1.036859931	0.966700019	0.967728023
aligned_38075IM5-Spike-PL4_D04_01 20200803_000042.raw	0.030575558	0.152046722	0.319444643	0.616012925	0.845246936	0.943761009	0.035838334	0.024451483	0.024740626	0.101192009	0.175094323	0.608269292	0.878296442	0.836033014	1.126929145	1.077330071	1.261033284	0.241110353	0.067746107	0.834104746	0.936948599	0.672077822	0.9960113	0.964590933	1.040637374	0.967728023
aligned_38075IM5-Spike-PL4_D05_01 20200803_000043.raw	0.034143581	0.145815293	0.300268561	0.714659976	0.8679521	0.934489205	0.028058714	0.023227054	0.022521213	0.110256214	0.176465809	0.688171684	0.908916036	0.835532541	1.033030549	1.077330071	1.107403092	0.255133514	0.065617492	0.973877529	0.892552455	0.945952103	1.021381842	1.028846677	0.948673432	0.967728023
aligned_38075IM5-Spike-PL4_D06_01 20200803_000044.raw	0.045659376	0.154403941	0.293548806	0.741982207	0.912701381	0.918411938	0.036054165	0.021156282	0.029393476	0.106966831	0.188239207	0.675302121	0.909182637	0.884503156	1.046582556	1.077330071	1.146912051	0.261467801	0.078109843	0.847341073	0.858433116	0.717471352	0.93856897	0.963961262	1.011522589	0.903451455
aligned_38075IM5-Spike-PL4_D07_01 20200803_000045.raw	0.032293569	0.15179353	0.314764805	0.661971799	0.912701381	0.918411938	0.028696628	0.022890015	0.030262778	0.117782555	0.172816887	0.719624451	0.86756781	0.884470183	1.069458824	1.077330071	1.131308086	0.263784405	0.095476128	0.971020074	0.911606716	1.137334164	0.937487235	1.007660859	0.947316158	0.967728023
aligned_38075IM5-Spike-PL4_D08_01 20200803_000046.raw	0.081521884	0.534704488	0.566028946	1.125477078	0.865311462	0.924599579	0.044244026	0.026867653	0.023888352	0.063020288	0.122076984	0.626614372	0.927174974	0.903977194	1.223209816	1.077330071	1.09765658	0.226306695	0.059711121	0.75553214	0.789518732	0.76756432	0.964910011	0.985806498	0.986328087	0.961903613
aligned_38075IM5-Spike-PL4_D09_01 20200803_000047.raw	0.030597039	0.391399222	0.455660291	1.063565157	0.906369912	0.918411938	0.04544751	0.029869193	0.024638353	0.06493478	0.171842423	0.704665401	0.915632822	0.885503918	1.134915539	1.077330071	1.098753026	0.158363115	0.049525927	0.672854072	0.747640402	0.523002598	0.943368739	1.042535462	1.002354745	1.194748795
aligned_38075IM5-Spike-PL4_D10_01 20200803_000048.raw	0.030084427	0.456905459	0.54982743	1.111410337	0.89563665	0.918411938	0.050681761	0.032914865	0.024844273	0.079895479	0.165609132	0.754622805	0.940602657	0.901292063	1.210164531	1.077330071	1.078105243	0.154061775	0.064998061	0.665150289	0.758205879	0.712958594	0.980555519	1.007522654	0.935698431	0.967728023
aligned_38075IM5-Spike-PL4_D11_01 20200803_000049.raw	0.030146787	0.452619675	0.519686296	1.000432942	0.912701381	0.929483579	0.050091033	0.030108264	0.023414048	0.06361969	0.145641846	0.618580197	0.915632822	0.920696265	1.095998252	1.077330071	1.156027953	0.140018515	0.054219277	0.772512227	0.888870355	0.448682234	0.975534554	0.963961262	0.924944702	0.967728023
aligned_38075IM5-Spike-PL4_D12_01 20200803_000050.raw	0.051687986	0.476005565	0.508192815	1.029044531	0.912701381	0.930451695	0.04706376	0.034225536	0.023216064	0.054622323	0.082508821	0.36726209	0.950228601	0.920696265	1.033030549	1.077330071	1.073665002	0.128238455	0.041082136	0.595189176	0.637162818	0.549996387	1.004024961	1.019119209	0.98013838	0.982061463
aligned_38075IM5-Spike-PL4_E01_01 20200803_000055.raw	0.581891889	0.3169432	0.598358187	1.039946709	0.939239812	0.984018551	0.026468627	0.03102568	0.022324263	0.223730838	0.09282863	0.256804719	0.915632822	0.781630893	1.109983843	1.077330071	1.08794845	0.203427565	0.019005258	0.563748113	0.626233374	0.493726938	0.949705166	0.980027508	1.072443408	1.002359869
aligned_38075IM5-Spike-PL4_E02_01 20200803_000056.raw	0.675683762	0.494391147	0.638067549	1.035428376	0.912701381	0.957995225	0.02647418	0.025664423	0.02351437	0.131092919	0.088342226	0.275570961	0.931465327	0.880589335	1.081716753	1.077330071	1.058459478	0.225212564	0.028547771	0.374891191	0.690844073	0.628846268	0.936141179	1.07677557	1.009037352	0.967728023
aligned_38075IM5-Spike-PL4_E03_01 20200803_000057.raw	0.958291315	1.209991557	1.260683861	1.11315809	0.98360232	0.918411938	1.190019615	0.632575826	1.083793862	0.912850479	0.918573896	0.923048101	0.915632822	0.920696265	1.102081551	1.08720556	1.063088485	1.002555763	0.81202174	0.973877529	0.890011173	0.753418148	0.986207891	1.026753819	0.966282826	1.072468094
aligned_38075IM5-Spike-PL4_E04_01 20200803_000058.raw	1.04543304	1.210621081	1.109647923	1.080498199	0.928488599	0.918411938	1.547374117	0.97406879	1.083793862	0.96970052	0.954739396	0.964309597	0.915632822	0.920696265	1.033030549	1.077330071	1.10677049	0.948824165	0.808915509	0.973877529	0.775043833	0.926939224	0.943457876	0.963961262	0.924944702	0.967728023
aligned_38075IM5-Spike-PL4_E05_01 20200803_000059.raw	0.944494252	1.256942639	1.090163979	1.091270456	0.924695173	0.918411938	1.370858214	0.757922552	1.083793862	0.956333759	0.92082046	0.923048101	0.970708074	1.000269449	1.075117288	1.077330071	1.216368548	0.970652068	0.84964553	0.965466832	1.073313108	0.846609169	0.964218183	0.962458234	1.027301369	0.967728023
aligned_38075IM5-Spike-PL4_E06_01 20200803_000060.raw	0.897367883	1.097857895	1.090163979	1.043149668	0.912701381	0.957230293	1.368210541	0.880578173	1.083793862	1.007546821	0.918573896	0.953514725	0.941929438	0.920696265	1.167956153	1.077330071	1.122509264	0.933890208	0.960248219	0.924996112	1.14609547	0.962802934	1.000072612	1.030406211	0.934501606	1.037570794
aligned_38075IM5-Spike-PL4_E07_01 20200803_000061.raw	0.025277551	0.503981145	0.549243884	1.022178134	0.912701381	0.918411938	0.036812311	0.027905202	0.02182234	0.058837067	0.089293452	0.390698707	0.995821112	0.895814297	1.033030549	1.077330071	1.119366245	0.156934139	0.03978055	0.794575214	0.713323863	0.737849046	0.923220957	1.01701262	0.933106404	1.063650829
aligned_38075IM5-Spike-PL4_E08_01 20200803_000062.raw	0.146961949	0.559656498	0.549720706	0.991155352	0.912701381	0.922669436	0.036713672	0.022127259	0.023045669	0.075680081	0.089560642	0.384222403	0.991449025	0.932217101	1.098614908	1.0997152	1.122234925	0.180759743	0.040379709	0.678986053	0.637293564	0.637453392	0.923220957	0.963961262	0.933160532	1.09294935
aligned_38075IM5-Spike-PL4_E09_01 20200803_000063.raw	0.009868572	0.467141547	0.481504127	0.781985685	0.780002975	0.918411938	0.043573331	0.029589179	0.021447119	0.049233194	0.083634736	0.259901311	0.958813082	0.858189809	1.311544693	1.077330071	1.080269446	0.094176807	0.03863927	0.510681056	0.637860334	0.753171826	0.954014326	0.992199202	0.958111249	1.130467874
aligned_38075IM5-Spike-PL4_F01_01 20200803_000065.raw	0.01747946	0.075910726	0.194839098	0.647782471	0.882904781	0.919892421	0.024388076	0.027235085	0.033772503	0.1385701	0.145306826	0.784683389	0.793454301	0.616575081	1.179905379	1.077330071	1.09023111	0.183944427	0.033673881	0.853762587	0.690817455	0.867949653	1.000419963	1.084523405	0.958953227	0.967728023
aligned_38075IM5-Spike-PL4_F02_01 20200803_000066.raw	0.018328763	0.096641504	0.210081349	0.636149051	0.809873082	0.918411938	0.031913387	0.025915323	0.024784573	0.112659026	0.167314599	0.740535494	0.844937296	0.635305238	1.033030549	1.077330071	1.098918413	0.178944045	0.034986394	0.655817684	0.795694593	0.871244789	0.951492392	1.04406776	0.966604422	1.014000901
aligned_38075IM5-Spike-PL4_F03_01 20200803_000067.raw	0.920271579	0.827536106	1.158769466	1.006666867	0.925819491	1.039942191	1.376289538	0.379668248	1.083793862	0.924421697	0.932541437	0.944829719	0.915632822	0.951548611	1.033030549	1.077330071	1.059744315	0.952033256	0.848466026	1.058020755	0.822828027	0.742019441	0.941498269	0.987560389	0.924944702	1.080689315
aligned_38075IM5-Spike-PL4_F05_01 20200803_000069.raw	0.014749546	0.026686914	0.1017342	0.817128376	0.536071675	0.918411938	0.044556483	0.0157552	0.01880131	0.355390348	0.17077129	0.347672901	0.452700421	0.193402367	1.09248864	1.135680408	0.986426706	0.215981377	0.040480508	0.571261614	0.863807989	0.899244808	0.923220957	0.729702486	1.160722444	1.301398478
aligned_38075IM5-Spike-PL4_F06_01 20200803_000070.raw	0.009662626	0.029664381	0.085398672	0.376088395	0.399689567	0.820196932	0.040200453	0.016221736	0.016846935	0.176504103	0.116843028	0.308946723	0.417188649	0.173962765	1.033030549	1.077330071	1.130692416	0.130918836	0.02855874	0.40031502	0.618317608	0.601948625	0.923220957	0.923114396	0.924944702	1.011187868
aligned_38075IM5-Spike-PL4_F07_01 20200803_000071.raw	0.029011314	0.02485347	0.132431519	0.965766508	0.722820078	1.055734226	0.018634861	0.023979998	0.01802651	0.317355977	0.147489695	0.374669745	0.578466205	0.185874488	0.96562925	1.077330071	1.078720063	0.124061007	0.022923882	0.24615865	0.923085999	0.862553667	0.923220957	0.949294407	1.161694791	0.917504781
aligned_38075IM5-Spike-PL4_F08_01 20200803_000072.raw	0.05601249	0.491096742	0.526571495	1.035278004	0.812515685	0.938424051	0.042038364	0.029295432	0.015155378	0.039335181	0.086198736	0.288202357	0.933992659	0.764733272	1.246241023	1.124726875	1.09851813	0.080905006	0.020347784	0.303699161	0.64242617	0.793781455	0.923220957	0.947122044	0.924944702	0.970070642
aligned_38075IM5-Spike-PL4_F09_01 20200803_000073.raw	0.705195143	0.164135352	0.148395672	1.030904056	0.929098335	1.254482988	0.908271986	0.134625153	0.080301857	0.758957127	0.614815005	0.951676219	1.110131501	0.740932311	1.532026618	1.140412008	1.146412762	0.730157543	0.721605441	0.945152637	1.043165511	1.060927182	0.996820445	0.979199276	1.331489263	1.189377081
aligned_38075IM5-Spike-PL4_F10_01 20200803_000074.raw	0.018075638	0.359742251	0.462988631	0.500434612	0.819058794	0.920001584	0.052778988	0.034166721	0.035807485	0.054606881	0.15174437	0.701232841	0.984672	0.918870471	1.056044736	1.077330071	1.105703651	0.175046003	0.062118405	0.728908333	0.814309506	0.744130843	0.997098324	0.994185221	0.970601692	1.001303191
aligned_38075IM5-Spike-PL4_F11_01 20200803_000075.raw	0.144024454	0.228763383	0.501216817	1.043757073	0.98648486	1.178182658	0.032576588	0.022522685	0.017677641	0.209004553	0.07946165	0.306342511	0.968459606	0.801424798	1.480124417	1.077330071	0.930233774	0.099680693	0.032236393	0.319298202	0.917114215	0.723859941	1.037196375	0.856404185	1.112617103	1.331039516
aligned_38075IM5-Spike-PL4_F12_01 20200803_000076.raw	0.095316174	0.538446325	0.534521688	1.023989676	0.610024713	0.613094379	0.034861585	0.025994191	0.01987476	0.029692037	0.038169388	0.073854143	1.051307814	0.687158361	0.893250491	1.077330071	1.066418882	0.030882702	0.013866901	0.195146834	0.408293746	0.454263887	0.923220957	0.876191156	0.924944702	1.059166942
aligned_38075IM5-Spike-PL4_G01_01 20200803_000078.raw	0.007634331	0.083427451	0.208893249	0.269470803	0.262235389	0.678436624	0.033058885	0.023314631	0.018949909	0.059228095	0.043456812	0.124868566	0.628503319	0.281087913	0.884279448	1.077330071	0.784434499	0.0402456	0.025302922	0.251593438	0.758356889	0.496469271	0.986136156	0.925685899	1.146821386	0.759669214
aligned_38075IM5-Spike-PL4_G02_01 20200803_000079.raw	0.005284454	0.090548692	0.216880383	0.265039477	0.238590011	0.817481498	0.036354018	0.023266267	0.023648687	0.046062108	0.047986619	0.11506105	0.682897122	0.34796371	0.860312401	1.077330071	0.753652044	0.022065916	0.021385881	0.191625163	0.539401578	0.56160544	0.923220957	0.873242377	1.082658947	1.380863161
aligned_38075IM5-Spike-PL4_G03_01 20200803_000080.raw	0.157430173	0.133150151	0.242166766	0.982223954	1.053680703	0.918411938	0.075035391	0.010108426	0.022852412	0.275784536	0.182257328	0.470235777	0.989033571	0.882227047	1.082795955	1.077330071	0.727741045	0.157338817	0.073223253	0.36136853	0.686198976	0.969877856	1.020223955	0.688112991	0.995988808	1.259617783
aligned_38075IM5-Spike-PL4_G04_01 20200803_000081.raw	0.067338469	0.426941677	0.5250562	0.286479373	0.49375087	0.633774028	0.031683401	0.019166207	0.015350036	0.030922138	0.040501378	0.124056138	0.952407291	0.693280682	0.887857038	1.224544838	0.617632856	0.043231526	0.02465766	0.42398929	0.629020887	0.629498656	0.923220957	0.913151953	1.44202019	1.180216815
aligned_38075IM5-Spike-PL4_G05_01 20200803_000082.raw	0.054491607	0.755020168	0.658582584	0.223355597	0.743214413	0.714887406	0.050511649	0.02444154	0.009111945	0.022341537	0.023978251	0.080484071	1.045571128	0.791418677	1.432303373	1.077330071	1.016391562	0.023341145	0.02872182	0.259008285	0.2613142	0.494632673	0.923220957	0.740959665	0.79318161	1.098149807
aligned_38075IM5-Spike-PL4_G06_01 20200803_000083.raw	0.034012223	0.624142548	0.597705802	0.707759783	0.782711998	0.760377291	0.037571718	0.017325011	0.019446358	0.032987545	0.044361749	0.148081484	1.00569744	0.88806617	0.36140632	1.077330071	0.960483318	0.033800094	0.040283333	0.354041558	0.966994953	0.721461693	1.02077625	1.015131913	1.240915682	0.944219997
aligned_38075IM5-Spike-PL4_G07_01 20200803_000084.raw	0.57303706	0.6944944	0.626867881	1.129567774	0.716863131	0.749332543	0.030543025	0.018626705	0.016761447	0.017761415	0.036947036	0.095130675	0.954149083	0.897962783	0.588619359	1.122117179	0.762153018	0.118266653	0.043552437	0.762506208	0.846016481	0.618904898	0.929564193	0.965507701	1.191203939	1.455039132
aligned_38075IM5-Spike-PL4_G08_01 20200803_000085.raw	0.027390039	0.124931944	0.249236357	0.54630655	0.314811049	0.570368185	0.045133435	0.018158024	0.012479966	0.041252563	0.027294781	0.083648175	0.67785734	0.322304189	0.927410494	1.163670112	1.003742595	0.047820357	0.025571744	0.203845371	0.475676487	0.409596574	0.989266791	0.878232502	0.993066315	1.030165165
aligned_38075IM5-Spike-PL4_G09_01 20200803_000086.raw	0.034722168	0.20013016	0.333093233	0.217669752	0.328133795	0.6707703	0.031147382	0.024422126	0.017646795	0.029324883	0.027000285	0.080860107	0.659432942	0.275021672	1.090335699	1.204523237	0.991373541	0.034589437	0.027826019	0.282785872	0.588383407	0.445349855	0.923220957	0.808388474	1.027316249	1.002884347
aligned_38075IM5-Spike-PL4_G10_01 20200803_000087.raw	0.082760433	0.472520844	0.603294601	0.928941391	0.783317337	0.749359319	0.043216535	0.02713321	0.014316003	0.040962156	0.059849959	0.128156019	0.881941651	0.626254785	1.321811807	1.077330071	0.950284738	0.017040415	0.015025325	0.204448916	0.646450617	0.671213188	0.999276496	0.866761417	0.919085013	1.024324316
aligned_38075IM5-Spike-PL4_G11_01 20200803_000088.raw	0.013611523	0.105450872	0.242054367	0.663120343	0.799122303	0.944566709	0.044143793	0.031096632	0.027105404	0.157955785	0.132509088	0.564547693	0.914037766	0.71605858	1.033030549	1.077330071	1.036835834	0.187109047	0.047250056	0.752246357	0.701382148	0.71378546	0.966008748	1.031615433	0.959704782	1.03568718
aligned_38075IM5-Spike-PL4_G12_01 20200803_000089.raw	0.011150302	0.083307741	0.187391867	0.24456823	0.265908916	0.587452283	0.0346766	0.021228013	0.020346848	0.06833355	0.053971117	0.112162643	0.663543505	0.266343064	1.189440809	1.165724343	0.856209186	0.029539783	0.031723347	0.278756152	0.678442365	0.47235964	0.952029828	0.747105421	0.91957437	1.288783492
aligned_38075IM5-Spike-PL4_H02_01 20200803_000092.raw	1.282320043	1.097857895	1.090163979	1.116838089	0.974267113	0.918411938	0.205732278	0.51387747	1.064424173	0.886801118	0.948514018	0.926026479	0.980041578	0.945419754	1.033030549	1.077330071	1.094299264	0.940946318	0.905099001	0.973877529	0.899235885	0.791037975	0.969094903	1.029478386	1.015751711	0.986193344
aligned_38075IM5-Spike-PL4_H03_01 20200803_000093.raw	0.034921344	0.337331716	0.535354685	0.995666249	0.93937529	0.922820536	0.046088314	0.038934699	0.024476704	0.120726026	0.183348817	0.538754141	1.036859301	0.802061885	1.033030549	1.077330071	1.036835834	0.124259563	0.020245171	0.434805402	0.726765949	0.754273714	0.970426353	1.066735088	1.003980714	1.03158916
aligned_38075IM5-Spike-PL4_H05_01 20200803_000095.raw	0.931366802	1.097857895	1.090163979	0.996125431	0.964943975	1.002180372	0.901064531	0.940406683	1.083793862	1.010452497	0.918573896	0.923048101	0.929004496	0.933515286	1.137132159	1.120979002	0.972546185	0.959293799	1.016580807	0.974928609	0.995347294	0.972551921	0.977438978	1.163670716	0.934225166	1.199720271
aligned_38075IM5-Spike-PL4_H06_01 20200803_000096.raw	1.017656664	1.189797535	1.245165807	1.224730278	0.913724541	0.978050666	0.781408645	0.785478299	1.083793862	0.912850479	0.918573896	0.923048101	0.987290658	0.920696265	1.200304763	1.077330071	1.305979592	0.95049376	0.872635435	0.973877529	0.888727264	0.900729313	1.015022932	1.026746342	0.924944702	0.967728023
aligned_38075IM5-Spike-PL4_H07_01 20200803_000097.raw	1.109157229	1.17415334	1.099658803	1.031520984	0.940593262	0.939019971	1.531842418	1.084473683	1.083793862	0.917889808	0.918573896	0.923048101	0.970546091	0.920696265	1.134382047	1.077720289	1.145140281	0.929126597	0.932494237	0.973877529	0.808369133	0.83551297	0.988642596	0.963961262	0.984904624	1.142709331
aligned_38075IM5-Spike-PL4_H08_01 20200803_000098.raw	0.935777392	1.097857895	1.145183317	1.063689861	0.986012734	0.918411938	1.335604469	0.887124224	1.083793862	1.003514163	0.918573896	0.923048101	0.915632822	0.920696265	1.089157577	1.077330071	1.15305684	0.939612398	0.871360608	0.973877529	0.889545321	1.05848853	1.003141568	0.963961262	0.924944702	1.296897565
aligned_38075IM5-Spike-PL4_H09_01 20200803_000099.raw	0.075879765	0.695903048	0.764416812	0.994896277	0.912701381	0.920615761	0.043027697	0.027376477	0.041702236	0.14203529	0.276962885	0.986296656	0.984952842	0.942267915	1.106749509	1.077330071	1.166976348	0.131270327	0.068620133	0.973877529	0.801796376	0.830530203	0.924251224	0.999266407	0.924944702	1.204474806
aligned_38075IM5-Spike-PL4_H10_01 20200803_000100.raw	0.013628492	0.08383039	0.243118144	0.223690806	0.418595043	0.884377257	0.033134811	0.031331644	0.020322332	0.059755441	0.080156178	0.273246467	0.528753707	0.292073235	1.033030549	1.077330071	1.116516511	0.041249261	0.016502021	0.42805575	0.514845977	0.535652869	0.939814538	0.974945627	1.079950088	1.014545799
aligned_38075IM5-Total-PL4_A01_02 20200805_000111.raw	0.024282378	0.814435254	0.797330955	0.692739186	0.800488881	0.668387088	0.072723924	0.043734429	0.024573155	0.03587166	0.058391329	0.196574944	0.825383448	0.653055078	0.949159419	1.077330071	1.040779278	0.016479123	0.012125481	0.147485767	0.209284977	0.393207159	0.923220957	0.72653863	0.924944702	0.751365714
aligned_38075IM5-Total-PL4_A02_01 20200805_000112.raw	0.018159404	0.804115983	0.78682579	0.898058468	0.910353943	0.770871719	0.077437042	0.047476417	0.020408496	0.037870435	0.053911707	0.117682792	0.808339676	0.638128484	0.744464301	1.077000736	0.974854765	0.013450236	0.014034922	0.1565715	0.239356349	0.436050221	1.015210858	0.846283997	0.924944702	0.628193039
aligned_38075IM5-Total-PL4_A03_01 20200805_000113.raw	0.033326997	0.798263028	0.776556052	0.707355223	0.796484162	0.785381202	0.074779828	0.045540247	0.014858624	0.033576175	0.046383287	0.137637449	0.868510441	0.657924589	1.091932459	1.07994893	0.92622415	0.016051332	0.01940867	0.121757453	0.168693818	0.3595067	0.923220957	0.848316947	0.924944702	0.768180213
aligned_38075IM5-Total-PL4_A04_01 20200805_000114.raw	0.014751087	0.475688938	0.626396608	0.210869322	0.627068967	0.708481464	0.056116601	0.03970749	0.022299389	0.030006943	0.040266186	0.098193583	0.722824114	0.518726439	0.72321375	1.077330071	0.808514953	0.015105246	0.018777325	0.205894225	0.12259095	0.271648495	0.923220957	0.632448279	0.937924858	0.433051935
aligned_38075IM5-Total-PL4_A05_01 20200805_000115.raw	0.018272041	0.44167068	0.596180322	0.164234985	0.589769794	0.850597916	0.053647162	0.035152718	0.018807121	0.027312521	0.040779291	0.080517523	0.756045026	0.440361515	0.60813762	0.935530897	0.973701737	0.031146655	0.011854943	0.169779311	0.142140211	0.276069992	0.795294767	0.823607443	1.012566404	0.442104739
aligned_38075IM5-Total-PL4_A06_01 20200805_000116.raw	0.024444464	0.193007182	0.261620114	0.100596784	0.336786276	0.619520278	0.029870505	0.032198189	0.019285242	0.020932756	0.025449648	0.065877089	0.664109898	0.247151994	0.695598143	0.905869103	0.801480505	0.027259407	0.021365121	0.161549134	0.142126712	0.229615387	0.766913461	0.86350139	0.980135922	0.43507605
aligned_38075IM5-Total-PL4_A07_01 20200805_000117.raw	0.051500337	0.803640454	0.746347857	0.134989334	0.800406583	0.73094688	0.051586809	0.028799198	0.018691017	0.030905832	0.043642228	0.103279114	1.078227522	0.85679644	0.994916586	1.077330071	1.141017597	0.025001466	0.01808194	0.308468785	0.231633545	0.526869239	0.923220957	1.117798223	0.924944702	0.994327682
aligned_38075IM5-Total-PL4_A08_01 20200805_000118.raw	0.026017895	0.358705525	0.39999761	0.616426668	0.89896758	0.792816064	0.068946208	0.056038816	0.030286327	0.020497147	0.056222054	0.130895591	0.693131138	0.274347939	0.468871575	1.077330071	0.980481741	0.016284588	0.009235104	0.100214786	0.279344466	0.342348326	0.923610764	0.902289174	1.0155811	0.300453038
aligned_38075IM5-Total-PL4_A09_01 20200805_000119.raw	0.014536711	0.387695884	0.386066753	0.445527147	0.611533829	0.774854713	0.062043812	0.046548471	0.025604075	0.026309595	0.04675241	0.122037557	0.66606234	0.23304697	0.593718874	1.03382532	1.016497363	0.018760772	0.014127243	0.228937133	0.245802769	0.227136723	0.893248767	0.910619449	0.826435347	0.624612964
aligned_38075IM5-Total-PL4_A10_01 20200805_000120.raw	0.024518515	0.361278887	0.364376054	0.459806943	0.693821861	0.788162021	0.067047603	0.050682435	0.027607463	0.033874465	0.051313551	0.092158399	0.699310778	0.246422302	0.610227611	1.06486183	1.023795406	0.01421683	0.015729467	0.07321685	0.236916669	0.358591795	0.986518696	1.049102469	0.924944702	0.444636284
aligned_38075IM5-Total-PL4_B01_01 20200805_000122.raw	0.021449873	0.497116026	0.560765517	0.336851101	0.617425651	0.700022819	0.067288121	0.046800841	0.020553248	0.028599722	0.049414401	0.148714584	0.873008179	0.532673383	1.104111158	1.077330071	0.969656181	0.025780897	0.011519945	0.178933953	0.325763257	0.487045417	0.923220957	0.854161472	0.924944702	0.836245615
aligned_38075IM5-Total-PL4_B02_01 20200805_000123.raw	0.018687112	0.477425653	0.522141266	0.297315284	0.639493732	0.726754899	0.069305956	0.043725954	0.019439554	0.029616189	0.050158093	0.102838404	0.883621207	0.600173404	0.903048391	1.075001261	1.066383738	0.01454821	0.009807332	0.335677049	0.325126141	0.455975082	0.921017973	0.934979479	0.994271624	0.619835983
aligned_38075IM5-Total-PL4_B03_01 20200805_000124.raw	0.013868497	0.377118715	0.405919139	0.178765425	0.469617279	0.723298762	0.063017956	0.038278873	0.024579167	0.031147489	0.038108543	0.091780139	0.885739466	0.556513384	1.101788979	1.077330071	1.033547235	0.02417961	0.019194337	0.264211327	0.385805975	0.488333987	0.94519606	0.961036913	0.924944702	0.79516411
aligned_38075IM5-Total-PL4_B04_01 20200805_000125.raw	0.014756681	0.346741992	0.365017154	0.185272894	0.407818296	0.685351003	0.059943322	0.034111593	0.01703082	0.028625321	0.040720042	0.139889635	0.911081469	0.453693846	0.93823678	1.077330071	1.089507091	0.027516674	0.024748097	0.35675924	0.393057981	0.450886601	0.923220957	1.000331085	0.924944702	0.73056098
aligned_38075IM5-Total-PL4_B05_01 20200805_000126.raw	0.017280275	0.383047762	0.376689484	0.142662907	0.54351814	0.755340589	0.05688252	0.038568309	0.019131787	0.02803702	0.037028274	0.126382525	0.884775095	0.46516107	1.062548183	1.077330071	0.957337233	0.02832046	0.043860568	0.398434397	0.222860326	0.576130906	0.979057359	0.875795898	0.953803903	1.029210374
aligned_38075IM5-Total-PL4_B06_01 20200805_000127.raw	0.013471834	0.406339635	0.39061881	0.181242195	0.585470863	0.797332663	0.063695612	0.041485917	0.023182331	0.029128169	0.041884795	0.105933002	0.65233405	0.255548622	0.370486405	1.026213135	0.983427473	0.018282947	0.007737871	0.09897933	0.238362998	0.258946009	0.881583622	0.699277401	0.913731011	0.460304115
aligned_38075IM5-Total-PL4_B07_01 20200805_000128.raw	0.015859059	0.394494927	0.379034357	0.290334914	0.556939819	0.612612458	0.064134483	0.044098272	0.022419622	0.029124637	0.051321749	0.105631506	0.759458109	0.315868745	0.413863112	1.036764997	0.878318538	0.019725883	0.011155935	0.108283529	0.291232263	0.384527753	0.889929258	0.835403032	1.00834248	0.373929029
aligned_38075IM5-Total-PL4_B08_01 20200805_000129.raw	0.013171512	0.334272998	0.338821045	0.116350169	0.499851831	0.598244229	0.059348636	0.036107781	0.01733589	0.025301726	0.042424689	0.119661059	0.805701171	0.377530845	0.84560913	0.975411494	1.121705878	0.016828337	0.025787129	0.257626256	0.271215509	0.191046086	0.869385006	0.919080988	0.833051622	0.466463254
aligned_38075IM5-Total-PL4_B09_01 20200805_000130.raw	0.014188969	0.358364273	0.359923554	0.119663283	0.498769609	0.686074526	0.064669773	0.040494119	0.020483222	0.023255539	0.040530623	0.088084034	0.793488008	0.355755208	0.687637416	1.016058495	1.008740804	0.035480935	0.013357902	0.186632418	0.291122927	0.358734958	0.907726153	0.87735247	0.924944702	0.492507014
aligned_38075IM5-Total-PL4_B10_01 20200805_000131.raw	0.911703176	1.138800321	0.907770002	1.007036608	0.927623103	1.28141693	0.040032673	0.172048327	0.288032377	0.607067704	0.613820374	0.850122661	0.992842075	0.920696265	1.344032566	0.806716036	0.790618299	0.827424826	0.482317562	1.509490891	1.0882552	0.971494638	0.743575582	0.866422204	1.53895328	1.152117618
aligned_38075IM5-Total-PL4_C01_01 20200805_000133.raw	0.060027285	0.730268454	0.64326285	0.502276615	0.785027527	0.782123936	0.04677161	0.034284905	0.018159876	0.025015034	0.038590959	0.060714926	0.954451627	0.500376615	1.134237136	1.077330071	1.047762785	0.015784567	0.013418458	0.242225165	0.302805123	0.220592736	0.923220957	1.083737816	1.065223511	0.952942035
aligned_38075IM5-Total-PL4_C02_01 20200805_000134.raw	0.068532438	0.671946696	0.571048089	0.599578933	0.712430645	0.732373743	0.05198709	0.037010669	0.022398717	0.032731991	0.037246587	0.076098413	0.790172585	0.474524446	0.616431881	1.12674067	1.158947564	0.019462597	0.01873081	0.229816409	0.269099444	0.197476528	0.923220957	0.961457572	1.44202019	0.676477677
aligned_38075IM5-Total-PL4_C03_01 20200805_000135.raw	0.036064145	0.701233073	0.640696123	0.475968639	0.811737445	0.757492053	0.061388523	0.042663134	0.023183919	0.021901002	0.032347221	0.050224661	0.920019843	0.555185985	0.752966882	1.077330071	1.036835834	0.013416636	0.013326603	0.143768619	0.138581777	0.118835494	0.923220957	0.954109263	0.924944702	0.432150585
aligned_38075IM5-Total-PL4_C04_01 20200805_000136.raw	0.079426193	0.669811613	0.643567242	0.572622129	0.812697118	0.748925835	0.063139843	0.046491115	0.026338419	0.023153663	0.033922238	0.063081028	0.883415334	0.507411346	0.464322817	1.067016901	1.028816777	0.01206909	0.021221504	0.204193734	0.164112841	0.216135067	0.923220957	0.899724163	1.109193951	0.356692801
aligned_38075IM5-Total-PL4_C05_01 20200805_000137.raw	0.032861964	0.735466174	0.646997062	0.470451699	0.810056354	0.837955164	0.059811298	0.042845609	0.022063783	0.024866622	0.02935256	0.05839923	0.892322984	0.501012938	0.585856554	1.053880508	1.147239135	0.01129337	0.021903594	0.20349718	0.130960192	0.282886734	0.904677489	0.963961262	1.207826122	0.537187509
aligned_38075IM5-Total-PL4_C06_01 20200805_000138.raw	0.015148077	0.221330521	0.240616872	0.093978329	0.341805722	0.607666395	0.048834393	0.033619016	0.019565986	0.029113844	0.052705633	0.102440136	0.818688885	0.333654007	0.936127468	1.077330071	1.05921326	0.019864938	0.016630374	0.125153475	0.310016368	0.431425674	0.923220957	0.99055437	0.924944702	0.609680659
aligned_38075IM5-Total-PL4_C07_01 20200805_000139.raw	0.015688886	0.251760066	0.274483242	0.140777536	0.455403591	0.76193775	0.049065602	0.03255554	0.017510252	0.030084749	0.062009056	0.080932177	0.894291844	0.30927685	0.687080298	1.077330071	1.036260989	0.014196464	0.016036748	0.26868343	0.326215822	0.520695372	0.984914519	1.038729085	0.924944702	0.684391834
aligned_38075IM5-Total-PL4_C08_01 20200805_000140.raw	0.015059188	0.196614147	0.227322664	0.134280397	0.353946955	0.693457112	0.056243685	0.039818735	0.021048375	0.031841033	0.045343398	0.091958851	0.741299221	0.211033042	0.811121489	1.077330071	1.006179276	0.021518714	0.015541996	0.251239485	0.264187914	0.240589768	0.989335601	0.95623016	0.924944702	0.659154256
aligned_38075IM5-Total-PL4_C09_01 20200805_000141.raw	0.837163254	1.234329648	0.895519351	1.305705142	0.988141887	1.337442257	0.034235937	0.110908472	0.251623162	0.526574832	0.643866206	0.922374597	1.150778365	0.994684095	0.555459069	1.077330071	1.002019587	0.760496998	0.33113552	1.00434554	0.996061031	1.287494884	0.923612153	0.963961262	0.996741799	0.827960893
aligned_38075IM5-Total-PL4_D01_01 20200805_000143.raw	0.011572619	0.627095239	0.691317583	0.218778621	0.770651268	0.837128743	0.054846255	0.035876606	0.017692562	0.022638384	0.035097446	0.073667666	0.87559316	0.682055161	0.908206428	1.023892069	1.08785936	0.011470838	0.012506568	0.259857417	0.343170814	0.228852241	0.889461153	0.928119717	0.972813907	0.584494492
aligned_38075IM5-Total-PL4_D02_01 20200805_000144.raw	0.024078744	0.232860446	0.288362938	0.089152023	0.350455177	0.642543584	0.026263227	0.028097867	0.016347184	0.022608921	0.02542301	0.055332176	0.639236105	0.326191996	0.504141728	0.852843774	0.796128747	0.019180872	0.013444377	0.2484488	0.274610648	0.177251926	0.641044642	0.648623338	0.984828498	0.353518107
aligned_38075IM5-Total-PL4_D03_01 20200805_000145.raw	0.015051092	0.162970431	0.21598731	0.083772218	0.338160007	0.668906652	0.048716092	0.037076075	0.022418496	0.025343485	0.035932079	0.087167422	0.560351249	0.204275459	0.612882219	0.931278759	0.984737825	0.029200824	0.015467936	0.17949764	0.140930729	0.272251256	0.849439764	0.626152528	0.924944702	0.662533973
aligned_38075IM5-Total-PL4_D04_01 20200805_000146.raw	0.017121888	0.146322215	0.161378886	0.062637335	0.302610043	0.678053936	0.046248822	0.036004165	0.021571866	0.02089081	0.038801867	0.074831455	0.475323767	0.149778656	0.588807209	1.092137613	0.957041646	0.011719783	0.025467433	0.168691127	0.242595118	0.310898709	0.90080651	0.695029473	1.083577831	0.456102352
aligned_38075IM5-Total-PL4_D05_01 20200805_000147.raw	0.008883019	0.099610928	0.120696313	0.065641527	0.254359078	0.528119866	0.046287607	0.036296075	0.016305224	0.01854899	0.034435972	0.070926547	0.42969087	0.094341637	0.626740334	1.007266757	0.902217739	0.014221381	0.01221694	0.257523829	0.176804905	0.261324874	0.897545767	0.817547902	1.156965525	0.326037953
aligned_38075IM5-Total-PL4_D06_01 20200805_000148.raw	0.009384923	0.135019336	0.14880349	0.047752853	0.306772057	0.599702644	0.044622667	0.034535151	0.017913433	0.022887375	0.029426791	0.074792649	0.559078653	0.135374935	0.701445361	0.941511256	0.960888453	0.027970777	0.013065245	0.184802769	0.243654528	0.322415647	0.863665303	0.880050516	0.924944702	0.499777862
aligned_38075IM5-Total-PL4_D07_01 20200805_000149.raw	0.012390607	0.125689426	0.138599672	0.050019226	0.235197278	0.573595848	0.037220743	0.028368539	0.027394824	0.022138147	0.038100944	0.07229165	0.50908107	0.126954105	0.604875481	0.931599406	1.005093514	0.013589371	0.022058776	0.273843368	0.24786985	0.265719638	0.850163853	0.778331004	0.924944702	0.726461615
aligned_38075IM5-Total-PL4_D08_01 20200805_000150.raw	0.012879486	0.225160873	0.300552774	0.092433683	0.355766261	0.663010481	0.049464506	0.038839041	0.018781631	0.018398703	0.030767326	0.058638215	0.755343284	0.305728362	0.475351846	1.002472659	1.036047726	0.013818079	0.009606119	0.138177823	0.198904286	0.257011541	0.876952414	0.928302867	0.924944702	0.412256699
aligned_38075IM5-Total-PL4_D09_01 20200805_000151.raw	0.008241279	0.48556713	0.631710704	0.309510454	0.668984954	0.85129643	0.062439732	0.041741822	0.021250584	0.034361571	0.053632335	0.144844384	0.769893779	0.501953256	0.953557633	1.077330071	0.975330092	0.01056769	0.014110423	0.163963896	0.315865846	0.349010474	0.945766703	0.890212707	0.924944702	0.714491585
aligned_38075IM5-Total-PL4_D10_01 20200805_000152.raw	0.018832835	0.458851555	0.605164212	0.335687777	0.662481372	0.74960601	0.059562844	0.04326067	0.019758437	0.036139564	0.057047942	0.138713504	0.826699829	0.520939898	0.857194451	1.077330071	0.947973958	0.012979398	0.016414994	0.227868274	0.288009011	0.226156821	0.923220957	0.974400902	0.924944702	0.599741919
aligned_38075IM5-Total-PL4_D11_01 20200805_000153.raw	0.012496462	0.544905431	0.660041158	0.386095909	0.681851784	0.749196044	0.06678718	0.045515733	0.027352718	0.035339435	0.055326893	0.121489158	0.705973965	0.541110452	1.138968969	1.028416128	0.913087629	0.00610639	0.018576973	0.161439223	0.210904825	0.314031942	0.956890669	0.752085824	0.924944702	0.873672599
aligned_38075IM5-Total-PL4_D12_01 20200805_000154.raw	0.022933945	0.496290135	0.613978782	0.25044906	0.573801816	0.818452975	0.056726837	0.040334945	0.017678135	0.026586268	0.042732359	0.10456465	0.833087974	0.597242852	0.936741724	1.077330071	0.906401603	0.003851726	0.021367158	0.177823688	0.162585026	0.253277642	0.923220957	0.769499802	0.924944702	0.707597389
aligned_38075IM5-Total-PL4_E01_01 20200805_000159.raw	0.163718736	0.527205297	0.543092815	0.359005075	0.776925288	0.832534833	0.043394982	0.042117045	0.03018444	0.019428046	0.041416245	0.084205484	0.702840188	0.329986017	0.567307996	1.017772088	0.79294816	0.013715704	0.010038851	0.070610779	0.226932318	0.255813433	0.903708306	0.694943354	1.089086939	0.215776608
aligned_38075IM5-Total-PL4_E02_01 20200805_000160.raw	0.108456598	0.623436051	0.595268248	0.277937433	0.700443589	0.740153144	0.028567733	0.0291094	0.020717409	0.021194883	0.037636403	0.084756597	0.644965419	0.323141586	0.607156472	1.091224806	0.857121837	0.023873626	0.009774529	0.121308112	0.209969405	0.267851762	0.990436466	0.778717009	1.032570649	0.300674906
aligned_38075IM5-Total-PL4_E03_01 20200805_000161.raw	0.015842457	0.424900043	0.511948232	0.09533653	0.512865364	0.752808742	0.055401432	0.035896934	0.011466421	0.023165718	0.03542705	0.062243468	0.795557084	0.451552985	0.742787575	1.013821542	1.009420271	0.020020929	0.009523958	0.178932095	0.214194994	0.206159602	0.868742288	0.957930162	1.030697008	0.567758533
aligned_38075IM5-Total-PL4_E04_01 20200805_000162.raw	0.015382083	0.40787637	0.491683435	0.096650428	0.474413673	0.735193917	0.056019423	0.037418362	0.01968909	0.018641695	0.031735616	0.082142421	0.755529865	0.474878239	0.758210277	1.066468569	1.089024967	0.01528226	0.014090779	0.131297392	0.167316987	0.195280246	0.940578943	0.890839766	1.082482975	0.487202873
aligned_38075IM5-Total-PL4_E05_01 20200805_000163.raw	0.021960257	0.434431321	0.528358849	0.114285037	0.534222782	0.725243962	0.054985654	0.038853866	0.018797952	0.023134351	0.036590555	0.086829732	0.798444059	0.44472367	0.882770261	1.077330071	1.042545936	0.022184706	0.010517049	0.161340187	0.182220644	0.223111267	1.044933411	0.963961262	1.017211855	0.578736374
aligned_38075IM5-Total-PL4_E06_01 20200805_000164.raw	0.014666723	0.466921894	0.524388503	0.122429474	0.598284398	0.722796979	0.056806524	0.038443417	0.014804507	0.028203358	0.033530839	0.061010382	0.761738987	0.460674258	0.890066479	1.019419299	1.097246596	0.022256423	0.011143464	0.155055449	0.226406748	0.313873597	0.920698041	0.963961262	0.963307508	0.605446351
aligned_38075IM5-Total-PL4_E07_01 20200805_000165.raw	0.0106872	0.460394166	0.546685714	0.37150929	0.652053962	0.722936233	0.069303363	0.047545062	0.024819041	0.032978395	0.059048233	0.162884571	0.896711982	0.5587976	1.005088944	1.077330071	1.16321783	0.008455428	0.016388095	0.102906163	0.418718737	0.464218302	0.923220957	0.95811058	0.924944702	0.835949415
aligned_38075IM5-Total-PL4_E08_01 20200805_000166.raw	0.013585764	0.191095793	0.223018088	0.122222415	0.363026207	0.652775901	0.057806546	0.040959779	0.025572565	0.025524792	0.040645237	0.084651205	0.78705127	0.264220893	0.676884969	1.077330071	1.047796587	0.01679788	0.008306691	0.069286121	0.200213834	0.378499955	0.948364691	0.963961262	0.924944702	0.687180871
aligned_38075IM5-Total-PL4_E09_01 20200805_000167.raw	0.02118655	0.515165585	0.617707836	0.301899247	0.668056917	0.735916495	0.058304218	0.038520097	0.015369756	0.037472376	0.053336133	0.143747711	0.831021717	0.583173382	0.833806735	1.046300167	0.88649896	0.02249772	0.019607709	0.151898571	0.241853887	0.429399306	0.917362407	0.867571904	0.924944702	0.8012482
aligned_38075IM5-Total-PL4_F01_01 20200805_000169.raw	0.025981281	0.273312995	0.467767578	0.077447696	0.407865182	0.723127044	0.045681504	0.040608755	0.021774378	0.025383389	0.040510484	0.096687161	0.670701555	0.336043029	0.852543987	1.052705703	1.071465654	0.026922935	0.011902822	0.090041358	0.142934891	0.25783629	0.912259341	0.963961262	0.924944702	0.751502606
aligned_38075IM5-Total-PL4_F02_01 20200805_000170.raw	0.00467788	0.248644738	0.402538274	0.069115089	0.369247825	0.728839155	0.038970852	0.032026087	0.022349868	0.025557729	0.047632567	0.092376775	0.796473986	0.373439644	0.914989579	1.077330071	1.223661906	0.018765723	0.01487964	0.194063454	0.32359562	0.249969556	0.939017198	0.944693619	0.924944702	0.706560991
aligned_38075IM5-Total-PL4_F03_01 20200805_000171.raw	0.021592311	0.177743286	0.237345087	0.088344188	0.289541176	0.654425321	0.030832635	0.034010758	0.021749857	0.018754111	0.034053335	0.06866726	0.797249337	0.316729189	0.563662919	0.856160945	0.975699217	0.015893508	0.019027626	0.124671405	0.211541849	0.289031132	0.815369362	0.908839561	1.011006788	0.285545092
aligned_38075IM5-Total-PL4_F04_01 20200805_000172.raw	0.678995598	0.591196138	1.090163979	0.901446127	1.115808909	0.980079901	0.041731834	0.104878086	0.261328163	0.454236132	0.535325558	1.075916934	0.963596975	0.920696265	1.114016756	1.077330071	1.077736932	0.920864116	0.521886675	0.754649037	1.036961659	1.245404356	0.923220957	1.063938975	0.924944702	0.910174593
aligned_38075IM5-Total-PL4_F05_01 20200805_000173.raw	0.017034975	0.128678647	0.232710255	0.049147573	0.385124177	0.670020402	0.031097626	0.031163284	0.018600418	0.015403907	0.036166536	0.107358797	0.622662227	0.250331138	0.37928742	1.038865489	1.026380783	0.031321541	0.014921192	0.105680175	0.296461027	0.319307097	0.89355536	0.886295615	0.942319848	0.427256808
aligned_38075IM5-Total-PL4_F06_01 20200805_000174.raw	0.019404013	0.118060784	0.230423571	0.089264131	0.341389676	0.701104301	0.02999536	0.026748424	0.017522367	0.039346791	0.044704194	0.104003856	0.606574756	0.267588949	0.896275523	1.033238117	1.098216943	0.028048516	0.011226233	0.114885211	0.460612368	0.39483903	0.881151388	0.963961262	0.924944702	0.574964355
aligned_38075IM5-Total-PL4_F07_01 20200805_000175.raw	0.892766998	0.616965893	1.027358021	1.059768593	0.912701381	1.037727441	0.030343053	0.072814705	0.318452146	0.348664749	0.552153023	0.955860968	0.915632822	0.999421927	1.026976495	1.202331008	1.036835834	0.936667888	0.696087662	1.156186588	1.036961659	1.06792002	0.982555677	1.050632691	1.034636754	0.916586156
aligned_38075IM5-Total-PL4_F08_01 20200805_000176.raw	0.892766998	0.527017649	1.090163979	1.02277982	1.0553598	0.918411938	0.045663326	0.077375194	0.20837187	0.403690439	0.68653895	0.923048101	1.14168083	0.920696265	1.351703832	1.077330071	1.015431612	0.975719375	0.776759935	0.894449538	1.036961659	1.492364205	1.006009732	0.963961262	0.986052205	1.114160056
aligned_38075IM5-Total-PL4_F09_01 20200805_000177.raw	0.717364916	0.505908677	1.090163979	1.163400848	0.966017083	0.918411938	0.04191	0.063677778	0.257994158	0.505053223	0.414656678	0.923048101	1.011217731	0.920696265	1.214277507	1.166336559	1.061324494	0.920864116	0.715012712	1.003796228	1.036961659	1.123019859	0.933050724	0.978535355	0.970394274	1.016820517
aligned_38075IM5-Total-PL4_F10_01 20200805_000178.raw	0.678108836	0.46385603	1.003729258	1.345436249	1.013853175	0.922416036	0.038539162	0.075829216	0.283679387	0.491922479	0.655368033	1.097970362	0.915632822	0.920696265	1.144382719	1.077330071	1.016610521	0.920864116	0.582786098	0.942619488	1.036961659	1.310874182	1.079531832	0.98433771	0.924944702	1.246460822
aligned_38075IM5-Total-PL4_F11_01 20200805_000179.raw	0.892766998	0.644623237	0.982354455	1.083683922	0.982160091	1.039370632	0.046380651	0.097140073	0.299781801	0.544085303	0.574188425	1.201983356	0.926632682	0.943603431	1.422227474	1.092846745	1.239416099	0.978447223	0.637854484	1.138533325	1.063898914	0.957151756	0.942106597	0.979173003	0.934885363	1.178062974
aligned_38075IM5-Total-PL4_F12_01 20200805_000180.raw	0.667513633	0.641585088	0.876577748	1.116189257	0.912701381	0.919147112	0.050439652	0.082494999	0.277261576	0.465349275	0.669024078	0.923048101	0.940553082	0.920696265	1.499269119	1.077330071	1.025806282	0.997405446	0.678025819	0.89914317	1.036961659	1.009599244	0.923220957	1.019278388	0.924944702	1.205624556
aligned_38075IM5-Total-PL4_G01_01 20200805_000182.raw	0.011463557	0.295280682	0.41358401	0.126035073	0.436426706	0.807146714	0.029529138	0.026104342	0.012554283	0.031579958	0.046975935	0.075409913	0.882662343	0.472265071	1.182713928	1.077330071	1.036835834	0.030302542	0.017819232	0.342224451	0.41164731	0.305052606	0.986286559	0.963961262	0.924944702	1.117614266
aligned_38075IM5-Total-PL4_G02_01 20200805_000183.raw	0.017178446	0.270040799	0.422946554	0.079647021	0.502096964	0.770970811	0.037969459	0.036976624	0.019108579	0.027316453	0.042733246	0.083456824	0.792591364	0.422060714	1.005197223	1.077330071	1.010247141	0.014015389	0.012731052	0.074372311	0.221025599	0.314335676	0.983308089	0.916187295	0.957238391	0.844351771
aligned_38075IM5-Total-PL4_G03_01 20200805_000184.raw	0.026285323	0.125069175	0.215414315	0.112160209	0.194195873	0.499566076	0.034450161	0.035351313	0.023345193	0.014899076	0.035010329	0.067098803	0.732938945	0.200748274	1.021904312	1.077330071	1.033468003	0.026012844	0.01560007	0.105519712	0.182766336	0.275187402	0.923220957	0.963510744	0.924944702	0.776304691
aligned_38075IM5-Total-PL4_G04_01 20200805_000185.raw	0.021450524	0.280521088	0.354809731	0.151938455	0.458590884	0.636297889	0.062709017	0.048492918	0.024080885	0.023188078	0.034845058	0.076269228	0.757473831	0.361794183	0.649577917	0.9771978	1.026117267	0.023414815	0.01444394	0.060885412	0.180354522	0.228878237	0.834864242	0.937751275	0.924944702	0.23101344
aligned_38075IM5-Total-PL4_G05_01 20200805_000186.raw	0.012122813	0.410478811	0.429694404	0.034521758	0.690396972	0.818970086	0.049739532	0.022202298	0.016307188	0.024781311	0.028754236	0.078645812	0.918317861	0.683261348	1.201851174	1.077330071	1.042484769	0.021289497	0.036204795	0.417455177	0.339637886	0.178369843	0.923220957	0.963961262	0.924944702	0.803846056
aligned_38075IM5-Total-PL4_G06_01 20200805_000187.raw	0.009026697	0.601189854	0.577443847	0.096632872	0.716868577	0.699097325	0.04765539	0.026264954	0.014066366	0.022286798	0.041082893	0.112686775	0.909942453	0.652315369	1.321804455	1.077330071	1.064057591	0.028805169	0.012789199	0.511805819	0.615727459	0.357934653	0.923220957	1.083784058	0.989162021	1.189259812
aligned_38075IM5-Total-PL4_G07_01 20200805_000188.raw	0.010029667	0.52176757	0.541000585	0.083351382	0.636563866	0.888191573	0.032115026	0.021557549	0.013948928	0.022384733	0.025854263	0.092801778	0.953371793	0.740744178	1.119780308	1.077330071	1.062094333	0.040447732	0.01843101	0.335421403	0.350149424	0.346687074	1.024231639	0.901301625	1.066622706	0.899034329
aligned_38075IM5-Total-PL4_G08_01 20200805_000189.raw	0.037466923	0.147162208	0.23646262	0.117873498	0.357051993	0.789112957	0.01802191	0.019423962	0.017232434	0.017001463	0.03390037	0.06430806	0.7856903	0.363279692	0.751023055	1.077330071	0.922332066	0.050898832	0.007239876	0.24460125	0.34646088	0.244493632	1.111515429	0.81672475	0.924944702	0.449456202
aligned_38075IM5-Total-PL4_G09_01 20200805_000190.raw	0.024503052	0.136396654	0.207297042	0.084942379	0.296179047	0.563829011	0.046644018	0.041270257	0.027975239	0.021063653	0.026225119	0.067037869	0.601454611	0.277768983	0.535156384	0.863505036	0.877624937	0.007222833	0.014264793	0.043981175	0.197283917	0.206584874	0.760186021	0.69945492	0.924944702	0.129097483
aligned_38075IM5-Total-PL4_G10_01 20200805_000191.raw	0.025131411	0.363368834	0.480214776	0.387404389	0.725116058	0.68767181	0.05933863	0.049257892	0.027542825	0.01903516	0.041157529	0.089769094	0.694340501	0.363035652	0.579229839	1.026164238	0.99809144	0.011268732	0.013624627	0.102247145	0.281332639	0.30037053	0.884945863	0.919654102	0.924944702	0.367868639
aligned_38075IM5-Total-PL4_G11_01 20200805_000192.raw	0.00769915	0.246028311	0.401230804	0.063862331	0.355488472	0.810589691	0.039969393	0.033551318	0.022306069	0.025115961	0.035815239	0.081721355	0.787030669	0.421886299	1.221562246	1.077330071	1.134664976	0.021129661	0.014861585	0.10731952	0.383325668	0.315875735	0.957317074	0.941540326	1.057050999	0.811916752
aligned_38075IM5-Total-PL4_G12_01 20200805_000193.raw	0.005939347	0.24504012	0.398477725	0.054407183	0.420200054	0.814095783	0.043381724	0.036376405	0.023381716	0.026618348	0.041203261	0.069548756	0.768411032	0.404700469	1.036886687	1.077330071	1.108914052	0.018627888	0.013859863	0.140246325	0.327987284	0.306513994	0.962170447	0.963961262	0.930737882	0.92344822
aligned_38075IM5-Total-PL4_H01_01 20200805_000195.raw	0.013201698	0.663620747	0.688683362	0.537236326	0.701011073	0.771442773	0.073006833	0.046962454	0.021067051	0.050334776	0.106797004	0.246166236	0.997662715	0.77679152	1.084599917	1.077330071	1.036835834	0.025086403	0.018078443	0.385111999	0.8637427	0.893907108	0.967235009	0.963961262	0.957400966	0.686691963
aligned_38075IM5-Total-PL4_H02_01 20200805_000196.raw	0.02326178	0.609155233	0.634917312	0.555376782	0.683303999	0.710765803	0.075415832	0.051069896	0.024237734	0.044817494	0.088670316	0.182396708	0.957128227	0.618305193	0.845189442	1.077330071	1.042559508	0.012037344	0.021966994	0.250954753	0.735429299	0.553007778	0.93683971	0.963961262	0.924944702	0.563279337
aligned_38075IM5-Total-PL4_H03_01 20200805_000197.raw	0.018421077	0.584552505	0.652097186	0.689191698	0.720874817	0.661877704	0.079432813	0.057831054	0.032887467	0.040753853	0.082198283	0.209391784	0.820213517	0.521236375	0.838125557	1.077330071	1.055123585	0.013982296	0.022385561	0.119428752	0.602927298	0.653129453	0.971462954	0.963961262	0.924944702	0.572219167
aligned_38075IM5-Total-PL4_H04_01 20200805_000198.raw	0.006242609	0.606112249	0.590134932	0.427122287	0.614421631	0.768291859	0.068864955	0.048142152	0.021807041	0.040814924	0.073560472	0.179331148	0.963565066	0.60200943	0.776800072	1.077330071	1.118117579	0.02152179	0.022061411	0.322744374	0.768803139	0.662357402	0.949367248	0.963961262	0.924944702	0.643552448
aligned_38075IM5-Total-PL4_H05_01 20200805_000199.raw	0.025771056	0.568082344	0.559766317	0.527699947	0.622062248	0.728194475	0.073064908	0.049255063	0.027848999	0.040746434	0.077305656	0.174340212	0.899310866	0.547667101	0.850843372	1.077330071	1.072583221	0.012374618	0.020717605	0.116583333	0.712923887	0.793346264	0.941303374	0.963961262	0.924944702	0.624957611
aligned_38075IM5-Total-PL4_H06_01 20200805_000200.raw	0.017872175	0.539527556	0.506945272	0.375169288	0.51095459	0.736114855	0.067831957	0.045216748	0.022378383	0.041726677	0.072665213	0.166243786	0.936129325	0.554608651	0.891481327	1.077330071	1.084490697	0.034325816	0.018640389	0.128585341	0.885617082	0.604342812	0.960607023	0.963961262	0.972087202	0.739051806
aligned_38075IM5-Total-PL4_H09_01 20200805_000201.raw	0.010874282	0.949608351	0.919466786	1.154839766	0.916535708	0.803438451	0.078528586	0.045316347	0.022224847	0.064093491	0.121301391	0.287325139	0.985148145	1.019501619	0.960991223	1.077330071	1.105760914	0.020724416	0.019060726	0.13971133	0.723624885	0.718366506	0.96023182	0.963961262	0.924944702	0.722357861
aligned_38075IM5-Total-PL4_H10_01 20200805_000202.raw	0.015694244	0.156172565	0.331544066	0.182736314	0.471944826	0.775897719	0.05814026	0.049758729	0.02546712	0.023167501	0.043141259	0.098651521	0.526807523	0.268406323	0.831633969	1.077330071	1.036835834	0.005980339	0.009643857	0.049745595	0.248835648	0.241672173	0.978748833	0.963961262	0.924944702	0.557139799
aligned_38075IM5-Spike-PL5_A01_01 20200804_000005.raw	0.034181659	0.600049168	0.54017033	0.277593052	0.59958653	0.661338301	0.036851271	0.026078936	0.027221618	0.032219328	0.039847251	0.106761861	1.067108456	1.034048943	1.033030549	1.077330071	0.947072733	0.064699142	0.04377532	0.640387642	0.637885334	0.614172188	1.028118367	0.96445623	0.939824559	0.967728023
aligned_38075IM5-Spike-PL5_A01_02 20200804_000088.raw	0.029697099	0.784781288	0.787465838	0.240391107	0.802661426	0.775318344	0.036894167	0.01737305	0.025653557	0.020826844	0.039189308	0.182255777	1.102133735	0.909531823	1.066060524	1.233090202	0.942370608	0.059513662	0.242223179	0.619595984	0.507239053	0.946444562	0.921454628	0.824383879	0.924944702	0.771182967
aligned_38075IM5-Spike-PL5_A02_01 20200804_000006.raw	0.033527685	0.433297726	0.437724258	0.448921687	0.718419688	0.675024113	0.036706254	0.026609541	0.023228783	0.055449876	0.058512897	0.183530937	0.767130304	0.397611862	1.052529298	1.312216807	1.176999854	0.04629624	0.020537519	0.368597873	0.414488932	0.555671906	0.963991507	1.291481246	1.137129899	0.897479267
aligned_38075IM5-Spike-PL5_A03_01 20200804_000007.raw	0.01643798	0.5384669	0.503904518	0.291491682	0.637577495	0.660799045	0.042927654	0.029178462	0.022586653	0.029583475	0.044789143	0.134118468	1.005811852	0.668764836	1.600705164	1.077330071	0.783733164	0.013718301	0.02151649	0.177470917	0.396570477	0.452448065	0.978944138	0.861764594	1.025953839	1.378347443
aligned_38075IM5-Spike-PL5_A04_01 20200804_000008.raw	0.031477898	0.528825136	0.523284247	0.365026879	0.633701754	0.582707712	0.045524537	0.029282637	0.021449089	0.029691633	0.044378199	0.126600271	0.908422954	0.574104165	0.861383048	1.092709722	1.081061037	0.018007557	0.016955869	0.130384457	0.310740146	0.445540514	0.923220957	0.903060671	0.924944702	0.983006878
aligned_38075IM5-Spike-PL5_A05_01 20200804_000009.raw	0.033561813	0.466557816	0.404293225	0.548673085	0.478307752	0.636156656	0.039297248	0.020414503	0.020106483	0.028952206	0.079610364	0.222638413	0.888091391	0.786817622	0.734497036	1.260254471	0.733211151	0.05475298	0.053595723	0.289847372	0.535252296	0.809333854	1.316162084	0.834337198	0.834449169	1.07761808
aligned_38075IM5-Spike-PL5_A06_01 20200804_000010.raw	0.20131215	0.612012631	0.591885587	0.744240384	0.749479078	0.584723332	0.046067666	0.018938329	0.020365541	0.027141662	0.028842093	0.052137781	1.040805684	0.887637845	0.673316682	1.077330071	0.867850657	0.043485603	0.026717665	0.258144464	0.413123614	0.288727348	0.923220957	0.766449711	1.042081273	1.051831542
aligned_38075IM5-Spike-PL5_A07_01 20200804_000011.raw	0.008359149	0.517533902	0.493873802	0.474279498	0.657090382	0.651038305	0.043391325	0.024766268	0.019557092	0.026235041	0.049356668	0.144989905	0.854002209	0.608865655	1.066634088	1.077330071	1.036722028	0.046592828	0.020492198	0.333994555	0.329570523	0.528761336	1.164509834	0.888793254	1.003493639	0.994313442
aligned_38075IM5-Spike-PL5_A08_01 20200804_000012.raw	0.030634749	0.296854739	0.3670114	0.460822634	0.523918771	0.831045675	0.044514225	0.025010957	0.018068174	0.044886634	0.059206003	0.198476294	0.836392746	0.272245405	0.865730719	1.077330071	0.929916187	0.046532757	0.039180004	0.311279732	0.298201676	0.890969994	0.974652563	0.840809776	1.097391649	0.519889717
aligned_38075IM5-Spike-PL5_A09_01 20200804_000013.raw	1.30404279	1.02699673	0.929903073	0.766085773	1.094022551	0.917097647	0.949921078	0.162062631	0.20385441	0.599890679	0.521024706	0.917524184	0.899418627	0.920696265	1.162564201	1.236455779	1.034739976	0.806542048	0.836952227	1.208692393	0.795065151	0.877705974	1.124150257	0.989764514	1.048173763	1.383764557
aligned_38075IM5-Spike-PL5_A10_01 20200804_000014.raw	1.027805512	1.173772939	0.593864176	0.941353649	0.912701381	0.895108937	1.096345664	0.373196598	0.440657212	0.773011957	0.652107154	0.853611592	0.95906352	1.195580213	1.674424124	1.292218515	1.198224888	0.881975524	0.915517335	1.30303589	0.95999474	0.841773616	1.102547627	1.117023209	1.304506938	1.401334008
aligned_38075IM5-Spike-PL5_B01_01 20200804_000017.raw	0.006454313	0.141095467	0.282406995	0.371011294	0.417571853	0.650527763	0.038858388	0.027357205	0.012485476	0.046803888	0.049296299	0.176501792	0.839621234	0.408238763	1.154284849	1.083875964	1.101241995	0.043731097	0.01810616	0.273790201	0.347993285	0.503071542	0.923220957	0.900836728	1.145239637	1.025496546
aligned_38075IM5-Spike-PL5_B02_01 20200804_000018.raw	0.012846238	0.139052297	0.281947349	0.267442822	0.380900146	0.685286858	0.051038314	0.027610101	0.011608256	0.057448552	0.046377278	0.102251875	0.776561984	0.402761872	1.341748556	1.077330071	1.037375614	0.054111031	0.014828773	0.196606849	0.395266258	0.341360454	0.923220957	1.0173901	0.86496575	1.398812193
aligned_38075IM5-Spike-PL5_B03_01 20200804_000019.raw	1.312153929	1.123959953	0.562727594	1.026173713	0.968834651	0.963995013	1.151385461	0.281920933	0.521368473	0.948489824	0.792955401	0.941823322	0.957827056	1.199054666	1.048074998	1.077330071	1.029560743	0.920864116	0.83809594	0.973877529	1.078636373	0.937103052	0.906227994	1.173912237	0.814545526	0.823019651
aligned_38075IM5-Spike-PL5_B04_01 20200804_000020.raw	1.226522319	1.010015596	0.508774438	1.032772342	1.01981697	0.84768905	1.189264682	0.253338349	0.339901548	1.049223974	0.688727544	1.036367854	0.915632822	0.938318755	1.4186458	1.201676083	1.349290727	0.898751425	0.851940131	0.756450063	0.996767585	0.982126492	1.132375074	1.346232479	0.99829642	1.325547541
aligned_38075IM5-Spike-PL5_B05_01 20200804_000021.raw	1.424763997	1.210440457	0.619511965	1.080218974	0.982986789	0.789896487	1.149760579	0.386718517	0.394042806	1.033497406	0.803799506	1.01660382	0.859352805	1.089648435	1.09149995	1.417575564	0.726420903	0.920864116	0.887772705	1.309939477	1.089020095	0.959683479	1.149318827	0.886351467	0.943598742	1.069161083
aligned_38075IM5-Spike-PL5_B06_01 20200804_000022.raw	1.397884879	1.093827446	0.819569426	1.058234062	1.028471887	0.907000981	1.070687772	0.255200412	0.598901572	1.029884722	0.759589451	0.923048101	0.817055493	1.061061648	1.216988637	0.85954923	0.613690583	0.97153823	0.84067064	1.018206717	1.057275569	0.971020187	0.95374472	0.710217771	0.928917255	1.427452992
aligned_38075IM5-Spike-PL5_B07_01 20200804_000023.raw	1.40599553	0.973535281	0.557560908	1.032396476	0.992235195	1.145858925	1.09438384	0.189561681	0.393726467	0.80834932	0.764184192	0.856393901	0.920047288	1.09862558	0.960228929	1.091184895	0.633822626	0.763738342	0.826418904	0.814321339	0.988107681	1.074085315	1.200304872	0.576714917	1.08519867	1.06290135
aligned_38075IM5-Spike-PL5_B08_01 20200804_000024.raw	0.820244071	1.056757709	0.761535496	1.11085011	0.945310574	0.968463819	1.089552141	0.300579438	0.478467547	0.733511512	0.979331565	1.105005767	1.035232487	0.969139505	1.460474648	1.077330071	1.308019731	0.990246345	0.911762715	0.892642788	0.883839434	1.052959337	1.166119439	1.198100789	1.192948599	1.209804178
aligned_38075IM5-Spike-PL5_B09_01 20200804_000025.raw	0.88336347	1.110520578	0.834464993	1.036199452	1.067449368	0.977457108	1.200797046	0.331327263	0.391013373	0.658258797	0.626225506	0.923048101	1.146512204	0.920696265	1.678664847	1.077330071	0.83952217	0.898963978	0.991578145	0.973877529	0.888461903	1.22652457	1.116132649	0.847153396	1.04714862	1.428947634
aligned_38075IM5-Spike-PL5_B10_01 20200804_000026.raw	1.643371713	1.059949279	0.684219139	1.094947101	1.014047724	0.972383892	1.170168346	0.326837232	0.505890835	0.625368705	0.651644242	0.923048101	1.014017421	1.001235301	1.39590365	1.018899175	0.869307426	0.920864116	0.832355931	1.089113528	1.027337428	1.02732278	1.201071527	0.836223939	0.936428778	1.290465929
aligned_38075IM5-Spike-PL5_B12_01 20200804_000028.raw	0.984519156	1.158560096	0.671445154	1.098683509	1.022353737	0.877455424	1.117622621	0.330407926	0.418843729	0.853678885	0.738037999	0.916208091	0.924160733	1.063569032	1.033030549	1.148007725	0.961090726	1.034590113	0.982826201	1.042891492	0.990446552	1.067850266	1.340334852	0.953868884	0.940643883	0.987276667
aligned_38075IM5-Spike-PL5_C01_01 20200804_000030.raw	1.129283489	1.091226593	0.767271735	1.203527649	0.967675519	1.020183748	0.895060533	0.309066751	0.500646226	0.890123193	0.836771949	0.923048101	1.008225443	0.994174197	1.136737566	1.077330071	1.431454754	0.956252937	0.701266134	0.973877529	0.922500686	0.826109366	1.105362515	1.256418666	1.073176116	1.109726817
aligned_38075IM5-Spike-PL5_C02_01 20200804_000031.raw	1.70273003	1.023663011	0.712350289	1.0364872	0.996170054	0.856706972	0.989004791	0.29192787	0.438003467	1.206268736	0.921511114	1.096440765	0.967006243	1.052387574	0.7714685	1.077330071	0.926770231	0.920864116	0.79377618	0.94533548	1.025677065	0.941250072	1.038711869	1.050220441	1.055203665	0.562025617
aligned_38075IM5-Spike-PL5_C04_01 20200804_000033.raw	1.216426644	0.878568347	0.701897203	0.778849477	0.985632688	0.857731164	0.839915743	0.278463783	0.28775423	0.683014809	0.745988944	0.836273402	1.097561767	0.928190046	0.92460994	1.077330071	1.453131467	0.954942052	0.842361929	1.178734231	0.856077791	0.92452669	0.964552748	1.155557437	0.879888832	1.180709787
aligned_38075IM5-Spike-PL5_C05_01 20200804_000034.raw	1.18810179	1.147240412	0.723895617	1.112443584	0.985389519	1.092452015	1.018163244	0.273822299	0.356941363	1.022625866	0.782340169	1.128816553	1.189943838	1.012477875	1.562708618	1.077330071	1.068659671	0.94343603	0.773650697	1.025835459	0.870116703	1.158409272	1.13621489	0.72063794	0.924944702	1.25042138
aligned_38075IM5-Spike-PL5_C06_01 20200804_000035.raw	0.949062235	1.108789446	0.74313266	1.07836828	0.975693695	0.915089888	1.002459399	0.295940342	0.473072885	0.856412412	0.736651926	0.977748209	1.019584767	0.920696265	1.270174331	1.077330071	1.178248605	0.920864116	0.773242563	0.946442493	0.884055941	1.06485115	1.121510564	0.914284746	0.954685369	1.249338306
aligned_38075IM5-Spike-PL5_C07_01 20200804_000036.raw	1.190701887	0.954032022	0.722791321	1.147915398	0.966774566	0.847470991	1.116379325	0.371711785	0.591896535	0.861723011	0.837751057	1.109006774	0.981442692	1.115030331	0.990213597	1.077330071	1.522042203	0.968454189	0.767657819	1.003569782	0.906263429	0.996912951	0.923220957	1.202684456	1.214140001	1.237039808
aligned_38075IM5-Spike-PL5_C08_01 20200804_000037.raw	1.392062321	1.077582822	0.491581631	1.134359734	0.912701381	1.007238662	1.053040618	0.214678505	0.363791722	0.619205255	0.745471088	1.077617528	1.060811211	0.991228069	1.240991297	1.20555118	0.501589307	0.868873046	0.810933057	1.268812559	0.845600283	1.189848881	1.007835691	0.720877196	1.375280183	1.400103403
aligned_38075IM5-Spike-PL5_C09_01 20200804_000038.raw	0.98502636	1.168464074	0.766084082	1.157211738	1.001135163	1.188814652	1.10287677	0.367945836	0.525803446	0.779795486	0.802621179	0.910757779	0.952787528	0.920696265	1.368781583	1.169022818	0.897822906	0.930076995	0.83505659	0.811546194	0.891160569	1.224848508	0.959073268	0.866924161	0.89368616	1.292063802
aligned_38075IM5-Spike-PL5_C11_01 20200804_000040.raw	1.13675365	0.957316672	0.670350965	1.146772113	0.976745498	0.785339596	1.038117123	0.234833291	0.353044851	0.749220024	0.543341572	1.049383447	1.318893598	1.005222788	1.514701998	1.077330071	0.953588519	0.920864116	0.799676673	0.909631342	0.908810477	1.102534207	1.151857159	0.804668068	1.244586762	1.353175807
aligned_38075IM5-Spike-PL5_D02_01 20200804_000043.raw	1.098791062	1.182407061	0.739780658	1.103210138	1.067577736	0.836569002	1.086260032	0.218949583	0.331103405	0.77584068	0.918573896	0.984889213	1.02124864	1.08753813	1.317024464	0.977336837	0.87538407	0.953882909	0.866938241	1.005232653	0.914102475	0.953693292	0.968583063	0.999178271	1.116357289	1.103042515
aligned_38075IM5-Spike-PL5_D03_01 20200804_000044.raw	1.032097177	0.840230523	0.509184599	0.830707833	1.004905737	1.019419787	1.08480473	0.177541499	0.219065115	0.663894063	0.75382486	0.693626079	0.915632822	0.928167802	1.432674688	1.024915303	1.094321815	1.108960055	0.846688291	0.753147186	1.208933894	1.054130478	0.996770441	1.327853782	1.080331833	1.300211742
aligned_38075IM5-Spike-PL5_D04_01 20200804_000045.raw	1.150541723	1.098024289	0.668153846	1.065064173	0.998506505	1.048014553	1.040150596	0.116290089	0.375087682	0.689764495	0.848383778	0.781834799	1.083203765	0.963289792	1.02585216	1.187140168	0.704498482	0.887220909	0.911286445	0.908044032	1.013959034	0.860505081	0.923220957	0.6236498	0.887612465	1.025019847
aligned_38075IM5-Spike-PL5_D05_01 20200804_000046.raw	1.264562907	1.150901001	0.809886287	0.888395272	0.912701381	0.944854748	1.118092031	0.256293297	0.446939716	0.721356541	0.707115753	1.023284477	1.134679974	0.970148574	1.28939326	1.077330071	0.716772612	0.944232068	0.881862541	1.569353462	0.961923957	0.813499007	0.998290217	0.80783886	1.017141409	1.394752872
aligned_38075IM5-Spike-PL5_D06_01 20200804_000047.raw	0.665484003	0.981687876	0.62709158	1.108970459	0.912901401	0.878137898	1.074051835	0.179910485	0.433911667	0.566415475	0.645293747	0.790834922	1.024300852	0.920696265	1.240991297	1.496517728	1.27714973	1.059439804	0.665722433	0.973877529	0.995388261	1.120908278	1.21352515	1.111964507	1.020527302	1.324861754
aligned_38075IM5-Spike-PL5_D07_01 20200804_000048.raw	1.042714854	1.057681575	0.844710824	0.939052229	0.932456736	1.028661092	1.029787754	0.183763235	0.232072381	0.450772362	0.792364999	0.883048148	0.984662658	0.925987701	1.167287509	1.053420423	0.64451763	0.897796908	0.809300067	1.389854384	0.995784768	1.06022792	1.107075187	0.842261635	1.173861354	1.199081933
aligned_38075IM5-Spike-PL5_D08_01 20200804_000049.raw	0.810478716	0.929988308	0.513915753	1.033317959	0.950528275	0.918411938	0.884664968	0.154960749	0.295011738	0.618286719	1.036684958	1.037063968	1.047906296	1.01963506	0.965214402	1.077330071	0.907419678	0.942796696	0.997053852	1.084875519	1.017452782	1.028244403	0.923220957	0.915147286	0.924944702	0.905401285
aligned_38075IM5-Spike-PL5_D10_01 20200804_000051.raw	0.844255128	0.99421724	0.795125266	0.980185357	1.014375828	0.949155853	0.989463472	0.193119135	0.296394157	0.820404778	0.67352393	0.937147795	1.039235476	0.996725321	1.240991297	1.166335592	0.732960109	0.893961442	0.826985382	0.997094417	0.963038341	0.95548684	0.947170787	0.706735103	1.161655897	1.25042138
aligned_38075IM5-Spike-PL5_E01_01 20200804_000057.raw	1.742877281	1.159200001	0.516745801	1.126321103	1.044163211	0.947928697	0.6479176	0.223409399	0.470004052	0.956991237	0.765454485	0.964298095	0.92870046	0.920696265	1.175113597	1.226894022	0.849421158	0.920864116	0.715179342	0.877362248	0.940389308	0.845789257	0.964141473	0.869207127	0.924944702	1.002136535
aligned_38075IM5-Spike-PL5_E02_01 20200804_000058.raw	1.384051662	1.075183596	0.640002015	0.767907265	0.969447861	0.918411938	0.635895494	0.12484602	0.387827652	0.694860238	0.898821971	1.148284729	1.027345225	1.04261848	1.146881072	1.349614076	1.087240469	0.899854387	0.782889607	1.17747071	0.632319405	1.257236543	1.102897508	0.946658039	1.124352975	1.418232958
aligned_38075IM5-Spike-PL5_E03_01 20200804_000059.raw	1.234700007	0.976185226	0.385001283	1.086445344	0.93495135	1.077340667	0.754165776	0.277939181	0.474546261	1.112194279	0.772354537	0.810601383	0.891064356	1.076895056	1.277472903	1.115118102	1.30842457	0.920864116	0.849425428	0.973877529	0.920438173	0.815862858	1.235858476	1.001287452	0.924944702	1.691444413
aligned_38075IM5-Spike-PL5_E05_01 20200804_000061.raw	1.366462322	1.059301585	0.820489355	0.910438305	1.085365318	0.988763218	0.592861437	0.264082538	0.285612539	0.672173003	0.645846623	0.747633957	0.984878921	0.920696265	1.174320477	1.36840592	1.442626016	0.96861077	0.818901317	1.338189857	0.791850127	0.766765444	1.147569356	1.126627559	1.30745474	1.551155337
aligned_38075IM5-Spike-PL5_E06_01 20200804_000062.raw	1.060591415	1.231697722	0.635815838	0.938040194	0.912701381	0.863065229	1.158632742	0.14793927	0.317952684	0.570223402	0.530221553	0.912635414	0.76201955	1.011406562	1.542973467	1.077330071	1.020358662	0.965551624	0.937816692	1.257830187	1.274276639	1.326652063	1.175780371	1.388999272	1.09779912	1.400790618
aligned_38075IM5-Spike-PL5_E07_01 20200804_000063.raw	1.221059582	1.231596894	1.06122984	0.891793598	1.214104106	0.869372377	1.20233366	0.207235833	0.335447479	0.678421491	0.470669156	0.817214502	1.049538019	1.05129729	1.230888096	1.469094161	0.966122744	0.920864116	0.879561533	0.654228896	1.225209077	1.242307328	1.456788956	1.148447075	1.188455078	1.404696809
aligned_38075IM5-Spike-PL5_E08_01 20200804_000064.raw	0.755562686	1.102953705	0.860953572	0.907518055	0.939003773	1.107450129	1.17788614	0.227459958	0.427866496	0.67867749	0.761835707	0.819249065	0.967165356	1.040787447	1.240991297	1.39752053	1.507097053	0.826825975	0.803713638	1.018461225	0.668156947	1.024477313	1.15913844	1.431342643	1.129424133	1.423807952
aligned_38075IM5-Spike-PL5_E10_01 20200804_000066.raw	1.023729192	1.085831213	0.734277423	1.044408175	0.95573741	1.09320919	1.241564557	0.140134458	0.338928569	0.634914766	0.691325756	0.686595761	0.983132688	0.874211858	1.033030549	1.100613454	0.880419115	0.879799413	0.954540429	0.676952871	0.961805012	1.339814924	1.222997029	1.175513724	1.209991073	1.120760092
aligned_38075IM5-Spike-PL5_E11_01 20200804_000067.raw	1.42466697	0.961721038	0.450295165	1.107410867	1.033520275	1.230924036	0.963703814	0.331244664	0.501908757	1.07642278	0.859386386	0.976430595	1.053703015	0.990809243	1.195709956	1.077330071	1.557394111	0.920864116	0.975684655	0.973877529	0.8339346	0.87239632	0.923220957	1.768477485	0.638913583	1.53442529
aligned_38075IM5-Spike-PL5_F01_01 20200804_000069.raw	0.543236013	0.701091553	0.463464278	0.917189083	1.147620136	0.738061754	0.602275398	0.047936093	0.096710786	0.352377405	0.376711076	0.534385446	0.982444061	0.865216396	1.655211209	1.077330071	1.511969816	0.627842304	0.371165211	0.90596713	1.132872764	0.913581695	0.988915193	1.473306808	1.095178622	1.421543775
aligned_38075IM5-Spike-PL5_F02_01 20200804_000070.raw	1.680851232	1.403135846	0.662006222	0.975645681	1.061325783	0.986735665	1.071720639	0.120702962	0.244400223	0.68383711	0.438600987	0.965880758	0.882524728	1.215722997	1.101540118	1.004446679	1.170386047	0.794131143	0.617042163	1.235462135	0.989804875	0.983520503	0.708357912	1.050685183	1.254844547	1.568425894
aligned_38075IM5-Spike-PL5_F03_01 20200804_000071.raw	0.525238529	1.063904237	0.632423715	0.96850687	1.065653115	1.116379318	1.057915977	0.189540225	0.190552578	0.52120536	0.604626157	0.80187221	0.915632822	1.293474727	0.961610514	1.077330071	1.231069716	0.907629745	0.713933252	1.023494185	0.924851273	0.582721926	0.947793747	1.001004826	0.911675362	0.762570718
aligned_38075IM5-Spike-PL5_F04_01 20200804_000072.raw	1.129536659	1.197043121	0.863707849	0.706248655	1.137234048	0.808458518	1.135020445	0.141042867	0.271085786	0.664367487	0.511404425	0.954345959	0.915632822	1.090829561	0.638813036	1.093629171	1.434615606	1.014027545	0.693667442	1.156186588	0.912299099	1.009164718	0.912102204	1.120122519	0.924944702	1.005805669
aligned_38075IM5-Spike-PL5_F05_01 20200804_000073.raw	1.404324694	0.99872459	1.012747183	0.942546801	0.908426698	0.953717102	1.186377537	0.174430327	0.267842114	0.693351629	0.606822134	0.699121831	0.906904788	1.048758686	1.240551907	1.160677917	1.08088549	0.956195745	0.789485414	1.314861849	1.063990851	0.77738877	1.193730349	1.443099725	0.909900787	1.151233701
aligned_38075IM5-Spike-PL5_F06_01 20200804_000074.raw	1.344733291	0.928622476	0.565163433	0.936743079	0.936900597	0.945227476	1.175726887	0.135174483	0.447273413	0.721578708	0.87480445	0.909551413	0.915632822	0.918137396	1.348191197	1.077330071	0.863238493	0.98632248	0.899413241	0.755869284	0.927835763	0.838375435	0.923220957	1.199329797	0.924944702	1.181530792
aligned_38075IM5-Spike-PL5_F07_01 20200804_000075.raw	0.933250947	0.970811273	0.976294732	1.068134936	0.925789184	1.002295343	1.235520161	0.184005793	0.401037926	0.578433208	0.716742684	0.99949059	0.975349	1.016430691	1.51833167	1.059725544	0.637424109	0.820958882	0.966370117	1.37023123	0.942057704	1.099098713	0.909150117	0.647212103	1.083835727	1.718361714
aligned_38075IM5-Spike-PL5_F08_01 20200804_000076.raw	0.892766998	1.138929186	0.964446335	0.736301631	1.062190352	1.148718872	1.178018649	0.180136766	0.315441345	0.689521011	0.751095552	1.026337151	1.110035864	0.962724633	1.592138543	1.34534476	0.912534932	0.97097453	0.992852424	0.898706304	1.087937778	0.972589817	1.51104625	0.712714404	0.982606572	1.260595504
aligned_38075IM5-Spike-PL5_F09_01 20200804_000077.raw	1.590029976	1.197543371	0.814332682	0.836962256	1.034201431	0.941300097	1.245109738	0.200656797	0.436988096	0.783462834	0.668009231	0.860186831	1.039631053	1.034705259	1.562195002	1.077330071	1.113415456	0.946425388	0.891222044	1.041504105	1.118178246	1.039712937	1.031330145	1.040134375	0.976244017	1.473567897
aligned_38075IM5-Spike-PL5_F10_01 20200804_000078.raw	1.434865858	1.178940081	0.752650435	0.926600572	1.074126167	0.77205877	1.333912889	0.366228392	0.393772755	0.820057209	0.90136186	0.840488124	1.002977634	1.056074427	1.166316926	1.255290794	1.185981061	0.927498274	1.011755326	0.973877529	1.07169155	1.060388188	0.958238272	0.974604254	1.230171978	0.967728023
aligned_38075IM5-Spike-PL5_F11_01 20200804_000079.raw	0.892766998	0.992526172	1.191705282	1.160007407	0.993245206	1.056707839	0.44455641	0.266208607	0.428388718	0.963316075	0.914729423	1.035851993	1.03829643	0.873096505	1.290176438	1.077330071	1.391844544	0.9248626	0.815141985	1.014434272	1.141307214	0.857978535	1.18463162	1.16457791	1.384819325	1.189656565
aligned_38075IM5-Spike-PL5_G01_01 20200804_000081.raw	0.382792467	0.578687993	0.335908421	1.013684145	0.921784292	0.808882883	0.800443767	0.261567288	0.37867838	0.720533498	0.659283168	0.923048101	0.972834278	0.975957426	1.190204634	1.077330071	0.633216286	0.974169716	0.79560612	0.973877529	1.02613038	1.236515656	0.923220957	0.818958935	1.094083503	1.117050078
aligned_38075IM5-Spike-PL5_G03_01 20200804_000083.raw	0.844920541	0.618478126	0.294636864	0.88321546	0.899734935	0.918411938	0.88159954	0.144047305	0.285833272	0.592986925	0.680874514	0.909240384	1.177997905	0.920696265	1.285935756	1.153547385	1.564804913	0.972983464	0.716296722	1.15610537	1.000666019	0.743608908	1.075231265	1.20911876	1.00648488	1.049057996
aligned_38075IM5-Spike-PL5_G04_01 20200804_000084.raw	0.610630971	0.83316563	0.543008238	0.87023192	0.649953655	0.918411938	0.770267353	0.156597546	0.213147607	0.925983623	0.601573661	1.055175619	0.915632822	0.937815596	1.534241277	1.111541027	1.131697153	1.211759329	0.875846372	1.077084245	0.905160516	0.662296561	1.268365027	1.213259132	1.11943506	1.366796267
aligned_38075IM5-Spike-PL5_G05_01 20200804_000085.raw	0.74217348	0.508582271	0.394772819	0.750358029	0.741840502	0.946911415	0.801354106	0.131986994	0.278482544	0.723591019	0.692475974	0.955480285	1.037876477	1.06164289	1.403472522	1.563139154	1.193368993	0.838568136	0.864028396	0.856147872	1.062699858	0.787008264	1.217427972	1.078766183	1.131363008	1.146254278
aligned_38075IM5-Spike-PL5_G06_01 20200804_000086.raw	1.14787207	0.772469113	0.55413251	1.073879279	0.98665117	1.075260139	0.590143059	0.220068796	0.315345388	0.863415931	0.614060655	0.899971178	0.927491511	0.967871086	1.632557531	1.057137958	0.513600781	0.867376669	0.720410014	1.214296894	1.01032731	0.704912243	0.845214734	0.660281555	0.895368956	1.253441188
aligned_38075IM5-Total-PL5_A01_01 20200806_000097.raw	0.015127315	0.592366336	0.56624608	0.264877736	0.630122512	0.82863831	0.060151	0.032796415	0.023572704	0.027452141	0.041233255	0.120194354	0.913303102	0.566519388	1.100705164	1.077330071	1.118133607	0.022039714	0.01575115	0.195303532	0.39476531	0.446452859	0.929094634	1.064924225	0.924944702	0.930647799
aligned_38075IM5-Total-PL5_A02_01 20200806_000098.raw	0.01570288	0.311065876	0.310334861	0.198658496	0.41104649	0.682228156	0.053890486	0.043366897	0.022911459	0.02761697	0.04218073	0.124852767	0.884754387	0.289517611	0.863825529	1.070920848	1.036835834	0.011623479	0.019617614	0.21781913	0.442359025	0.393108764	0.923220957	0.963961262	1.060744301	0.686406586
aligned_38075IM5-Total-PL5_A03_01 20200806_000099.raw	0.016595719	0.375202206	0.35277961	0.374149135	0.636218913	0.768556431	0.061398448	0.047854123	0.026890647	0.023321118	0.040051994	0.107157669	0.789506723	0.271366089	0.624734161	1.067157291	0.954842128	0.012450301	0.00922608	0.21555411	0.28339417	0.313529825	0.917604777	0.976531448	0.924944702	0.275611203
aligned_38075IM5-Total-PL5_A04_01 20200806_000100.raw	0.019047072	0.360804452	0.344978694	0.158240773	0.5403077	0.804746698	0.049982345	0.034272058	0.021941415	0.023869057	0.045333826	0.106705774	0.794671947	0.299345395	0.658603968	1.056035932	1.076034713	0.013160978	0.018357349	0.163708521	0.291382415	0.242640175	0.923220957	1.038477034	1.053780885	0.347449804
aligned_38075IM5-Total-PL5_A05_01 20200806_000101.raw	0.013235106	0.285217103	0.293420129	0.102672524	0.433384445	0.718202516	0.056702248	0.037289268	0.019832168	0.02648039	0.040191813	0.10719167	0.812146738	0.318502861	0.621449572	0.999543597	1.062423625	0.031608211	0.01537582	0.258325043	0.304302121	0.398959974	0.855368459	0.917073724	0.924944702	0.514956659
aligned_38075IM5-Total-PL5_A06_01 20200806_000102.raw	0.042958729	0.590640329	0.474541215	0.303620046	0.66170724	0.780861337	0.043498071	0.032975602	0.019927127	0.019201652	0.023566961	0.054626542	0.857100052	0.455477128	0.711198979	1.263027856	1.017550346	0.026481523	0.009121382	0.214150336	0.193112533	0.188231928	1.054153615	0.884947286	0.931625851	0.516521604
aligned_38075IM5-Total-PL5_A07_01 20200806_000103.raw	0.013015613	0.469304091	0.523760674	0.179350522	0.618719994	0.786030954	0.047931207	0.034517835	0.015545545	0.022055388	0.036796079	0.089481106	0.695159439	0.416462608	0.605612731	0.922905176	0.91480958	0.026568413	0.014364537	0.248227365	0.218007304	0.181233137	0.830436012	0.81031411	0.924944702	0.418054313
aligned_38075IM5-Total-PL5_A08_01 20200806_000104.raw	0.015021895	0.269184132	0.339659978	0.082953075	0.368043869	0.67233851	0.043572303	0.03309106	0.018528338	0.026897726	0.039187222	0.084335202	0.680169574	0.30989132	0.616559436	1.023172522	1.082587718	0.019803159	0.006318843	0.131462608	0.228184692	0.23925786	0.873590924	0.963961262	1.027955734	0.629907985
aligned_38075IM5-Total-PL5_A09_01 20200806_000105.raw	0.024208985	0.109211389	0.220008237	0.085492202	0.244080351	0.609889008	0.025048113	0.025838606	0.018456251	0.030024869	0.032674166	0.07217561	0.531354858	0.191542718	0.791941313	1.174428865	1.042350017	0.034542069	0.021389875	0.194237333	0.296456815	0.172127559	0.924956719	1.018584953	0.946748642	0.505375645
aligned_38075IM5-Total-PL5_A10_01 20200806_000106.raw	0.030355593	0.400108601	0.40490321	0.17447536	0.512884637	0.760391832	0.030488556	0.020745589	0.013577039	0.018579046	0.041785293	0.115080309	0.712617947	0.523465869	1.090413902	1.077330071	0.891443555	0.062979731	0.03227319	0.425540677	0.41284716	0.411676124	1.039980477	0.870588331	1.001753837	1.028944875
aligned_38075IM5-Total-PL5_A11_01 20200806_000107.raw	0.570603043	0.572460731	0.931634774	1.024317868	0.957950873	0.955851878	0.022552248	0.042481531	0.157633516	0.357910014	0.503778098	0.842211486	0.915632822	0.920696265	1.320695103	1.077330071	1.094973284	0.980648679	0.525121107	0.72096717	1.213399413	1.409569442	1.010226025	1.257148451	0.924944702	0.880658884
aligned_38075IM5-Total-PL5_B01_01 20200806_000109.raw	0.019434045	0.265931647	0.406786929	0.057087907	0.43359597	0.738113037	0.045535964	0.039780333	0.023972829	0.025862124	0.043313277	0.087337934	0.786804031	0.370956491	0.96480885	1.077330071	1.071286305	0.022537222	0.013654684	0.100363901	0.269093441	0.247675384	0.946508847	0.921006079	0.924944702	0.854875391
aligned_38075IM5-Total-PL5_B02_01 20200806_000110.raw	0.016559334	0.291989402	0.429839571	0.124723027	0.471106078	0.822359644	0.035063893	0.032841727	0.020733236	0.027734756	0.045535919	0.094832981	0.535797686	0.303644771	1.007253561	1.077330071	1.225260174	0.0455432	0.012513665	0.160395538	0.374544684	0.210395222	1.012987372	0.998377433	0.924944702	0.733102906
aligned_38075IM5-Total-PL5_B03_01 20200806_000111.raw	0.018418674	0.21169312	0.356502048	0.052325687	0.347465819	0.703655483	0.030750737	0.028520345	0.016307245	0.022284602	0.027530766	0.084575901	0.69939142	0.415019554	0.708988453	0.991339783	0.749247973	0.055241387	0.018338948	0.466477792	0.339128243	0.215500026	0.84971348	0.666277301	0.924944702	0.385959262
aligned_38075IM5-Total-PL5_B04_01 20200806_000112.raw	0.020513008	0.155878774	0.15994767	0.062683806	0.283408296	0.492810233	0.027213151	0.031376749	0.016770332	0.017085939	0.019370207	0.044950841	0.776195822	0.246354468	0.517953463	0.985201396	0.718404802	0.035418117	0.01819884	0.158246829	0.198769396	0.182322714	0.907874962	0.703801138	0.976196665	0.471608222
aligned_38075IM5-Total-PL5_B05_01 20200806_000113.raw	0.005537618	0.12849097	0.141421941	0.064171633	0.261680454	0.487106254	0.02937403	0.029861465	0.021135745	0.020736743	0.021249353	0.042101345	0.733552206	0.252733722	0.565161946	0.680333418	0.821875647	0.021516166	0.009729237	0.207690407	0.245652441	0.157915892	0.671213723	0.731907284	0.924944702	0.501868057
aligned_38075IM5-Total-PL5_B06_01 20200806_000114.raw	0.011115119	0.230943705	0.375655803	0.078445076	0.392441709	0.752579799	0.036294608	0.030485535	0.019243191	0.017852599	0.032035712	0.067998263	0.809669935	0.397983212	0.524728031	0.892028713	0.922778936	0.030603706	0.0149571	0.274901682	0.278910961	0.233444579	0.764947461	0.849179318	0.924944702	0.377881884
aligned_38075IM5-Total-PL5_B07_01 20200806_000115.raw	0.010923489	0.203420007	0.331024586	0.071322128	0.367203961	0.668144112	0.031778092	0.026008358	0.016983323	0.017118976	0.027232145	0.058376959	0.796207683	0.421465071	0.596178347	0.919900528	1.074238358	0.032474126	0.009039367	0.140165557	0.351265183	0.361539907	0.785705572	0.985294934	0.943261935	0.472754071
aligned_38075IM5-Total-PL5_B08_01 20200806_000116.raw	0.015231631	0.135657835	0.243794975	0.051082681	0.238810461	0.567516146	0.044996396	0.038537626	0.022831637	0.015441864	0.030507476	0.069311336	0.727963281	0.337071774	0.522765428	0.912682284	0.867567017	0.034433379	0.012305934	0.218133767	0.360997764	0.246860773	0.814039018	0.692018123	0.924944702	0.324099842
aligned_38075IM5-Total-PL5_B09_01 20200806_000117.raw	0.010800834	0.11687903	0.223626675	0.05524996	0.218711469	0.598195988	0.046157482	0.039528577	0.021696273	0.019271972	0.033419673	0.059029466	0.667638349	0.341489268	0.567876118	1.005035085	1.029691512	0.024685793	0.007826042	0.198868032	0.375560827	0.290794929	0.861341589	0.869924861	0.929626329	0.400080039
aligned_38075IM5-Total-PL5_B10_01 20200806_000118.raw	0.008381296	0.118098901	0.230348025	0.050129937	0.219941776	0.59264195	0.040366665	0.039384833	0.021010758	0.017786041	0.032397824	0.074288565	0.677016632	0.352613453	0.427006146	0.895829054	0.936623248	0.028820383	0.011542564	0.168209974	0.300227855	0.332550483	0.76742725	0.824116143	0.924944702	0.269081122
aligned_38075IM5-Total-PL5_B11_01 20200806_000119.raw	0.013375179	0.125546004	0.240264105	0.048176878	0.230037515	0.640265797	0.039201385	0.036481197	0.021890139	0.02257803	0.033039938	0.070226918	0.711604895	0.328403826	0.746388806	1.021618063	0.943335962	0.017645334	0.017420157	0.262973398	0.390115097	0.222717105	0.885980778	0.845031599	1.102666414	0.350625376
aligned_38075IM5-Total-PL5_B12_01 20200806_000120.raw	0.012967773	0.122986551	0.23629468	0.036392203	0.236051237	0.59872949	0.041961561	0.033422386	0.024476337	0.021431819	0.034440504	0.066330449	0.714906898	0.339382264	0.683726682	1.035125007	1.037266875	0.026882962	0.015277244	0.25159149	0.371655874	0.195551759	0.894034866	0.951675994	0.924944702	0.354890501
aligned_38075IM5-Total-PL5_C01_01 20200806_000122.raw	0.01406586	0.134645404	0.246405608	0.106404241	0.308955376	0.673898063	0.030215733	0.0254017	0.020184367	0.025154845	0.037018422	0.082690356	0.567119677	0.28181217	0.72680879	1.077330071	1.036835834	0.042947265	0.012739376	0.203158936	0.427483752	0.253393751	0.954842679	1.041288243	1.098932989	0.617778426
aligned_38075IM5-Total-PL5_C02_01 20200806_000123.raw	0.005794309	0.116310579	0.211501467	0.083349591	0.28058669	0.612326217	0.026850232	0.027043303	0.018922242	0.015687316	0.030790603	0.075535662	0.692996463	0.221073609	0.828674232	1.077330071	1.090289518	0.021131266	0.009898359	0.247529055	0.551310755	0.190741979	0.97181072	0.963961262	0.990121385	0.643156032
aligned_38075IM5-Total-PL5_C03_01 20200806_000124.raw	0.020074655	0.084343427	0.183332605	0.132568359	0.214142077	0.560837558	0.032966324	0.036063184	0.022593982	0.022470993	0.030296574	0.08481342	0.679216716	0.249567292	0.75009278	1.077330071	1.036835834	0.020398687	0.010261575	0.217068098	0.348731261	0.22780302	1.019516405	1.044527825	0.924944702	0.592420758
aligned_38075IM5-Total-PL5_C04_01 20200806_000125.raw	0.018622666	0.09674016	0.207068657	0.115744015	0.263238284	0.626202441	0.039513413	0.040011014	0.022775706	0.016447138	0.034981711	0.085513739	0.665056003	0.230577178	0.87596483	1.077330071	1.016904325	0.028841111	0.009107259	0.085858516	0.235547582	0.236897753	0.981773417	1.04182668	0.924944702	0.662166605
aligned_38075IM5-Total-PL5_C05_01 20200806_000126.raw	0.02125396	0.100891077	0.114788934	0.04933439	0.207411161	0.457860794	0.033830679	0.030725183	0.021589783	0.014604638	0.022535485	0.039952781	0.766965682	0.254526389	0.625155936	0.928390303	0.833462014	0.022323819	0.011702588	0.109713817	0.309267801	0.126666274	0.794216824	0.739627217	1.148000161	0.357851298
aligned_38075IM5-Total-PL5_C06_01 20200806_000127.raw	0.02940902	0.214450845	0.196890018	0.083705716	0.320067339	0.630959967	0.03722928	0.029790699	0.023720153	0.023873238	0.025547295	0.049374491	0.703207609	0.346382069	0.539624122	0.866112184	0.865210714	0.018926217	0.017522764	0.121596633	0.31667521	0.178390267	0.73999622	0.784634897	0.924944702	0.26268888
aligned_38075IM5-Total-PL5_C07_01 20200806_000128.raw	0.012827946	0.18274187	0.178928655	0.053847119	0.314701763	0.569318904	0.04087547	0.0310514	0.023279111	0.021318579	0.026940212	0.066684297	0.732324216	0.303976547	0.631025412	0.897684971	0.791905137	0.018976691	0.013000385	0.077900499	0.189290593	0.167236568	0.814778772	0.690593962	0.924944702	0.292920203
aligned_38075IM5-Total-PL5_C08_01 20200806_000129.raw	0.020333021	0.224345015	0.214137418	0.060231771	0.370545219	0.586874883	0.035095393	0.025723841	0.01889078	0.016545391	0.028623363	0.06139427	0.6233756	0.325188562	0.558759668	0.792327763	0.8347392	0.040230016	0.008932706	0.201615442	0.305072526	0.170786744	0.626655089	0.697226974	0.935345239	0.294649727
aligned_38075IM5-Total-PL5_C09_01 20200806_000130.raw	0.02486139	0.204747147	0.196488107	0.071145307	0.319341437	0.550825072	0.04585546	0.035343927	0.0239103	0.027352499	0.032040472	0.050172014	0.780708501	0.309407958	0.562399448	0.874442328	0.888129683	0.021253231	0.012099894	0.115484662	0.325874534	0.240414426	0.775779684	0.796668146	1.040208716	0.223193704
aligned_38075IM5-Total-PL5_C10_01 20200806_000131.raw	0.032657976	0.172955052	0.17603383	0.067762745	0.26205374	0.521722917	0.043296759	0.029862103	0.022357133	0.021590192	0.024937686	0.061482954	0.752543222	0.291128637	0.584708154	0.86391938	0.78111607	0.021518926	0.015395734	0.108025875	0.231506461	0.229387788	0.735268159	0.695716722	0.979428703	0.257161144
aligned_38075IM5-Total-PL5_C11_01 20200806_000132.raw	0.025305888	0.195239866	0.258245204	0.10986934	0.368863502	0.677387715	0.035887049	0.035523451	0.021754063	0.01645579	0.033707867	0.067820991	0.832483331	0.358022282	0.669700797	1.043316905	0.884253757	0.034903492	0.017377297	0.248622506	0.308633878	0.239791742	0.989738069	0.898786287	0.924944702	0.386036679
aligned_38075IM5-Total-PL5_D01_01 20200806_000134.raw	0.015870601	0.681545268	0.808471619	0.576006562	0.923100848	0.777232643	0.067854163	0.055177747	0.02282363	0.019621978	0.038689119	0.081001251	0.918466623	0.737717179	0.536741874	1.051761311	0.994858324	0.011470487	0.021411514	0.381398427	0.531857362	0.597460901	0.915509263	0.911347875	0.947728751	0.343829827
aligned_38075IM5-Total-PL5_D02_01 20200806_000135.raw	0.026680468	0.67758489	0.795029299	0.605654882	0.908225136	0.771932931	0.070706567	0.05600463	0.02842071	0.022593917	0.040653355	0.079929185	0.905194679	0.674839948	0.662253711	1.014289062	0.987147328	0.01283564	0.015654578	0.201021525	0.374632543	0.419223663	0.899871458	0.900591685	0.978942996	0.280363805
aligned_38075IM5-Total-PL5_D03_01 20200806_000136.raw	0.019876319	0.62463579	0.777845191	0.468274062	0.834497271	0.784221737	0.066249339	0.052816848	0.022970443	0.021382669	0.037721251	0.089185741	0.960704861	0.703941089	0.625632655	1.034194687	1.026236452	0.020539171	0.017208177	0.291406606	0.453934394	0.537120336	0.890124923	0.932640552	1.17380858	0.275706245
aligned_38075IM5-Total-PL5_D04_01 20200806_000137.raw	0.013833821	0.678290784	0.77872994	0.43088893	0.828592389	0.807281077	0.066969425	0.052405783	0.019159957	0.023341518	0.037864746	0.076483736	0.957132495	0.734891832	0.565827464	1.046541447	1.036835834	0.028352987	0.03172281	0.274147431	0.477047088	0.645515655	0.89700782	0.963961262	1.044826483	0.252122771
aligned_38075IM5-Total-PL5_D05_01 20200806_000138.raw	0.023404533	0.680129169	0.782780862	0.488111732	0.903323419	0.800683404	0.066551323	0.053607407	0.025308193	0.021308233	0.037752397	0.084247217	0.954151656	0.727515199	0.62737733	1.077036092	1.036835834	0.019784113	0.022274947	0.196550119	0.52928487	0.63417124	0.923220957	0.963961262	1.055573882	0.300011317
aligned_38075IM5-Total-PL5_D06_01 20200806_000139.raw	0.007901062	0.119121935	0.185881077	0.043326078	0.193617604	0.681297238	0.026134555	0.023136034	0.016296048	0.018268743	0.02419598	0.066901944	0.700349449	0.436646595	0.755265497	0.844343315	0.934766339	0.077359593	0.015913865	0.405067383	0.340552098	0.191779864	0.737974711	0.766596143	0.92990441	0.407629171
aligned_38075IM5-Total-PL5_D07_01 20200806_000140.raw	0.009117745	0.081693182	0.154820791	0.022026448	0.147522364	0.554820708	0.030913031	0.030551466	0.01568295	0.01809799	0.028663696	0.043724584	0.730075645	0.401218975	0.950189181	0.901119466	0.952876063	0.059852759	0.015075372	0.229756715	0.30957221	0.09176915	0.754016288	0.86137969	0.924944702	0.608963713
aligned_38075IM5-Total-PL5_D08_01 20200806_000141.raw	0.010195581	0.106286017	0.171642116	0.035314595	0.227845723	0.672426702	0.017654644	0.0184023	0.017463795	0.021483378	0.019984232	0.054364254	0.798672744	0.456755553	0.869985717	0.937304605	0.965330414	0.076966431	0.036042229	0.447185894	0.449067703	0.244153245	0.79991188	0.839711113	0.924944702	0.895927853
aligned_38075IM5-Total-PL5_D09_01 20200806_000142.raw	0.008387683	0.113112747	0.187203612	0.040895528	0.218768426	0.700018085	0.021335236	0.023112303	0.012106836	0.018088484	0.021376118	0.044501048	0.783293508	0.419881451	0.97695007	1.025894952	1.036835834	0.078040416	0.04219363	0.422655788	0.663475769	0.27443829	0.868119602	0.96489496	0.924944702	0.801800194
aligned_38075IM5-Total-PL5_D10_01 20200806_000143.raw	0.010871048	0.102720969	0.168882947	0.056617328	0.231877897	0.627896476	0.02796244	0.021369674	0.015351837	0.017638076	0.029856883	0.074993807	0.846024211	0.478210582	1.183318488	1.085380734	1.049836465	0.099701525	0.034877348	0.556439789	0.608792914	0.151127844	0.923220957	0.963961262	0.924944702	0.935715828
aligned_38075IM5-Total-PL5_D11_01 20200806_000144.raw	0.603309829	0.429828697	0.922943273	1.159748491	0.912701381	0.972116781	0.021271891	0.080266249	0.216051992	0.44405181	0.547937244	0.923048101	0.982730462	0.920696265	0.932637364	1.077330071	1.097996432	0.920864116	0.811014424	1.09572179	1.260564055	1.175659274	1.015226969	0.963961262	1.201490812	0.740657208
aligned_38075IM5-Total-PL5_E01_01 20200806_000149.raw	0.016003486	0.217422304	0.341225985	0.135552914	0.42916859	0.67527997	0.045510988	0.040972833	0.022365164	0.017585262	0.027459032	0.063111812	0.777099351	0.4207036	0.605786672	0.876268256	0.932431852	0.029751335	0.012145903	0.102180993	0.36450717	0.256777562	0.747130642	0.830535879	0.938292889	0.2850374
aligned_38075IM5-Total-PL5_E02_01 20200806_000150.raw	0.018495304	0.256832393	0.350974543	0.104722251	0.462551978	0.743560856	0.031226393	0.030891431	0.01959252	0.020081014	0.027023375	0.060152031	0.641018428	0.444343966	0.540302137	0.948330039	1.032741424	0.066698233	0.021703475	0.291639868	0.379173113	0.162838335	0.80250476	0.838673015	1.088021632	0.396118476
aligned_38075IM5-Total-PL5_E03_01 20200806_000151.raw	0.013810951	0.203304753	0.313618633	0.067498036	0.429092221	0.72112238	0.043237091	0.03686634	0.020977166	0.019679724	0.023423081	0.066027453	0.769361414	0.403441897	0.589217774	0.881553539	1.030515869	0.03496761	0.016287508	0.095956009	0.264287105	0.251514285	0.75597024	0.863166809	0.95667814	0.20717803
aligned_38075IM5-Total-PL5_E04_01 20200806_000152.raw	0.013939262	0.204338976	0.314085118	0.070325512	0.416312669	0.78149392	0.041949037	0.037024683	0.022483315	0.018740355	0.028372989	0.063764043	0.730662594	0.412708751	0.709514054	0.904540873	0.930541514	0.031769853	0.010432879	0.095958698	0.280950881	0.156444398	0.752870427	0.842712022	0.924944702	0.331898237
aligned_38075IM5-Total-PL5_E05_01 20200806_000153.raw	0.024864321	0.198008141	0.329195465	0.09663587	0.450722158	0.761488657	0.047743625	0.043029577	0.026591584	0.021496861	0.026931015	0.05709003	0.742240306	0.407059037	0.535221033	0.898404134	0.847973275	0.03574514	0.005202801	0.137070728	0.304319846	0.198581463	0.758718276	0.738168348	1.011222153	0.239008432
aligned_38075IM5-Total-PL5_E06_01 20200806_000154.raw	0.018749392	0.164667907	0.327764807	0.080396148	0.293915345	0.772588825	0.027778904	0.032322646	0.019033143	0.018271982	0.032837521	0.081684675	0.808948874	0.40164972	0.63355139	0.817466757	1.00959551	0.036724342	0.013202796	0.212750969	0.528423186	0.211257887	0.685217168	0.870272575	0.924944702	0.464881375
aligned_38075IM5-Total-PL5_E07_01 20200806_000155.raw	0.022259819	0.156861781	0.325883072	0.118243185	0.321272894	0.730144789	0.033395118	0.037132351	0.025676448	0.014337071	0.028702484	0.073918763	0.786933204	0.39632762	0.597796638	0.925876135	0.986747646	0.025466343	0.01593674	0.154434661	0.417186177	0.244746341	0.80217185	0.890856652	0.966789596	0.340424774
aligned_38075IM5-Total-PL5_E08_01 20200806_000156.raw	0.017881928	0.140165708	0.288227466	0.070685034	0.297626441	0.747460792	0.038470003	0.038399406	0.024952028	0.016271885	0.031627661	0.074485592	0.683625186	0.372329804	0.703287814	0.72643189	0.884944247	0.018639336	0.005826125	0.230767341	0.326908235	0.220595168	0.626124384	0.868219175	0.924944702	0.37587299
aligned_38075IM5-Total-PL5_E09_01 20200806_000157.raw	0.026207413	0.155011306	0.342386596	0.053143721	0.314192639	0.745173558	0.034581038	0.033303555	0.02704234	0.020313001	0.028584129	0.070472619	0.72951639	0.42854756	0.629050405	0.85738472	0.958427854	0.029318231	0.007641168	0.054217388	0.357535023	0.214660042	0.732353225	0.770151138	1.034828642	0.38516595
aligned_38075IM5-Total-PL5_E10_01 20200806_000158.raw	0.030166059	0.165552099	0.328066699	0.070275225	0.313424834	0.586321295	0.037301398	0.037078006	0.025554966	0.014748654	0.028462047	0.064625711	0.710949065	0.387673661	0.527466014	0.833911871	0.864949254	0.020251178	0.017387715	0.167288156	0.287274788	0.24448508	0.738962827	0.767098449	0.924944702	0.393755341
aligned_38075IM5-Total-PL5_E11_01 20200806_000159.raw	0.041389021	0.216464493	0.270676155	0.153089255	0.387430166	0.773588415	0.025439861	0.02864359	0.021098733	0.026526254	0.040789881	0.06835244	0.820136736	0.362148378	0.952131713	1.077330071	1.036835834	0.055703556	0.018810394	0.224279353	0.537015424	0.279376911	0.970001399	1.057641372	1.01607273	0.771287547
aligned_38075IM5-Total-PL5_F01_01 20200806_000161.raw	0.050790601	0.177472565	0.295771641	0.123364556	0.391724798	0.682629985	0.038296368	0.038272602	0.027327522	0.012152707	0.029241776	0.070447856	0.848455566	0.321998271	0.580212006	1.039503719	1.006477811	0.021249761	0.007311757	0.070545607	0.311044227	0.203702246	0.908639704	0.922572823	1.12457517	0.424052272
aligned_38075IM5-Total-PL5_F02_01 20200806_000162.raw	0.050873488	0.123315393	0.248917471	0.14667063	0.26199495	0.606226262	0.039509501	0.043434929	0.029873928	0.027160694	0.027778376	0.066930809	0.747303896	0.31113767	0.577846583	1.01802561	0.916523413	0.02050569	0.013715258	0.10341409	0.199513682	0.210360848	0.889164806	0.879309896	0.992803707	0.263455774
aligned_38075IM5-Total-PL5_F03_01 20200806_000163.raw	0.061410948	0.152751039	0.273849728	0.17381047	0.377511739	0.689002818	0.041185736	0.045085124	0.030142788	0.019927949	0.026940646	0.064670406	0.754883432	0.282743601	0.586564525	1.054919558	1.010250788	0.017353169	0.007194863	0.063601228	0.290866537	0.208463176	0.909092422	0.934999724	1.01426848	0.217047787
aligned_38075IM5-Total-PL5_F04_01 20200806_000164.raw	0.04641892	0.15534896	0.269910914	0.148888608	0.36152726	0.690043057	0.034687784	0.038037295	0.027055565	0.01636929	0.024331736	0.064725444	0.757901364	0.281844703	0.71819619	1.04534211	1.0734199	0.023808172	0.011386602	0.071430529	0.302809896	0.190591381	0.991884799	0.970027938	0.924944702	0.284825231
aligned_38075IM5-Total-PL5_F05_01 20200806_000165.raw	0.064914035	0.130441473	0.251274247	0.170765632	0.32095775	0.672778821	0.042182688	0.045335209	0.033118097	0.012358545	0.026358227	0.067487896	0.762475704	0.316890199	0.528583832	1.077330071	1.036835834	0.013557029	0.01093968	0.101992195	0.225635407	0.198464879	0.923220957	1.013439942	0.956929167	0.218241709
aligned_38075IM5-Total-PL5_F06_01 20200806_000166.raw	0.028518987	0.063769135	0.102589725	0.124616999	0.171382825	0.535023746	0.027256159	0.025150956	0.021743739	0.015230887	0.032561956	0.079862184	0.73715257	0.272628178	0.554171522	1.049575221	0.83343026	0.055215625	0.012136946	0.22053528	0.607040154	0.297538087	0.927828229	0.74247537	0.924944702	0.286018758
aligned_38075IM5-Total-PL5_F07_01 20200806_000167.raw	0.02722433	0.063937109	0.107220903	0.158334468	0.174174047	0.584680594	0.026269112	0.030516661	0.025695854	0.018980882	0.035550961	0.071651806	0.741810707	0.285242686	0.680759899	0.97893843	0.790617946	0.035781358	0.015208417	0.105818475	0.515960658	0.179406192	0.833762245	0.695652571	0.925092247	0.255147768
aligned_38075IM5-Total-PL5_F08_01 20200806_000168.raw	0.028873189	0.061834662	0.10040989	0.118518009	0.19512214	0.498637755	0.021628857	0.026322059	0.022237303	0.022040049	0.035532905	0.088744475	0.699912232	0.251980503	0.511555848	1.077330071	0.87595209	0.076434289	0.013453037	0.215458298	0.488993498	0.265087104	0.923220957	0.780727259	0.924944702	0.261860891
aligned_38075IM5-Total-PL5_F09_01 20200806_000169.raw	0.027557087	0.077083282	0.120958861	0.160774506	0.256661113	0.638121082	0.019353804	0.021862617	0.014908264	0.030045919	0.047595147	0.106346066	0.850908506	0.277955493	0.727845759	1.077330071	0.983241545	0.108001046	0.022316657	0.291896336	0.872142908	0.340955011	0.923220957	0.904976468	1.033250836	0.477964055
aligned_38075IM5-Total-PL5_F10_01 20200806_000170.raw	0.024379424	0.065138453	0.110962956	0.142491319	0.200860564	0.488660099	0.027233065	0.030738713	0.021763474	0.017504558	0.030961471	0.078850694	0.712404255	0.271257108	0.543992744	0.983700435	0.811378368	0.062497233	0.010568931	0.241670753	0.612808226	0.171443364	0.849817858	0.694495629	0.924944702	0.254600203
aligned_38075IM5-Total-PL5_F11_01 20200806_000171.raw	0.699730763	0.642895275	1.053511884	1.051992095	0.912701381	0.940931972	0.032675186	0.067065513	0.228467396	0.526605944	0.602658688	0.923048101	0.915632822	0.920696265	1.00250883	1.077330071	1.036835834	0.920864116	0.646391701	0.867404093	1.135519074	1.029618427	0.934366823	0.963961262	0.958950665	0.885512403
aligned_38075IM5-Total-PL5_G01_01 20200806_000173.raw	0.008712003	0.075206118	0.174431196	0.051469589	0.183361848	0.587463502	0.019981475	0.024882116	0.017890918	0.039728953	0.03524575	0.079152317	0.833133175	0.349976152	0.861798808	1.077330071	1.057417202	0.051187677	0.02111027	0.262573056	0.723567102	0.29234152	0.948246343	0.963961262	1.150916046	0.747311937
aligned_38075IM5-Total-PL5_G02_01 20200806_000174.raw	0.014639733	0.070223749	0.165182315	0.06249541	0.138295962	0.490458348	0.034834998	0.040251663	0.024717875	0.019299421	0.029714557	0.069536705	0.761183401	0.274489198	0.797084127	1.070410968	1.037925452	0.03297396	0.018246076	0.138672476	0.4206035	0.229354908	0.931311466	0.960688044	0.928066362	0.654119023
aligned_38075IM5-Total-PL5_G03_01 20200806_000175.raw	0.020204066	0.057456375	0.144411819	0.05551183	0.119924805	0.436302901	0.03429829	0.039155015	0.023100871	0.013313875	0.027630796	0.053436519	0.722192191	0.247814051	0.575509984	1.047074406	0.973768185	0.030349715	0.011442534	0.112640528	0.337459103	0.228720182	0.954312362	0.902177467	1.068911785	0.440105458
aligned_38075IM5-Total-PL5_G04_01 20200806_000176.raw	0.011494752	0.064584266	0.15691823	0.059232681	0.126298628	0.440366321	0.03394422	0.037088282	0.024985906	0.015572035	0.026087669	0.049743183	0.747601661	0.244925051	0.69249984	1.077330071	1.035226487	0.019538373	0.013481062	0.094991452	0.338809313	0.211391485	0.92920183	0.969476317	0.924944702	0.407784913
aligned_38075IM5-Total-PL5_G05_01 20200806_000177.raw	0.02265724	0.062848016	0.145458519	0.053690435	0.111097556	0.480875656	0.029635226	0.031859962	0.023714281	0.014230781	0.023857527	0.049877179	0.662735945	0.223799147	0.748757685	1.017198214	0.974202798	0.029179055	0.009808305	0.060792408	0.378966079	0.195876439	0.890482506	0.893948897	0.924944702	0.605120699
aligned_38075IM5-Total-PL5_G06_01 20200806_000178.raw	0.049475081	0.238350498	0.293663732	0.52101877	0.71082384	0.933476379	0.031208447	0.031874809	0.026796676	0.049141174	0.048072014	0.154808602	0.996643345	0.593541617	1.033030549	1.077330071	1.083124998	0.190539559	0.028778377	0.433588528	1.063158963	0.602906579	0.954472056	1.008928326	0.970325157	0.961416701
																										
Isotopic Pattern Quality (3+)	IgGI1H3N4	IgGI1H4N4	IgGI1H5N4	IgGI1H3N5	IgGI1H4N5	IgGI1H5N5	IgGI1H3N4F1	IgGI1H4N4F1	IgGI1H5N4F1	IgGI1H3N5F1	IgGI1H4N5F1	IgGI1H5N5F1	IgGI1H4N4S1	IgGI1H5N4S1	IgGI1H5N4S2	IgGI1H4N5S1	IgGI1H5N5S1	IgGI1H4N4F1S1	IgGI1H5N4F1S1	IgGI1H5N4F1S2	IgGI1H4N5F1S1	IgGI1H5N5F1S1	IgGI1H4N5F2	IgGI1H5N5F2	IgGI1H4N4F2S1	IgGI1H5N4F2S1
Fraction	0.978335887	0.973446769	0.967959697	0.972130484	0.966475822	0.960210759	0.973817224	0.968364975	0.962305248	0.966891046	0.960660177	0.953814889	0.96321064	0.956622851	0.979382475	0.954828344	0.981262795	0.957089849	0.982337811	0.975829405	0.981505389	0.977914576	0.954296081	0.981012967	0.950420079	0.979115684
Monoisotopic Mass	[830.3351937513213]	[884.3528081559174]	[938.3704218821171]	[898.0283205855271]	[952.0459343976877]	[1006.0635476331855]	[879.0211698342883]	[933.0387835681089]	[987.0563967221351]	[946.7142960846386]	[1000.7319093267096]	[1054.7495220706355]	[981.3846184674943]	[1035.4022314469785]	[1132.434040354303]	[1049.077744225187]	[1103.0953568211567]	[1030.070593143502]	[1084.0882056651824]	[1181.120014074212]	[1097.7637185238575]	[1151.7813307206313]	[1049.4178837699544]	[1103.4354960864405]	[1078.7565673671827]	[1132.774179489499]
alignedLin_38075IM5-Spike-PL4_F04_01 20200803_000068.raw	1.223520141	0.913742919	1.107095431	1.11947879	1.368236525	1.203174383	0.677082177	0.99287191	1.132524472	1.165427128	1.706823477	1.276105851	1.161393436	1.236992385	0.910121387	1.488572446	0.93487377	1.492356308	1.271809347	1.266731714		0.960642398	1.236311753	0.81050064	1.280940262	0.982058677
alignedLin_38075IM5-Spike-PL4_H01_01 20200803_000091.raw	1.111093441	0.945274711	1.239061674	0.916726323	1.355734082	1.354728369	0.155105927	0.26973659	0.534770088	0.457116692	1.148153688	1.237376573	1.007491539	1.236992385	0.901053636	1.42802367	1.081334657	1.077457679	0.497686658	0.934508314	1.308926893	0.879077233	1.236311753	0.87162105	1.280940262	0.946584183
alignedLin_38075IM5-Spike-PL4_H04_01 20200803_000094.raw	1.112004798	0.821034764	1.192651042	0.869519579	1.183324417	1.260850034	0.539291465	0.714376653	0.873517856	0.531004454	1.265150156	1.239529842	0.98375746	1.236992385	0.887570148	1.488572446	0.958544274	1.446740861	1.266560084	0.992610779		0.907724069	1.236311753	0.764855871	1.280940262	0.953512166
alignedLin_38075IM5-Spike-PL5_A11_01 20200804_000015.raw	1.133666878	0.85674799	1.138414403	1.523469258	0.802056855	1.188591706	0.216815748	0.329944699	0.600981315	0.624357283	1.265150156	1.122968037	1.226291759	1.06803247	1.074685321	1.488572446	0.810119047	1.360463544	0.989911835	1.195426043		0.97604094	1.236311753	0.79614617	1.606774212	1.103901912
alignedLin_38075IM5-Spike-PL5_B11_01 20200804_000027.raw	1.186480743	1.129768693	1.100139183	0.67091652	1.129375488	1.222908479	0.24891701	0.250783069	0.835409789	0.469930869	1.706823477	1.459528913	0.81486485	1.236992385	0.792966364	1.488572446	0.971233199	1.43073497	0.901054211	1.266731714		1.010495256	1.236311753	0.84890897	0.821480965	0.992581918
alignedLin_38075IM5-Spike-PL5_C03_01 20200804_000032.raw	1.255630456	0.76936765	0.659619551	1.03624554	1.158851699	1.222937494	0.209515392	0.282099591	0.760587563	0.536227732	1.265150156	1.410049425		0.94315167	0.987853331	1.488572446	0.965321596	1.492356308	0.746342848	0.851787977		1.154495065	1.236311753	0.786178645	1.280940262	1.062692715
alignedLin_38075IM5-Spike-PL5_C10_01 20200804_000039.raw	1.290871506	0.994206314	0.728020738	0.736585373	0.852142365	1.270278703	0.191618108	0.244024759	0.705762949	0.507017819	1.706823477	1.449724748	0.458307812	1.132407768	0.963738085	1.488572446	0.969575995	1.366889273	0.964701196	1.449040773		0.989970815	1.323745478	0.814612549	1.280940262	0.928563703
alignedLin_38075IM5-Spike-PL5_D01_01 20200804_000042.raw	1.224137827	0.864122718	0.661734086	0.830353258	0.97461684	1.252396454	0.225063064	0.320305726	0.62669221	0.54513623	1.587819192	1.426068393	0.912688603	0.924329105	1.001920513	1.488572446	0.987738297	1.459225765	0.894161439	1.183087663		1.007394047	1.236311753	0.802341901	1.280940262	1.068222836
alignedLin_38075IM5-Spike-PL5_D09_01 20200804_000050.raw	1.171848212	0.807482913	0.94591982	0.686747459	1.057993035	1.232189613	0.271428854	0.284869963	0.887000969	0.544102729	1.706823477	1.425963786		1.136640423	0.904059665	1.488572446	0.980693637	1.309156061	0.958824593	1.104104293		1.070406861	1.241416054	0.811536951	1.280940262	1.02098128
alignedLin_38075IM5-Spike-PL5_D11_01 20200804_000052.raw	1.179611521	1.019169556	1.106748435	0.888692471	1.14263761	1.208938968	0.165887317	0.30104021	0.578367617	0.997602848	1.706823477	1.07678659	1.279640126	1.236992385	0.989894578	1.488572446	0.911618353	1.323713919	0.955284397	1.449040773		0.956402094	1.258772955	0.787716849	1.280940262	1.039460191
alignedLin_38075IM5-Spike-PL5_E04_01 20200804_000060.raw	1.242827214	0.828788202	0.545289358	0.708346796	1.117373465	1.312126166	0.14235236	0.288023319	0.799747766	0.594313475	1.706823477	1.342651537		0.820259927	0.95526769	1.488572446	0.957030125	1.48980174	0.821916344	1.449040773		1.143285125	1.265772243	0.837482804	1.280940262	0.972018959
alignedLin_38075IM5-Spike-PL5_E09_01 20200804_000065.raw	1.204494865	1.247059878	1.10927668	0.797166471	0.996295879	1.293416052	0.226559603	0.236893613	0.635098878	0.44959218	1.706823477	1.460331512	0.937326832	1.236992385	0.996191022	1.488572446	0.975533485	1.217594484	0.864835313	1.119162636		1.160397791	1.236311753	0.853492831	0.69706667	0.866999191
alignedLin_38075IM5-Spike-PL5_G02_02 20200804_000087.raw	1.167237319	0.565228218	0.765717031	1.339378625	0.921462966	1.262963297	0.118154511	0.193350905	0.596226365	0.471732604	0.954628619	1.286113173		0.935304463	1.017562287	1.488572446	0.967159824	1.381079334	0.662759435	0.805911564		1.094613344	1.236311753	0.821124219	1.280940262	1.06387875
aligned_38075IM5-Spike-PL4_A01_01 20200803_000005.raw	0.186319738	0.644546275	0.696649069	0.453092407	0.782231365	1.162152713	0.046189884	0.044302877	0.036313356	0.038522931	0.017705508	0.652700148	0.37887273	0.537864509	1.263923594	1.488572446	0.993668831	0.043763615	0.038715007	0.348892594	0.29142509	0.388520909	1.236311753	0.8399866	1.280940262	1.035993438
aligned_38075IM5-Spike-PL4_A02_01 20200803_000006.raw	0.157104306	0.617669074	0.62270979	0.395323907	0.768390152	1.148353377	0.048562387	0.047346202	0.041012784	0.032405671	0.02204976	0.693191985	0.389199987	0.473568577	1.26935891	1.488572446	0.983514058	0.031679279	0.030764438	0.199652129	0.28404535	0.298034423	1.236311753	0.833349746	1.280940262	1.013316666
aligned_38075IM5-Spike-PL4_A03_01 20200803_000007.raw	0.153509544	0.588052681	0.591391239	0.362423589	0.738132278	1.140369301	0.04724068	0.047329486	0.038999852	0.035676262	0.02420048	0.614028516	0.34668354	0.416225223	1.226731144	1.488572446	0.881204963	0.029698356	0.035432065	0.164194174	0.239665854	0.320550177	1.236311753	0.835594571	1.280940262	0.958741037
aligned_38075IM5-Spike-PL4_A04_01 20200803_000008.raw	0.057308005	0.398131621	0.581766023	0.167317513	0.692845593	1.117744701	0.043948903	0.045344165	0.039180285	0.036242222	0.021008373	0.532327154	0.243137629	0.335442517	1.185498815	1.488572446	1.003780809	0.028478257	0.040479213	0.126344929	0.159148438	0.210222879	1.388322061	0.878388798	1.280940262	0.995001726
aligned_38075IM5-Spike-PL4_A05_01 20200803_000009.raw	0.068306822	0.39595958	0.597449392	0.206301968	0.676152201	1.100797896	0.042972754	0.044566808	0.039839068	0.041076586	0.023009498	0.482388313	0.249772398	0.338923691	1.238449906	1.488572446	0.979658899	0.030458897	0.038389731	0.12848583	0.147653094	0.259773336	1.236311753	0.826109671	1.280940262	0.98869419
aligned_38075IM5-Spike-PL4_A06_01 20200803_000010.raw	0.970979455	1.0685256	1.122755604	1.523646717	0.958969125	1.282047752	0.379264489	0.663157936	0.828717718	0.877420774	1.265150156	1.278034299	0.947899185	0.947622937	1.047694571	1.477540679	0.676632822	1.492356308	1.30558879	0.75846919		1.041944066	1.227911753	0.760723749	1.280940262	1.01591288
aligned_38075IM5-Spike-PL4_A07_01 20200803_000011.raw	1.297637245	1.54353613	0.870698625	0.888569517	1.294257127	1.260857667	0.055007969	0.359130738	1.022762254	0.319660062	1.359777955	1.25268053	1.331328536	1.10508719	0.976354989	1.413252105	0.961375643	1.492356308	1.129850982	1.284201281		1.065293837	1.236311753	0.844428759	1.632388817	1.001620739
aligned_38075IM5-Spike-PL4_A08_01 20200803_000012.raw	0.113261977	0.313464876	0.482107578	0.536767211	0.902252402	1.133916478	0.037684908	0.05319681	0.049897894	0.035209896	0.025449722	0.30520309	0.390640493	0.305992157	1.263923594	1.488572446	1.106209256	0.025191465	0.058102352	0.054304582	0.20113635	0.154438036	1.236311753	0.885829464	1.280940262	1.261360308
aligned_38075IM5-Spike-PL4_A09_01 20200803_000013.raw	0.120353349	0.337245014	0.505545117	0.477794989	0.878457475	1.120246349	0.035950812	0.053217036	0.049523015	0.036882667	0.018808767	0.286787894	0.37575374	0.29941678	1.263923594	1.488572446	1.124957948	0.024191796	0.052898654	0.053885354	0.155051423	0.140418674	1.236311753	0.918200699	1.280940262	1.062665111
aligned_38075IM5-Spike-PL4_A10_01 20200803_000014.raw	0.116175417	0.315482013	0.483787253	0.447639525	0.881036851	1.191971265	0.039174152	0.051960955	0.045224195	0.026036238	0.02177438	0.277618186	0.323009597	0.31377579	1.263923594	1.488572446	1.094091333	0.02130537	0.051578207	0.060391622	0.180592607	0.156092347	1.236311753	0.894076371	1.280940262	1.055251238
aligned_38075IM5-Spike-PL4_A11_01 20200803_000015.raw	0.040413221	0.108114573	0.207134132	0.174836851	0.195903618	0.551961743	0.045099457	0.059371862	0.061166049	0.041958296	0.051121556	0.028559086	0.132053723	0.128639625	0.491376763	0.425021107	0.590587104	0.036555222	0.074399222	0.035832136	0.039967838	0.096339917	0.344419735	0.501894891		0.09475706
aligned_38075IM5-Spike-PL4_A12_01 20200803_000016.raw	0.042479772	0.100244115	0.191091423	0.156908535	0.177282858	0.581431507	0.044738321	0.059411631	0.059118143	0.041671351	0.051335278	0.030463814	0.144420626	0.125355911	0.474549902	0.445431639	0.651843925	0.036966111	0.071051915	0.031207092	0.037348421	0.092223461	0.322342248	0.542096727		0.105364492
aligned_38075IM5-Spike-PL4_B01_01 20200803_000018.raw	0.23212011	0.484201503	0.594571575	1.314934015	0.888922103	1.222608772	0.041361481	0.050841741	0.036573704	0.031980309	0.019750231	0.539069784	0.321211382	0.491870693	0.959465629	1.488572446	1.014779806	0.032020626	0.036241985	0.142574019	0.282652497	0.262168947	1.236311753	0.786571594	1.280940262	0.946827193
aligned_38075IM5-Spike-PL4_B02_01 20200803_000019.raw	0.233307394	0.504642712	0.599538019	0.734526111	0.905927634	1.246013744	0.041952668	0.048787314	0.036828553	0.038409372	0.018392395	0.540408391	0.278407652	0.491025639	0.908747434	1.488572446	1.024289544	0.034296557	0.03705048	0.199053356	0.297180565	0.264240685	1.236311753	0.835424487	1.280940262	0.988280016
aligned_38075IM5-Spike-PL4_B03_01 20200803_000020.raw	0.271152466	0.58445054	0.64904238	0.70626595	0.859877064	1.244865967	0.03907677	0.044186063	0.038606988	0.034569969	0.023282965	0.453383382	0.416019362	0.587310948	0.99785077	1.488572446	0.998157565	0.044123921	0.041389688	0.263256447	0.351421123	0.344799863	1.236311753	0.828705965	1.280940262	1.000277726
aligned_38075IM5-Spike-PL4_B04_02 20200803_000101.raw	0.320353981	0.658569394	0.776822534	0.869702839	0.903416383	1.099268516	0.038282517	0.044607106	0.037625307	0.053102842	0.025524937	0.53355311	0.481970262	0.673894357	0.944313234	1.488572446	0.93122713	0.039503815	0.037956868	0.295738846	0.437300624	0.445303034	1.236311753	0.808361673	1.280940262	1.02271945
aligned_38075IM5-Spike-PL4_B05_01 20200803_000022.raw	0.31887574	0.504738198	0.550740231	0.704259263	0.890916887	1.299564214	0.036606959	0.043168575	0.040607295	0.034136169	0.019382533	0.529773713	0.416019362	0.614436348	0.912989262	1.488572446	0.934901553	0.048380584	0.038053738	0.298106952	0.516878336	0.363878783	1.236311753	0.786455588	1.280940262	0.953964823
aligned_38075IM5-Spike-PL4_B06_01 20200803_000023.raw	0.135763504	0.447236867	0.550637831	0.688492476	0.924282757	1.147633513	0.043132107	0.048685243	0.040074632	0.031673671	0.019308983	0.648120913	0.391293028	0.433063723	1.263923594	1.488572446	1.057005102	0.0276973	0.043593539	0.080097829	0.121869679	0.243092656	1.299427308	0.872928508	1.280940262	0.983228503
aligned_38075IM5-Spike-PL4_B07_01 20200803_000024.raw	0.167679932	0.50724379	0.629602024	0.731128544	0.895103331	1.160884868	0.041255229	0.054444845	0.046351727	0.051563186	0.013548564	0.583937343	0.361919442	0.498763531	1.263498361	1.488572446	0.965907342	0.031927811	0.045869174	0.13405873	0.251405911	0.29722642	1.288418868	0.815672781	1.280940262	0.992002783
aligned_38075IM5-Spike-PL4_B08_01 20200803_000025.raw	0.352911566	0.549329177	0.635821988	0.81419159	0.882679411	1.215803988	0.037988526	0.047972888	0.047085754	0.047582824	0.027625889	0.786684893	0.509577408	0.523212838	1.04559345	1.488572446	0.984420671	0.044124134	0.04145856	0.180438514	0.403028213	0.438551101	1.236311753	0.814907006	1.280940262	0.9790401
aligned_38075IM5-Spike-PL4_B09_01 20200803_000026.raw	0.433726246	0.560629601	0.617288751	0.81885258	0.874345983	1.213697049	0.033526476	0.053124807	0.046346451	0.084600736	0.043323527	0.705965598	0.416019362	0.603345096	0.983612192	1.488572446	0.96906713	0.053402746	0.042759102	0.318327753	0.854140206	0.573270356	1.236311753	0.814311879	1.280940262	0.960336928
aligned_38075IM5-Spike-PL4_B10_01 20200803_000027.raw	1.221153738	1.313421106	0.99054036	0.850669665	1.306995732	1.309109689	0.532431569	0.860508515	1.033968463	1.140266513	1.265150156	1.123219015	1.097291321	1.157949466	0.896638635	1.488572446	1.034644914	1.424692947	1.433932667	0.958592266	1.625487438	0.946152361	1.236311753	0.856538661	1.280940262	0.925068461
aligned_38075IM5-Spike-PL4_C01_01 20200803_000029.raw	0.824787365	0.741760848	0.766506664	1.131578355	1.022355354	1.201534414	0.028906581	0.055364223	0.024376614	0.089560613	0.02750231	0.35768415	0.238208186	0.770309754	1.10928181	1.488572446	0.981596469	0.025995143	0.044041282	0.236015822	0.393447359	0.379045198	1.317179575	0.877064709	1.280940262	1.026157779
aligned_38075IM5-Spike-PL4_C02_01 20200803_000030.raw	0.842817177	0.734768915	0.736406517	0.945279025	1.033555087	1.28544961	0.027553821	0.050852608	0.02988097	0.089193071	0.025477173	0.428748976	0.257949186	0.806767484	1.037000431	1.488572446	0.986668301	0.035751381	0.040337959	0.252024265	0.413369886	0.400264372	1.282779264	0.869417176	1.280940262	0.973271542
aligned_38075IM5-Spike-PL4_C03_01 20200803_000031.raw	0.876708625	0.748921962	0.697513205	0.849422245	0.953638488	1.254503023	0.028075737	0.049203191	0.034638384	0.090148233	0.020980263	0.256321808	0.44629849	0.814067554	0.96152363	1.488572446	0.99674351	0.038310509	0.042600544	0.206330777	0.330372602	0.314137279	1.290248561	0.860215342	1.280940262	0.987671166
aligned_38075IM5-Spike-PL4_C04_01 20200803_000032.raw	0.794582788	0.727539469	0.675458935	0.765527993	0.936409294	1.1677705	0.030364444	0.043206657	0.03725097	0.03819673	0.020782966	0.262840679	0.416019362	0.745839873	1.105136717	1.488572446	1.143740761	0.038019855	0.040166143	0.106695044	0.167208824	0.255511578	1.236311753	0.929910667	1.280940262	0.953583699
aligned_38075IM5-Spike-PL4_C05_01 20200803_000033.raw	0.918499026	0.710802155	0.656275354	0.808409145	0.881319974	1.22386364	0.033155261	0.055421978	0.036020987	0.112102647	0.015349018	0.260048696	0.523608514	0.800339826	1.023507116	1.488572446	0.995340094	0.04762483	0.048345768	0.213425174	0.268759491	0.327301998	1.273963418	0.859838967	1.280940262	0.961511509
aligned_38075IM5-Spike-PL4_C06_01 20200803_000034.raw	0.756854253	0.567420457	0.654458018	0.813413153	0.993447786	1.297619887	0.030150994	0.056566811	0.042171529	0.239569328	0.034104339	0.431235191	0.286540862	0.686417711	1.036382191	1.488572446	1.01389194	0.058152065	0.041706122	0.295687627	0.521997791	0.49988676	1.236311753	0.830511219	1.280940262	0.942670967
aligned_38075IM5-Spike-PL4_C07_01 20200803_000035.raw	0.58732734	0.53742939	0.648522848	0.822552817	0.963732211	1.282834964	0.028794019	0.041306804	0.040746318	0.081983324	0.025753712	0.465927074	0.346122402	0.580153811	0.980134001	1.488572446	1.016842505	0.044505922	0.037313419	0.179433847	0.306482909	0.36855469	1.236311753	0.813361425	1.280940262	0.918388889
aligned_38075IM5-Spike-PL4_C08_01 20200803_000036.raw	0.592926177	0.543333078	0.63763611	0.819940837	0.950859068	1.255277652	0.027332329	0.044673186	0.043513464	0.076464307	0.023069216	0.444045786	0.416019362	0.583947361	0.839803051	1.488572446	1.0237771	0.04102674	0.037353135	0.164552065	0.281826065	0.313415591	1.236311753	0.839060289	1.280940262	0.935502917
aligned_38075IM5-Spike-PL4_C09_01 20200803_000037.raw	1.19289357	1.197639587	1.058494821	0.901289725	1.379701108	1.307844293	0.75744753	1.027370865	1.172324501	1.125995809	1.622428781	1.123219015	1.095854283	1.15961187	0.934845679	1.488572446	0.978682441	1.492356308	1.284733981	0.72086284		0.978958533	1.236311753	0.777376126	1.280940262	0.93886512
aligned_38075IM5-Spike-PL4_D01_01 20200803_000039.raw	0.3249241	0.620502459	0.650414968	0.836590109	0.967923674	1.172149884	0.033565013	0.045567957	0.042669598	0.033921041	0.029386389	0.265354711	0.861775767	0.711878132	1.19413646	1.488572446	1.056668997	0.027660888	0.044153368	0.082695076	0.145342282	0.196422381	1.236311753	0.853357202	1.280940262	0.944866464
aligned_38075IM5-Spike-PL4_D02_01 20200803_000040.raw	1.291172363	1.133648767	0.984604519	0.841679293	1.086350799	1.369654049	0.636155942	0.879581106	1.002323204	1.224144476	1.265150156	1.187966118	1.237767571	1.023434759	0.903350203	1.488572446	1.018991973	1.492356308	1.433932667	0.831970638		0.958653619	1.236311753	0.785951786	1.280940262	0.927420482
aligned_38075IM5-Spike-PL4_D03_01 20200803_000041.raw	0.074628276	0.148187535	0.423295459	0.282756938	0.64294754	1.251810571	0.031487107	0.050604716	0.039866913	0.072790644	0.028805412	0.479352331	0.179811797	0.228081973	0.880877749	1.488572446	1.008853926	0.044110385	0.037914438	0.245374778	0.573271876	0.46781012	1.236311753	0.830584206	1.280940262	0.931638682
aligned_38075IM5-Spike-PL4_D04_01 20200803_000042.raw	0.073871624	0.138582642	0.337518709	0.269156538	0.609952811	1.221480893	0.033299225	0.048123172	0.038694364	0.044259874	0.029053376	0.5301827	0.166261772	0.198419767	0.905764653	1.488572446	1.030681832	0.037856569	0.036399501	0.179145417	0.394766086	0.366796681	1.236311753	0.788313402	1.280940262	0.961378564
aligned_38075IM5-Spike-PL4_D05_01 20200803_000043.raw	0.081927936	0.138677837	0.310088584	0.274945683	0.647617288	1.253441688	0.032959697	0.045853525	0.039627456	0.044882452	0.021305673	0.48401991	0.181503425	0.205632598	0.914359223	1.488572446	1.020952303	0.039676655	0.037568154	0.241248611	0.434126828	0.395393301	1.236311753	0.843124548	1.280940262	0.990127267
aligned_38075IM5-Spike-PL4_D06_01 20200803_000044.raw	0.079644141	0.138385269	0.330705363	1.204552063	0.665991769	1.241331257	0.029104742	0.046264886	0.036689113	0.038689763	0.026481243	0.522754896	0.175037795	0.216672731	0.99578313	1.488572446	0.973395696	0.039657815	0.034386362	0.24141968	0.446090021	0.432422542	1.236311753	0.823263389	1.280940262	0.999150211
aligned_38075IM5-Spike-PL4_D07_01 20200803_000045.raw	0.090345184	0.142077693	0.302634467	0.292629697	0.649657945	1.223432449	0.03145018	0.042681504	0.037402895	0.051054216	0.021629945	0.500690762	0.171863788	0.207093851	0.827902723	1.488572446	1.083325824	0.053255656	0.031965229	0.25237961	0.446801267	0.492432931	1.236311753	0.87185375	1.280940262	0.964348016
aligned_38075IM5-Spike-PL4_D08_01 20200803_000046.raw	0.204504462	0.492004411	0.575549071	0.732263688	0.875833093	1.19355373	0.041725221	0.046548375	0.043262928	0.051281388	0.021160022	0.505983859	0.335039671	0.358590154	1.000260303	1.488572446	0.99383161	0.034359001	0.038600262	0.167485939	0.333864452	0.35818565	1.236311753	0.855102438	1.280940262	0.952661028
aligned_38075IM5-Spike-PL4_D09_01 20200803_000047.raw	0.086773226	0.348664192	0.464256756	0.637525785	0.840073789	1.203364655	0.046795833	0.051166845	0.046295007	0.043117902	0.020308187	0.755135645	0.29737831	0.282705353	0.867316904	1.488572446	1.083776598	0.028324841	0.038536857	0.155723729	0.267643409	0.354692371	1.236311753	0.908530078	1.280940262	1.057037533
aligned_38075IM5-Spike-PL4_D10_01 20200803_000048.raw	0.10291745	0.417446947	0.560420638	0.724043666	0.833127571	1.209565511	0.047554322	0.054083719	0.049025387	0.049292268	0.021548249	0.774482414	0.315855712	0.366473352	0.93952334	1.488572446	1.034016763	0.031055514	0.040702207	0.151811125	0.347957668	0.347228752	1.236311753	0.84988896	1.280940262	1.021209116
aligned_38075IM5-Spike-PL4_D11_01 20200803_000049.raw	0.094869032	0.411885628	0.504651192	0.705863537	0.933475145	1.22627465	0.046261879	0.049582231	0.045713569	0.042435615	0.028429964	0.706192863	0.32132237	0.348142282	0.942281738	1.488572446	1.1601216	0.027001591	0.039722799	0.131280514	0.292525805	0.300042449	1.236311753	0.927162564	1.280940262	1.062574208
aligned_38075IM5-Spike-PL4_D12_01 20200803_000050.raw	0.144836624	0.448609867	0.525991655	1.008187339	0.919868081	1.114851667	0.047644547	0.054547898	0.045246311	0.035525491	0.02808115	0.360627863	0.393139121	0.436367871	1.263923594	1.488572446	1.135708613	0.025215306	0.042033783	0.11792462	0.114751069	0.16467753	1.236311753	0.894440578	1.280940262	1.158157294
aligned_38075IM5-Spike-PL4_E01_01 20200803_000055.raw	0.706077595	0.319397332	0.618388657	0.900961688	1.007333872	1.128056317	0.02445432	0.048861841	0.047149861	0.068329649	0.023667074	0.202200854	0.416019362	0.414127411	0.919799674	1.488572446	1.173008796	0.036224818	0.061844301	0.054252552	0.140573233	0.131607504	1.236311753	0.921319438	1.602274158	1.006207937
aligned_38075IM5-Spike-PL4_E02_01 20200803_000056.raw	0.794985289	0.491347299	0.647759175	0.843342511	0.977841428	1.118730128	0.025692668	0.048749464	0.050878031	0.037834932	0.02052176	0.248471443	0.416019362	0.524285646	0.968673133	1.488572446	1.140215907	0.030786251	0.059789616	0.060356011	0.153722888	0.136567907	1.236311753	0.934977647	1.280940262	1.027422474
aligned_38075IM5-Spike-PL4_E03_01 20200803_000057.raw	1.186084786	1.012652676	1.239061674	0.923451204	1.13091469	1.264478106	0.503137435	0.661375184	0.906841679	0.534022533	1.265150156	1.285943916	0.590810081	1.197623264	1.007392396	1.488572446	0.954361575	1.492356308	1.160231162	0.924146464		0.949610923	1.237054886	0.800446472	1.280940262	1.032606273
aligned_38075IM5-Spike-PL4_E04_01 20200803_000058.raw	1.237477572	1.138525944	1.239061674	1.481064911	1.170947032	1.2731435	0.590536247	0.945792827	1.237045581	0.479002625	1.706823477	1.229219305	0.984328146	1.192649373	0.932728353	1.488572446	0.928853747	1.492356308	1.278118815	0.998860221		0.936784188	1.236311753	0.804186684	1.280940262	0.968472383
aligned_38075IM5-Spike-PL4_E05_01 20200803_000059.raw	1.237322211	1.106226159	1.239061674	0.993042164	1.042723763	1.301881087	0.477572014	0.776517643	1.120660947	0.403461018	1.265150156	1.380484451	0.782255688	1.199191477	0.931075264	1.488572446	0.947500792	1.388160785	1.433932667	0.852340998		0.907255928	1.236311753	0.81155056	1.280940262	1.007860423
aligned_38075IM5-Spike-PL4_E06_01 20200803_000060.raw	1.155819566	1.316239941	1.239061674	1.039299688	1.088170689	1.314621263	0.549387666	0.804866142	1.159502648	0.491439962	1.265150156	1.417275279	0.853786612	1.236992385	0.865463928	1.488572446	0.986246679	1.492356308	1.433932667	0.952814525	1.625487438	0.886407156	1.236311753	0.79197706	1.280940262	0.921714412
aligned_38075IM5-Spike-PL4_E07_01 20200803_000061.raw	0.193677805	0.447055147	0.552155053	0.70420395	0.900818658	1.163065806	0.040656812	0.050715454	0.043651078	0.025952451	0.021922839	0.588106161	0.372823118	0.448083557	1.014566655	1.488572446	0.969025359	0.027808973	0.038403498	0.180700713	0.241936434	0.225335844	1.261682734	0.813425533	1.280940262	0.984798387
aligned_38075IM5-Spike-PL4_E08_01 20200803_000062.raw	0.488383669	0.51649621	0.58940251	0.796073162	0.905830185	1.139965309	0.028981603	0.044021777	0.04515188	0.083376785	0.02109391	0.497414393	0.407570083	0.540732979	0.908338864	1.488572446	0.960106698	0.042204816	0.040661353	0.129717644	0.123878605	0.213188633	1.236311753	0.834777656	1.280940262	0.925002673
aligned_38075IM5-Spike-PL4_E09_01 20200803_000063.raw	0.090775607	0.419981209	0.48703524	0.669416311	0.8413744	1.078009641	0.047990831	0.053326599	0.04130516	0.035752313	0.020508696	0.509839889	0.322886457	0.350215492	1.255245298	1.488572446	0.947199371	0.037205536	0.038987162	0.105400021	0.139028026	0.177181444	1.236311753	0.839710407	1.280940262	1.017704884
aligned_38075IM5-Spike-PL4_F01_01 20200803_000065.raw	0.02490357	0.082864505	0.191197814	0.341688596	0.468029457	1.182682584	0.027904186	0.039958535	0.021038572	0.05283647	0.019930212	0.595568426	0.069819946	0.103464288	0.76761569	1.488572446	0.962777684	0.03207334	0.042888484	0.200972258	0.368820236	0.491506645	1.236311753	0.949001231	1.678666104	0.86529963
aligned_38075IM5-Spike-PL4_F02_01 20200803_000066.raw	0.031526048	0.097307116	0.21376709	0.335237888	0.451244089	1.170284842	0.028305946	0.044062369	0.022624289	0.063725206	0.029889758	0.66524003	0.097939787	0.101433389	0.783319965	1.488572446	0.92882253	0.03501279	0.03512705	0.152256525	0.317576895	0.430025163	1.236311753	0.903305546	1.280940262	0.913525225
aligned_38075IM5-Spike-PL4_F03_01 20200803_000067.raw	1.12863208	0.76936765	0.891255896	0.798393848	1.161005088	1.226228224	0.480706086	0.687554529	1.009399192	1.251179527	1.265150156	1.38250914	0.676779876	1.033395703	0.948883317	1.488572446	0.870517015	1.436068002	1.359496796	0.914976254		0.886686195	1.236311753	0.770869371	1.280940262	0.99400572
aligned_38075IM5-Spike-PL4_F05_01 20200803_000069.raw	0.053991556	0.04285189	0.109791783	0.269385134	0.283694664	1.133740787	0.02178762	0.033886061	0.041840714	0.342600429	0.039159874	0.684276873	0.113970502	0.045560832	0.410228879	1.488572446	0.940543639	0.033676408	0.042600143	0.1458153	0.658761924	0.373498785	1.236311753	0.844163325	1.280940262	0.662478665
aligned_38075IM5-Spike-PL4_F06_01 20200803_000070.raw	0.039718841	0.044012232	0.086344324	0.170525829	0.249123183	1.00875477	0.022333435	0.04086961	0.039629453	0.136204304	0.01517402	0.649813297	0.064191999	0.043890088	0.332004428	1.488572446	0.890962492	0.019874912	0.039904847	0.078596309	0.259287285	0.215037779	1.236311753	0.85007757	1.280940262	0.606010262
aligned_38075IM5-Spike-PL4_F07_01 20200803_000071.raw	0.044007687	0.045277475	0.143750218	0.600581249	0.471389472	1.1387613	0.013677013	0.039007807	0.026106051	0.310503341	0.067565608	0.316560201	0.052109724	0.047848086	0.326823658	1.433522938	0.992483064	0.031147943	0.04962134	0.101252756	0.350229921	0.262852883	1.477904173	0.917635185	1.602274158	0.624242818
aligned_38075IM5-Spike-PL4_F08_01 20200803_000072.raw	0.155955764	0.451295101	0.561121897	0.774008794	0.916587002	1.124049567	0.039877002	0.048248311	0.041194571	0.022170771	0.018279002	0.71485746		0.346077554	0.964287163	1.488572446	0.973017434	0.036194574	0.043403876	0.110984064	0.200621345	0.179922861	2	0.829987535	1.289851841	1.01252492
aligned_38075IM5-Spike-PL4_F09_01 20200803_000073.raw	0.947173032	0.151035044	0.29815273	0.900542724	1.012562767	1.186235115	0.306909308	0.232269417	0.271258426	1.19462403	1.347771932	1.321692246	1.192671508	0.536538613	0.997266294	1.488572446	0.891968444	1.180274506	0.226430944	1.217109269		1.018082334	1.236311753	0.791625182	1.229746775	1.02521639
aligned_38075IM5-Spike-PL4_F10_01 20200803_000074.raw	0.063497019	0.324054909	0.514866537	1.216874135	0.884326002	1.131279047	0.046403809	0.050937389	0.041868103	0.033407253	0.028626083	0.563704714	0.620260054	0.344876643	1.137002199	1.488572446	1.029243562	0.040527342	0.042497989	0.178186985	0.345979603	0.384823422	1.236311753	0.800859864	1.280940262	1.116513954
aligned_38075IM5-Spike-PL4_F11_01 20200803_000075.raw	0.218410303	0.283248593	0.551682075	1.249174246	0.948286372	1.163938429	0.015454277	0.047857912	0.01875376	0.249395349	0.048033874	0.44367492	0.523747719	0.261704941	1.311197264	1.546605565	1.056845139	0.016597308	0.0607152	0.331268751	1.128913126	0.463088379	1.747249497	1.098569884		1.241427604
aligned_38075IM5-Spike-PL4_F12_01 20200803_000076.raw	0.238111744	0.511916804	0.528068014	0.744319324	0.901389742	1.004384743	0.036746048	0.047474933	0.043220488	0.027649593	0.026243533	0.151170214	0.466331827	0.485956846	1.263923594	1.488572446	1.024657571	0.023540455	0.045056293	0.056842707	0.098184371	0.091992997	1.538478825	0.903203267		1.081250613
aligned_38075IM5-Spike-PL4_G01_01 20200803_000078.raw	0.026901883	0.084753954	0.20224383	0.536889349	0.403396638	1.03349375	0.029643009	0.040736778	0.033422307	0.048610567	0.017818354	0.573869037	0.156942047	0.081202672	0.60501213	1.488572446	0.75985977	0.023776646	0.040302477	0.069959255	0.239719205	0.185382944	2	0.932449993		0.773942549
aligned_38075IM5-Spike-PL4_G02_01 20200803_000079.raw	0.026910175	0.090065475	0.216343159	0.273041042	0.430268612	1.005142563	0.030915684	0.046068333	0.040673691	0.048087812	0.017455943	0.660361105	0.225281041	0.086074698	0.528062697		0.973888227	0.027306135	0.037395602	0.075596303	0.097178607	0.185669849		0.911702555		0.672886023
aligned_38075IM5-Spike-PL4_G03_01 20200803_000080.raw	0.465080194	0.108637849	0.219183651	0.72807888	1.080311538	1.21586828	0.014706545	0.025855085	0.029557432	0.215889097	0.064090798	0.786713507	0.559809223	0.32173026	0.982632114	1.488572446	0.967919596	0.059809606	0.04061895	0.230048853	1.308926893	0.597794557	1.258832731	0.930390173	1.280940262	1.088124001
aligned_38075IM5-Spike-PL4_G04_01 20200803_000081.raw	0.225674857	0.380363614	0.520277216	0.567397829	0.921486021	1.008837499	0.03206983	0.040014594	0.04068637	0.024759046	0.025481494	0.471742367		0.650151122	0.916342838	2	0.915790088	0.026603834	0.037783825	0.074699941	0.084991838	0.111327217		0.857253938		0.945281401
aligned_38075IM5-Spike-PL4_G05_01 20200803_000082.raw	0.188320929	0.741397088	0.666382146	0.451915263	0.733344118	0.945459324	0.049482686	0.04149264	0.036355402	0.038292619	0.026158964	0.441737302	0.524880347	0.787887025	1.263923594	1.488572446	1.020332745	0.032138509	0.037711763	0.066556067	0.044637883	0.096187619		0.846072024	1.380729935	1.241427604
aligned_38075IM5-Spike-PL4_G06_01 20200803_000083.raw	0.163943946	0.572384412	0.637516284	0.757151659	0.934995446	1.079748328	0.039242177	0.043140015	0.043711521	0.039596561	0.012027646	0.534092642	0.745316762	0.456580091	1.263923594	2	0.943750743	0.023224856	0.040574498	0.152015969	0.194877808	0.194425701	2	0.877151571	1.280940262	1.221410035
aligned_38075IM5-Spike-PL4_G07_01 20200803_000084.raw	0.814928379	0.740234874	0.713504506	0.862787012	0.8047028	1.04207696	0.032958629	0.043274164	0.044403478	0.054329721	0.021874167	0.247377733	0.793815634	0.745207669	0.939444535	1.488572446	0.937749254	0.029245618	0.045233744	0.192795722	0.167461865	0.159442441	1.492265125	0.881641912	1.280940262	0.990320154
aligned_38075IM5-Spike-PL4_G08_01 20200803_000085.raw	0.129695489	0.112212391	0.287892064	0.424028689	0.716737711	1.031617872	0.022424289	0.034483488	0.043207253	0.050187483	0.013356746	0.331191529	0.43111997	0.098192396	0.684717339	1.488572446	1.040861181	0.021954759	0.044066457	0.052805325	0.10733068	0.108464123	1.388322061	0.902064053		0.789513594
aligned_38075IM5-Spike-PL4_G09_01 20200803_000086.raw	0.099184753	0.175851969	0.360629172	0.124225064	0.43029258	0.999204098	0.028908171	0.045908308	0.044832145	0.036009309	0.019779236	0.278078331	0.32098812	0.129890013	0.661856595	1.488572446	1.011252851	0.024179303	0.046898437	0.047157143	0.087497419	0.086349669	1.388322061	0.884582151	1.38774479	0.691633212
aligned_38075IM5-Spike-PL4_G10_01 20200803_000087.raw	0.136017554	0.427008283	0.621159538	0.8990449	0.982694053	1.078266952	0.03239222	0.047515788	0.039897485	0.049228685	0.011798661	0.65876557	0.524407531	0.307747406	1.249381833	1.885339108	1.059172475	0.027290156	0.048299817	0.051300114	0.099679449	0.180663202	2	1.035494901		1.230500337
aligned_38075IM5-Spike-PL4_G11_01 20200803_000088.raw	0.046586136	0.115349524	0.264094095	0.576399075	0.693727939	1.114766909	0.03228836	0.049049647	0.039255647	0.056479236	0.026908293	0.653026784	0.176253985	0.174101752	1.001757489	1.488572446	1.130396752	0.037693718	0.041448571	0.178225989	0.283616479	0.325213484	1.236311753	0.847686626	1.280940262	1.067924667
aligned_38075IM5-Spike-PL4_G12_01 20200803_000089.raw	0.03541616	0.086608809	0.195161797	0.300015969	0.404520119	1.025633827	0.031726411	0.046336064	0.037901048	0.076338018	0.018870257	0.499535071	0.171459421	0.065006037	0.479171819	2	1.035753103	0.027438698	0.042279954	0.077164244	0.142250242	0.206606648	2	0.963750569		0.796069582
aligned_38075IM5-Spike-PL4_H02_01 20200803_000092.raw	1.181359214	1.259106101	1.239061674	1.025800014	1.284780502	1.211279113	0.109138394	0.471853262	1.178027884	0.376845832	1.265150156	1.302166816	1.073405547	1.236992385	0.960744135	1.488572446	0.967564732	1.492356308	1.210581349	1.240411377		0.930296102	1.236311753	0.803641516	1.280940262	1.011377102
aligned_38075IM5-Spike-PL4_H03_01 20200803_000093.raw	0.092829754	0.293218536	0.477169579	1.092699162	1.146741489	1.188966098	0.039946757	0.049317668	0.044160088	0.04448891	0.035463274	0.408098101	0.5714518	0.315428659	1.263923594	1.488572446	1.236819745	0.027577199	0.053563891	0.059589518	0.372370236	0.204205168	1.269457932	0.919179462	1.280940262	1.315867979
aligned_38075IM5-Spike-PL4_H05_01 20200803_000095.raw	1.138683741	1.103541391	1.239061674	1.006251039	1.333603586	1.183066108	0.567215542	0.818668918	1.052048447	0.507147906	1.265150156	1.222954606	0.947257855	1.236992385	0.911670403	1.488572446	0.953051518	1.492356308	1.278118815	1.053385638		0.92193726	1.236311753	0.787939551	1.280940262	0.890108332
aligned_38075IM5-Spike-PL4_H06_01 20200803_000096.raw	1.207067688	0.9735201	1.168219394	0.856027158	1.339424448	1.194829589	0.519953786	0.722923249	0.896093784	0.605040465	1.265150156	1.169839498	0.970518899	1.202993494	0.953537866	1.488572446	0.942958047	1.489337925	1.338015105	0.906454041		0.898288961	1.236311753	0.793123199	1.280940262	0.92886221
aligned_38075IM5-Spike-PL4_H07_01 20200803_000097.raw	1.161789617	1.094192672	0.848931539	1.1123505	1.020961428	1.187589094	0.591170134	1.027737556	1.087839298	0.687599709	1.265150156	1.471009022	0.870242845	1.236992385	0.933865243	1.488572446	0.919764851	1.492356308	1.313763442	0.973113968		0.963090762	1.236311753	0.783198952	1.15391978	0.95694029
aligned_38075IM5-Spike-PL4_H08_01 20200803_000098.raw	1.149035341	1.299009966	1.160882625	1.493402774	1.116404955	1.225532389	0.56539978	0.843455967	1.1321028	0.726630625	1.265150156	1.32361401	0.697088165	1.236992385	0.962779842	1.488572446	0.937004598	1.44052131	1.433932667	1.22238063		0.944761903	1.236311753	0.792686659	1.280940262	0.92126926
aligned_38075IM5-Spike-PL4_H09_01 20200803_000099.raw	0.234761725	0.677922588	0.764491518	1.480879297	1.184288388	1.163135681	0.043723605	0.0465317	0.036540402	0.119060498	0.038310413	0.574550912	0.872407814	0.677968523	0.947435274	1.488572446	0.97332682	0.025385009	0.034510892	0.23311764	0.64576318	0.614187289	1.236311753	0.842311783	1.280940262	0.956929552
aligned_38075IM5-Spike-PL4_H10_01 20200803_000100.raw	0.04071044	0.085637587	0.259494194	0.213366593	0.319745934	0.967041844	0.034136415	0.048404531	0.036543466	0.048784039	0.020869867	0.157312976	0.043951713	0.071729204	0.393226896	1.485962424	0.957940828	0.026146125	0.05102143	0.03312793	0.11148086	0.122446377	1.236311753	0.8438983	1.280940262	0.596413507
aligned_38075IM5-Total-PL4_A01_02 20200805_000111.raw	0.06439104	0.679930752	0.666152264	0.86756751	0.890631999	0.895753714	0.054027818	0.051073756	0.02677701	0.034004405	0.034055567	0.187399968	0.434724449	0.351222834	0.938347718	1.084123578	1.096282136	0.028762711	0.036931529	0.091507925	0.085909915	0.112408259	1.388322061	0.822362953	1.678666104	0.73590306
aligned_38075IM5-Total-PL4_A02_01 20200805_000112.raw	0.067217162	0.66715445	0.656127939	0.819732817	0.831694699	0.855773338	0.055811956	0.052918074	0.034218893	0.036045125	0.036360797	0.192670144	0.44821398	0.304628764	0.550663556	1.018299317	0.953263232	0.032835231	0.042191672	0.056062088	0.07021136	0.117052151	1.388322061	0.661547086	1.678666104	0.381194713
aligned_38075IM5-Total-PL4_A03_01 20200805_000113.raw	0.070408531	0.671470793	0.646489656	0.756758117	0.794577274	0.844448565	0.055794335	0.050146246	0.03130926	0.039490299	0.032140429	0.174646026	0.417422576	0.314754584	0.736278164	1.183417097	1.058844961	0.029910204	0.038516411	0.06474552	0.081315395	0.093304245	1.388322061	0.767311621	1.678666104	0.488466189
aligned_38075IM5-Total-PL4_A04_01 20200805_000114.raw	0.047351124	0.401755079	0.594561657	0.599572175	0.646483621	0.802834605	0.047023006	0.050160103	0.034991932	0.029860895	0.032637997	0.074286458	0.171606373	0.226594437	0.459738377	0.728314764	0.89393699	0.02784829	0.048571102	0.041020741	0.059978573	0.085978148	0.515510343	0.727233411		0.18898497
aligned_38075IM5-Total-PL4_A05_01 20200805_000115.raw	0.063614004	0.354402401	0.550160895	0.524923844	0.624557141	0.784074599	0.044360293	0.048427278	0.030097091	0.027491504	0.030233378	0.078111435	0.194146011	0.227934684	0.502258416	0.677808129	0.94671996	0.031054292	0.044258762	0.03508586	0.069321611	0.066692294	0.557786017	0.790407219		0.16455159
aligned_38075IM5-Total-PL4_A06_01 20200805_000116.raw	0.084588366	0.163696229	0.275276225	0.356977201	0.37409215	0.690881429	0.03108914	0.044609834	0.035735613	0.025992377	0.029203971	0.037191922	0.150901327	0.108075546	0.489148571	0.56731994	0.848173955	0.034367775	0.042848622	0.043420473	0.055074239	0.047701623	0.344759439	0.705330076		0.108366622
aligned_38075IM5-Total-PL4_A07_01 20200805_000117.raw	0.14288023	0.726689593	0.661170177	0.950101586	0.868430585	0.838650411	0.047536583	0.040936268	0.023507244	0.026786614	0.029188572	0.217961239	0.398148869	0.393850044	0.860052251	1.488572446	1.204791306	0.021447588	0.023204639	0.14219838	0.055515874	0.117552208	1.388322061	0.962723358	1.678666104	0.703542785
aligned_38075IM5-Total-PL4_A08_01 20200805_000118.raw	0.040294347	0.298555487	0.36607365	0.577038693	0.627172655	0.843883108	0.052289928	0.055321393	0.043536868	0.035768298	0.035646508	0.075254449	0.137290104	0.078704171	0.37875193	0.736415286	1.235098021	0.03543044	0.06377684	0.058626266	0.110902252	0.125882458	0.765113611	1.057612482	1.678666104	0.27306376
aligned_38075IM5-Total-PL4_A09_01 20200805_000119.raw	0.042445464	0.325177721	0.364941382	0.579732786	0.609122554	0.829730338	0.05000552	0.051411203	0.039710747	0.034137298	0.030803738	0.066440001	0.076480493	0.074474122	0.35602062	0.851722125	1.065998247	0.026571393	0.055587857	0.057235662	0.094917528	0.095719638	0.737903411	1.009078759		0.276995422
aligned_38075IM5-Total-PL4_A10_01 20200805_000120.raw	0.045870461	0.300751319	0.355010025	0.557599198	0.585901647	0.792107687	0.050447446	0.054202177	0.043572651	0.036433203	0.031815203	0.061589182	0.133235997	0.072964645	0.278436891	0.610457181	1.138286603	0.032044381	0.057190746	0.068823108	0.093267319	0.125307484	0.551934321	0.978812846	1.678666104	0.330413123
aligned_38075IM5-Total-PL4_B01_01 20200805_000122.raw	0.04675033	0.402619903	0.483748311	0.524754802	0.670507373	0.820341213	0.054286377	0.05256113	0.035499056	0.038705002	0.036574932	0.160772858	0.175943587	0.170501612	0.551407332	1.136885566	1.144933222	0.032663284	0.03939645	0.085536772	0.076764361	0.114788735	1.388322061	0.878140008	1.678666104	0.378477746
aligned_38075IM5-Total-PL4_B02_01 20200805_000123.raw	0.047590824	0.389421677	0.451696284	0.485918722	0.629990703	0.843247978	0.05354399	0.050690805	0.033357855	0.035224804	0.034012651	0.166751984	0.170246834	0.1411819	0.442451575	0.895226854	1.07599705	0.031776807	0.042556829	0.055774976	0.049331674	0.094795872	1.324910474	0.817458377	1.678666104	0.445283532
aligned_38075IM5-Total-PL4_B03_01 20200805_000124.raw	0.048961204	0.305415514	0.362131907	0.414001083	0.537127957	0.742414455	0.054111679	0.049244596	0.036512306	0.038495892	0.033365864	0.136491805	0.208468636	0.107915895	0.51588097	0.844549162	1.026040825	0.028078177	0.036535331	0.078537486	0.087913669	0.086241097	0.9870278	0.762862565	1.678666104	0.449489393
aligned_38075IM5-Total-PL4_B04_01 20200805_000125.raw	0.0515682	0.275416183	0.326886636	0.427296861	0.51037533	0.785038702	0.052117516	0.04742043	0.030572083	0.031873474	0.028813013	0.116759865	0.152284888	0.098584332	0.645304158	0.863243111	1.069601209	0.029919856	0.033728479	0.079216562	0.063864225	0.076694269	1.05998735	0.790575094	1.678666104	0.495387227
aligned_38075IM5-Total-PL4_B05_01 20200805_000126.raw	0.042127573	0.309709672	0.360808427	0.380361706	0.531416038	0.768008572	0.051221381	0.048280306	0.033835275	0.034041932	0.025218965	0.122169035	0.142702723	0.10635188	0.543063922	0.769972546	1.00830955	0.030217674	0.033065593	0.098894392	0.055338932	0.065844526	0.824015336	0.992613436	1.678666104	0.437065835
aligned_38075IM5-Total-PL4_B06_01 20200805_000127.raw	0.040382886	0.317241141	0.361670596	0.457334868	0.640435321	0.81794618	0.05134002	0.0518756	0.039135395	0.03363889	0.029025426	0.111687272	0.149954024	0.092467946	0.422229872	0.716255052	1.05783927	0.028298018	0.055284229	0.048677211	0.077432458	0.107314872	0.768177647	0.878003437	1.678666104	0.136046418
aligned_38075IM5-Total-PL4_B07_01 20200805_000128.raw	0.043172837	0.308184234	0.376602786	0.519057215	0.645733756	0.842888268	0.050574269	0.051834897	0.042817648	0.033340341	0.030844995	0.100941256	0.146356958	0.102578498	0.354881679	0.698080226	1.059942172	0.029797719	0.055135424	0.049422065	0.077234063	0.093764103	0.852512348	0.931757978	1.678666104	0.192796004
aligned_38075IM5-Total-PL4_B08_01 20200805_000129.raw	0.037857589	0.264460674	0.303221006	0.376665699	0.455773654	0.707916301	0.050841722	0.047940686	0.028375112	0.033250106	0.026426615	0.12643403	0.106785292	0.104373612	0.382013219	0.542753535	0.932217537	0.028749455	0.035635132	0.054253301	0.063434744	0.082596443	0.574003448	0.77942079	1.678666104	0.346746216
aligned_38075IM5-Total-PL4_B09_01 20200805_000130.raw	0.043427988	0.29394274	0.33872328	0.357688694	0.470008376	0.708278445	0.051569534	0.049723859	0.031068718	0.037155394	0.035452385	0.134760552	0.078721567	0.104812221	0.384321896	0.50203605	0.850742214	0.028490865	0.042057838	0.065068521	0.044468653	0.096224471	0.42352115	0.741216092	1.678666104	0.232270164
aligned_38075IM5-Total-PL4_B10_01 20200805_000131.raw	1.168483195	0.929099004	1.045209388	0.942921879	1.304734345	1.42994403	0.085673748	0.190101925	0.351750951	0.477318952	0.576507576	1.199563305	1.156957372	1.177454458	0.852104466	1.44275969	1.169229085	0.95037958	0.566176163	1.226745368	1.308926893	0.928958563	1.236311753	0.928833505	1.280940262	0.898347108
aligned_38075IM5-Total-PL4_C01_01 20200805_000133.raw	0.274753836	0.612390186	0.574562931	1.014908547	0.869790523	0.860361785	0.043072234	0.045762212	0.031008436	0.02033944	0.029717505	0.037256908	0.808873871	0.223338314	0.510988492	1.359831943	1.110388308	0.025085901	0.043988175	0.039236771	0.082092921	0.072044689	1.236311753	0.879176219	1.678666104	0.374443741
aligned_38075IM5-Total-PL4_C02_01 20200805_000134.raw	0.202545214	0.541796409	0.500167318	0.93332115	0.790395203	0.809023664	0.047243909	0.049498403	0.032489783	0.024901971	0.030583636	0.045250153	0.678627127	0.206175538	0.500696113	1.230862562	1.060522774	0.02594827	0.044121774	0.044188624	0.06852541	0.062941068	1.236311753	0.841670251		0.207615131
aligned_38075IM5-Total-PL4_C03_01 20200805_000135.raw	0.170045849	0.59699489	0.572098233	0.881427325	0.797611922	0.805988956	0.05064763	0.053470866	0.039994624	0.036034804	0.035778531	0.033124731	0.518296354	0.252226848	0.536018396	1.235309272	1.000852047	0.032112696	0.048264188	0.057707137	0.067823274	0.066546658	1.236311753	0.773393848		0.196892085
aligned_38075IM5-Total-PL4_C04_01 20200805_000136.raw	0.131314885	0.537456752	0.542400366	0.86674602	0.738061734	0.755270253	0.051944392	0.05328903	0.041271187	0.040910084	0.038222585	0.037051503	0.444826409	0.226724358	0.593850997	0.981336204	1.062804713	0.035127711	0.054698305	0.054702045	0.042896187	0.072688346	1.033664081	0.867998079		0.266503705
aligned_38075IM5-Total-PL4_C05_01 20200805_000137.raw	0.107389146	0.608791594	0.57121825	0.83122731	0.77397691	0.803026759	0.051467579	0.05089886	0.038700204	0.036419263	0.038756956	0.034035143	0.549735306	0.207584514	0.473560321	0.834351128	0.966209713	0.032148484	0.053365995	0.046738329	0.048463846	0.044887008	0.971718857	0.750848318		0.236523165
aligned_38075IM5-Total-PL4_C06_01 20200805_000138.raw	0.038032136	0.18368887	0.247276767	0.440157125	0.446783381	0.729256785	0.046990802	0.045864314	0.03069576	0.026653289	0.031471986	0.154772572	0.061537421	0.066612919	0.350786086	1.12397785	1.071559876	0.022996694	0.038642802	0.07978646	0.078260427	0.081493286	1.132968233	0.962257531	1.678666104	0.380873811
aligned_38075IM5-Total-PL4_C07_01 20200805_000139.raw	0.040005608	0.208790231	0.266337789	0.546321565	0.537454119	0.762863496	0.044215376	0.044412641	0.029598736	0.027982274	0.027342622	0.141147411	0.034967274	0.069939798	0.417706494	1.108006812	1.033360614	0.025277599	0.038216079	0.066537644	0.092388051	0.072009375	1.16392998	0.867368355	1.678666104	0.399505645
aligned_38075IM5-Total-PL4_C08_01 20200805_000140.raw	0.036610116	0.170081871	0.23538965	0.436887332	0.415365416	0.647344543	0.049566756	0.051008047	0.03599657	0.033824978	0.03111287	0.126047436	0.065579281	0.059098406	0.249896206	0.746733289	1.08638566	0.028364628	0.050292619	0.059907585	0.069569666	0.075738327	0.960617077	0.981004803	1.678666104	0.498251339
aligned_38075IM5-Total-PL4_C09_01 20200805_000141.raw	1.161600421	0.918022976	1.020150968	1.006484602	1.309283561	1.497625702	0.048632711	0.164285156	0.247476056	0.345157271	0.305289572	1.144772376	1.245237707	1.186557013	0.836596566	1.488572446	1.153593343	0.62940969	0.27511315	1.122517574	1.308926893	0.911558665	1.236311753	0.94890865	1.280940262	1.007582334
aligned_38075IM5-Total-PL4_D01_01 20200805_000143.raw	0.086145832	0.521590261	0.629522369	0.621066442	0.766749717	0.811874932	0.049732663	0.050218353	0.029674315	0.039210597	0.03413316	0.0626542	0.268801892	0.353836016	0.491423647	0.683996607	0.953422484	0.028366472	0.041323286	0.07156322	0.05527431	0.060872771	0.567943647	0.647479609	1.678666104	0.231065943
aligned_38075IM5-Total-PL4_D02_01 20200805_000144.raw	0.09839364	0.189160699	0.288407987	0.293446753	0.395760208	0.69104948	0.030826438	0.041639243	0.03334188	0.023166578	0.027544199	0.048810664	0.165186471	0.119661642	0.451812674	0.560792908	0.810704187	0.028984937	0.038822893	0.050940703	0.045365534	0.056837516	0.625961402	0.615315607		0.153405047
aligned_38075IM5-Total-PL4_D03_01 20200805_000145.raw	0.047477006	0.137335913	0.235131743	0.281807805	0.38227606	0.664211046	0.044996906	0.049521477	0.036946332	0.026085003	0.024894307	0.038557703	0.060784139	0.064021082	0.418102541	0.574393113	0.96757812	0.027769331	0.046507013	0.043964191	0.062131208	0.065356991	0.503025576	0.701573321		0.186805002
aligned_38075IM5-Total-PL4_D04_01 20200805_000146.raw	0.043724221	0.123914319	0.182061456	0.274641927	0.355632326	0.647616083	0.043734783	0.049237	0.037211302	0.024685334	0.029933427	0.039004763	0.065495088	0.058901033	0.333299753	0.523997749	0.955428346	0.023674348	0.045943685	0.055234	0.059271308	0.077255537	0.505679708	0.681162522		0.281629017
aligned_38075IM5-Total-PL4_D05_01 20200805_000147.raw	0.037239079	0.091444339	0.135094645	0.809066055	0.283177789	0.608041269	0.043865318	0.048747032	0.041716621	0.026485447	0.031421709	0.031370362	0.051485247	0.048342685	0.341707786	0.447414404	0.828423079	0.023949297	0.048441193	0.049232864	0.053096953	0.058125946	0.494067087	0.587403268		0.261201454
aligned_38075IM5-Total-PL4_D06_01 20200805_000148.raw	0.042550807	0.117157241	0.163677993	0.278977765	0.330640846	0.613407289	0.041137568	0.049616754	0.039342593	0.028040964	0.028608944	0.037342335	0.06622614	0.050446798	0.289058337	0.454716268	0.850848744	0.023256588	0.048557	0.043935017	0.069089494	0.043315953	0.504164239	0.639995371		0.288917413
aligned_38075IM5-Total-PL4_D07_01 20200805_000149.raw	0.043937441	0.109065769	0.149446197	0.279131044	0.326582423	0.62681419	0.038830488	0.045983385	0.037428816	0.021448064	0.029354625	0.043179368	0.045571999	0.051008037	0.31707956	0.575834349	0.91082989	0.025139801	0.039889374	0.048419838	0.059239509	0.064053536	0.561138988	0.62032475		0.281647602
aligned_38075IM5-Total-PL4_D08_01 20200805_000150.raw	0.047922482	0.186012973	0.293006437	0.300985618	0.376300105	0.678726633	0.045848616	0.050344437	0.040207072	0.031230445	0.031164221	0.059741536	0.130629305	0.090994346	0.417164249	0.528941949	0.904759786	0.019113374	0.050712747	0.056772329	0.060491448	0.060859461	0.468715654	0.721943461		0.15651635
aligned_38075IM5-Total-PL4_D09_01 20200805_000151.raw	0.05067075	0.399805088	0.534621995	0.631445849	0.771134717	0.916397921	0.051105966	0.051652202	0.03504141	0.024888621	0.026632741	0.175933783	0.111023637	0.189343333	0.578101934	1.117830088	0.860820533	0.026349597	0.044551107	0.052914708	0.091043232	0.091941145	1.388322061	0.540127004	1.678666104	0.430271975
aligned_38075IM5-Total-PL4_D10_01 20200805_000152.raw	0.039065232	0.377456692	0.522216487	0.686412718	0.817211264	0.966684138	0.051308367	0.050606109	0.031795455	0.026012573	0.028470426	0.178453956	0.179872942	0.204026849	0.740765613	1.11429265	0.924054465	0.029706891	0.040542993	0.056031328	0.073084767	0.059545829	1.388322061	0.552133497	1.678666104	0.524024831
aligned_38075IM5-Total-PL4_D11_01 20200805_000153.raw	0.049545674	0.447658899	0.568711087	0.705822253	0.80258351	0.889716108	0.05243754	0.050939983	0.035251053	0.032537781	0.029711897	0.171273552	0.221011572	0.22426515	0.522423737	1.131167295	0.867746255	0.027791914	0.04695143	0.055230963	0.078629629	0.092397693	1.388322061	0.550784699	1.678666104	0.278535539
aligned_38075IM5-Total-PL4_D12_01 20200805_000154.raw	0.054974896	0.415783834	0.535465687	0.735402707	0.769369443	0.884107459	0.049154091	0.051351983	0.031192019	0.028281858	0.03259793	0.141149861	0.229625225	0.220837155	0.527794255	0.941534498	0.971053089	0.03298318	0.041304147	0.058465932	0.070942037	0.068977984	1.133114085	0.712037925	1.678666104	0.448273146
aligned_38075IM5-Total-PL4_E01_01 20200805_000159.raw	0.131385163	0.447456098	0.541381866	0.694523902	0.749262301	0.893192406	0.039555179	0.053457816	0.04667234	0.025299147	0.036484686	0.03686564	0.472559512	0.141018941	0.402933802	0.811479995	1.130739174	0.026874648	0.066306686	0.027949222	0.110694946	0.100413961	0.932911963	1.025508539		0.156131713
aligned_38075IM5-Total-PL4_E02_01 20200805_000160.raw	0.161498438	0.523332532	0.57109108	0.738030942	0.789662703	0.911625441	0.035188527	0.047204818	0.041730516	0.022226243	0.025578634	0.075209026	0.588825814	0.151104992	0.471567519	0.878556873	1.049589308	0.025267852	0.052724007	0.053991612	0.067677384	0.068275663	1.16279283	0.90498958		0.13134164
aligned_38075IM5-Total-PL4_E03_01 20200805_000161.raw	0.048221806	0.352040126	0.481322736	0.405797454	0.56726702	0.742020483	0.046511502	0.050528666	0.034916784	0.036236322	0.031605225	0.06035863	0.176203601	0.178147626	0.529804944	0.670997681	1.089642337	0.031927732	0.048420668	0.050788386	0.025308665	0.06236096	0.733326431	0.852490973		0.269817627
aligned_38075IM5-Total-PL4_E04_01 20200805_000162.raw	0.046112984	0.330201437	0.450524998	0.392540437	0.536502416	0.729443969	0.049875588	0.050276139	0.037876722	0.035292885	0.035926971	0.060437614	0.149243784	0.1537776	0.425953556	0.761770488	1.0545783	0.030485427	0.050235808	0.050254582	0.037115695	0.058376641	0.699648374	0.805633174		0.292873675
aligned_38075IM5-Total-PL4_E05_01 20200805_000163.raw	0.052428497	0.360910392	0.501277495	0.4485533	0.570805397	0.7653631	0.047623141	0.051819213	0.038315973	0.03172236	0.032929338	0.063064967	0.131134478	0.184359528	0.451461994	0.795194467	1.036331608	0.031855195	0.050412719	0.056687167	0.054598685	0.058456856	0.754439149	0.905453894		0.276432359
aligned_38075IM5-Total-PL4_E06_01 20200805_000164.raw	0.050598845	0.384569677	0.497907029	0.416190053	0.597176663	0.773492202	0.047311923	0.048639636	0.036990728	0.033990166	0.033727879	0.073683622	0.173143674	0.188134536	0.431195194	0.689544365	1.086429144	0.033134134	0.050269492	0.040620558	0.045953414	0.064340626	0.77291248	0.900765193		0.310474199
aligned_38075IM5-Total-PL4_E07_01 20200805_000165.raw	0.04077735	0.374997362	0.465437463	0.613128298	0.711800662	0.898621574	0.054113486	0.051694619	0.037240555	0.037484156	0.033705819	0.152111093	0.210278184	0.165416679	0.513357077	1.230834845	1.151129966	0.026187266	0.044135814	0.070856363	0.067087681	0.132564238	1.236311753	0.906549156	1.678666104	0.401077196
aligned_38075IM5-Total-PL4_E08_01 20200805_000166.raw	0.037744889	0.156701518	0.234567441	0.406590591	0.408638483	0.675967179	0.049346939	0.049209194	0.034892518	0.029215734	0.032506154	0.119847728	0.053723907	0.057529869	0.30607914	0.686579542	1.074659902	0.031866357	0.051391068	0.058024713	0.06836394	0.079156022	0.915624459	0.93254105	1.678666104	0.359358117
aligned_38075IM5-Total-PL4_E09_01 20200805_000167.raw	0.053674999	0.408890615	0.541137763	0.714789558	0.799092386	0.887817309	0.049529296	0.050842487	0.0340523	0.028158695	0.028890982	0.139614785	0.189066252	0.237498121	0.619502636	1.074229942	1.0090269	0.031553311	0.041545362	0.058497378	0.070290466	0.089861493	1.116300069	0.723906015	1.678666104	0.471048355
aligned_38075IM5-Total-PL4_F01_01 20200805_000169.raw	0.03547513	0.228565311	0.456521434	0.39586874	0.478598832	0.800741524	0.037864481	0.051051762	0.039117898	0.025925049	0.029733311	0.03656734	0.08205606	0.123521833	0.41642875	1.003185065	1.192876387	0.029422626	0.058098698	0.043212089	0.07360539	0.077580524	0.996114119	1.061253689		0.39890402
aligned_38075IM5-Total-PL4_F02_01 20200805_000170.raw	0.04237908	0.203313459	0.411979346	0.401795702	0.494612837	0.803971094	0.037231164	0.047265481	0.035961504	0.02257488	0.030970532	0.049906412	0.063977529	0.132278704	0.471512015	0.955202439	1.110568324	0.02588717	0.049236458	0.044154186	0.063059683	0.069637021	0.877965433	0.970140332		0.477680093
aligned_38075IM5-Total-PL4_F03_01 20200805_000171.raw	0.071851896	0.142466645	0.266576702	0.351394531	0.385701211	0.685820965	0.034665163	0.047651729	0.03542593	0.025827162	0.032911057	0.033882115	0.184382688	0.102213134	0.444895659	0.649151126	0.880738707	0.026717247	0.044980995	0.055717355	0.055569885	0.060130414	0.646679245	0.678454991		0.150815737
aligned_38075IM5-Total-PL4_F04_01 20200805_000172.raw	1.101778663	0.682314168	0.855465514	0.902816823	1.31533736	1.497625702	0.081780714	0.112154573	0.168455525	0.378116441	0.241696641	1.004694253	1.178961129	1.236992385	0.944758814	1.488572446	1.240186444	0.707873705	0.26261548	0.945930453	1.308926893	0.957177246	1.236311753	0.947009567	1.280940262	0.948481647
aligned_38075IM5-Total-PL4_F05_01 20200805_000173.raw	0.045171739	0.111122811	0.261293088	0.309316582	0.454900494	0.758165561	0.033406202	0.046481853	0.033513509	0.02517271	0.027218176	0.049869847	0.05320253	0.065885563	0.349050601	0.63850554	1.031008569	0.020814558	0.049194108	0.036080441	0.071054668	0.067371229	0.590767401	0.835563198		0.292332146
aligned_38075IM5-Total-PL4_F06_01 20200805_000174.raw	0.04848845	0.105197121	0.258139398	0.332366037	0.493357067	0.809593476	0.028921932	0.043834807	0.028411921	0.022851994	0.025478836	0.054558272	0.062230665	0.072114832	0.427538541	0.82795781	1.037073607	0.022538188	0.037217765	0.053468901	0.092096349	0.064222846	0.83279657	0.798468165		0.347677094
aligned_38075IM5-Total-PL4_F07_01 20200805_000175.raw	1.094889506	0.688048152	0.985025912	0.861599553	1.324456882	1.497625702	0.07912083	0.135354493	0.203059304	0.34932682	0.290489565	0.967762276	1.17890063	1.182662052	0.96805989	1.47498165	1.30057852	0.77040133	0.212220121	1.031977348	1.308926893	0.82845114	1.229078413	0.983942411	1.280940262	0.91861655
aligned_38075IM5-Total-PL4_F08_01 20200805_000176.raw	1.047436905	0.759484476	0.949505323	0.820252175	1.210092101	1.497625702	0.086455645	0.131669618	0.257221229	0.425173442	0.385809367	1.084352571	1.047924906	1.175872822	0.943628892	1.488572446	1.232226225	0.811035016	0.336501769	0.989124605	1.308926893	0.954516214	1.236311753	0.943455225	1.280940262	0.990525862
aligned_38075IM5-Total-PL4_F09_01 20200805_000177.raw	1.068929499	0.655226169	0.984332738	0.869775655	1.240218643	1.497625702	0.082506827	0.110877521	0.183294803	0.314138027	0.252353219	1.017575234	1.064850912	1.12368593	0.94688995	1.488572446	1.162250174	0.72865375	0.246077599	1.245099164	1.308926893	0.965956475	1.236311753	0.864392606	1.280940262	0.940253305
aligned_38075IM5-Total-PL4_F10_01 20200805_000178.raw	1.095368139	0.776392184	1.014175643	1.400327112	1.250715844	1.497625702	0.100101239	0.158821765	0.202261806	0.394792968	0.326205648	0.982870898	1.237767571	1.223156421	0.917620792	1.481794426	1.314556859	0.753919822	0.247199798	0.998098616	1.308926893	0.983630236	1.236311753	1.001864988	1.280940262	0.950800974
aligned_38075IM5-Total-PL4_F11_01 20200805_000179.raw	1.12886583	0.764712876	0.919005675	0.898012124	1.274582482	1.497625702	0.098307846	0.148577412	0.286781669	0.417225269	0.411240216	1.14205056	1.188035918	1.177250569	0.889789299	1.488572446	1.400070366	0.885050823	0.324608599	1.024635899	1.308926893	0.922535053	1.236311753	1.138476535	1.280940262	0.914347563
aligned_38075IM5-Total-PL4_F12_01 20200805_000180.raw	1.175930156	0.767532811	1.029277605	0.803148148	1.332598622	1.497625702	0.088523072	0.139072224	0.24770041	0.504871523	0.291832305	1.061220908	1.208410492	1.236992385	0.905186539	1.466642808	1.267836313	0.896954159	0.342462473	0.99253764	1.308926893	0.90587151	1.233527923	1.007404123	1.280940262	1.049410054
aligned_38075IM5-Total-PL4_G01_01 20200805_000182.raw	0.071234545	0.237599593	0.430323238	0.411600581	0.552300953	0.85418041	0.028599035	0.041671626	0.024799401	0.017822291	0.024254474	0.046806911	0.158815269	0.148047027	0.638872137	1.166054449	1.114946841	0.02936083	0.037646844	0.088241627	0.045692941	0.136097392	1.236311753	0.952744274	1.602274158	0.634218378
aligned_38075IM5-Total-PL4_G02_01 20200805_000183.raw	0.043319062	0.216471158	0.429397931	0.394080168	0.514113409	0.848318959	0.037256214	0.047710881	0.036539556	0.024274321	0.028161823	0.04978152	0.104065588	0.119346233	0.560346123	1.025101074	1.138776301	0.028652041	0.051749053	0.046127233	0.074144197	0.076312086	0.993655689	0.975538026		0.474516822
aligned_38075IM5-Total-PL4_G03_01 20200805_000184.raw	0.057783394	0.113616657	0.237086034	0.304765039	0.27595679	0.534028333	0.031915017	0.048962047	0.039530591	0.030214551	0.033537988	0.04077196	0.0607463	0.071106597	0.421587562	0.693729331	1.002877884	0.027146179	0.054112125	0.045412576	0.081864592	0.072940965	0.745834133	0.920250891	1.678666104	0.41482759
aligned_38075IM5-Total-PL4_G04_01 20200805_000185.raw	0.044860586	0.226253417	0.322612996	0.349824896	0.4332158	0.683525096	0.051177321	0.054883335	0.045148502	0.038858077	0.045030153	0.053465186	0.164112966	0.127622669	0.449730068	0.549530645	0.907966867	0.035828168	0.056231748	0.062435886	0.057815625	0.081858843	0.250373291	0.721778728		0.150756198
aligned_38075IM5-Total-PL4_G05_01 20200805_000186.raw	0.046568021	0.335927653	0.372847623	0.378193508	0.611007907	0.716091694	0.04595896	0.039512619	0.019738275	0.032957476	0.030972699	0.03972115	0.290277268	0.189826651	0.782882175	1.301096534	1.032415935	0.032087346	0.028040633	0.103237159	0.032322975	0.118714022	1.236311753	0.790128606	1.678666104	0.870771652
aligned_38075IM5-Total-PL4_G06_01 20200805_000187.raw	0.05312085	0.508006449	0.530986386	0.53218126	0.698361134	0.918902687	0.047562385	0.041034178	0.026116481	0.024761467	0.022239628	0.054687227	0.236458769	0.239657631	0.684445181	1.156733378	1.148807813	0.031820019	0.031602899	0.12227564	0.067313266	0.113714415	1.234649505	0.804875702		0.591003828
aligned_38075IM5-Total-PL4_G07_01 20200805_000188.raw	0.111179137	0.437028701	0.515644535	0.328972397	0.624740863	0.809717253	0.03747995	0.036331032	0.02248699	0.030646512	0.028477748	0.048638904	0.383908079	0.30119286	0.819152637	0.949276663	1.084805965	0.033764471	0.027105197	0.076214009	0.047158962	0.044504013	0.954489324	0.821800043	1.678666104	0.672674133
aligned_38075IM5-Total-PL4_G08_01 20200805_000189.raw	0.093870316	0.119457299	0.263219979	0.225689474	0.383995469	0.718005427	0.024091752	0.037082876	0.029312765	0.023562191	0.021916416	0.030891631	0.155232651	0.098203694	0.456767611	0.809415118	1.006356012	0.027819775	0.035876758	0.077757049	0.023118354	0.068625771	0.783307138	0.779326083		0.311714922
aligned_38075IM5-Total-PL4_G09_01 20200805_000190.raw	0.042516441	0.122480089	0.243963898	0.267617206	0.305428469	0.623522106	0.038734126	0.052167406	0.046409754	0.03146324	0.039119896	0.039680713	0.158524426	0.101593497	0.45846759	0.529113611	0.751280123	0.029675543	0.066636049	0.036238387	0.064061933	0.072788209	0.293064431	0.660499887		0.10615673
aligned_38075IM5-Total-PL4_G10_01 20200805_000191.raw	0.050592984	0.296318275	0.433637185	0.569764053	0.651215166	0.837087514	0.047440071	0.05398296	0.044495771	0.032368895	0.03812085	0.065103869	0.184167955	0.143077589	0.432317654	0.705973772	1.051759317	0.031585169	0.063233899	0.049090462	0.075440841	0.114177168	0.546663231	0.846787064		0.15755479
aligned_38075IM5-Total-PL4_G11_01 20200805_000192.raw	0.04351739	0.204102272	0.408819586	0.36606816	0.486879442	0.823653306	0.035525683	0.049829097	0.036358936	0.025121103	0.03172949	0.054261847	0.104607668	0.118293335	0.425240409	1.074679537	1.177358197	0.028306981	0.048527147	0.038470687	0.075745875	0.082261793	1.200595882	0.9578513		0.499618167
aligned_38075IM5-Total-PL4_G12_01 20200805_000193.raw	0.043841274	0.209121947	0.406071208	0.355050798	0.472275715	0.813702466	0.038603733	0.050310659	0.036266853	0.027362621	0.032554426	0.055709657	0.084862045	0.124572709	0.433287708	1.271249232	1.080799264	0.031217435	0.054903808	0.028925632	0.067028465	0.073422386	1.214458525	0.912625895		0.460399299
aligned_38075IM5-Total-PL4_H01_01 20200805_000195.raw	0.056471285	0.561013168	0.599873055	0.749179084	0.864537329	0.932227989	0.055066618	0.052850996	0.034887564	0.031762446	0.032903952	0.152093807	0.219379126	0.220193875	0.730040495	1.485960254	1.071066876	0.031431366	0.040081526	0.108182961	0.084845014	0.133388031	1.236311753	0.672704951	1.585829583	0.578765635
aligned_38075IM5-Total-PL4_H02_01 20200805_000196.raw	0.079635087	0.500291528	0.540604697	0.740615793	0.78229396	0.928937436	0.053769393	0.054113035	0.040066613	0.031188647	0.031360745	0.144812474	0.251168408	0.196231314	0.568217898	1.225375262	1.020378419	0.029278122	0.046585607	0.111645372	0.07695754	0.151409239	1.236311753	0.70088197	1.678666104	0.492358372
aligned_38075IM5-Total-PL4_H03_01 20200805_000197.raw	0.05515994	0.495874645	0.533279918	0.810941666	0.830312072	0.963374516	0.054369606	0.054907585	0.044138639	0.035559235	0.037848836	0.153071247	0.285558078	0.179993145	0.532070302	1.122332901	1.067705087	0.031724512	0.052332991	0.098213468	0.071642848	0.164270879	1.189515981	0.750107133	1.678666104	0.381950665
aligned_38075IM5-Total-PL4_H04_01 20200805_000198.raw	0.048739589	0.513298451	0.530994821	0.72143212	0.742452699	0.907682722	0.052353034	0.05290627	0.036037725	0.029515657	0.033000344	0.127829614	0.275542611	0.182378804	0.496250098	1.260241263	1.043500732	0.02795161	0.040068884	0.089712563	0.064876266	0.146316856	1.236311753	0.726588806	1.678666104	0.407450154
aligned_38075IM5-Total-PL4_H05_01 20200805_000199.raw	0.049817666	0.46980197	0.490402692	0.705071796	0.715535645	0.863520557	0.05347408	0.053292682	0.040736429	0.03224014	0.03170105	0.127516765	0.231436271	0.159207271	0.521782234	1.275506085	1.011829841	0.035464574	0.049404582	0.101383523	0.061409798	0.128440533	1.236311753	0.713622202	1.678666104	0.429673529
aligned_38075IM5-Total-PL4_H06_01 20200805_000200.raw	0.055050372	0.44366591	0.457562771	0.739240019	0.673375325	0.8724071	0.051610671	0.050800174	0.037368413	0.025713785	0.031276223	0.122053636	0.203810838	0.148440406	0.526371926	1.325059618	0.986039942	0.029369689	0.041972688	0.104110553	0.0736261	0.130380005	1.236311753	0.687848116	1.626686851	0.428652013
aligned_38075IM5-Total-PL4_H09_01 20200805_000201.raw	0.091572579	0.75293217	0.695514661	1.216400305	1.195357087	1.118059303	0.05386263	0.052003499	0.028194499	0.030847916	0.037747264	0.176484931	0.501323563	0.463960385	0.938347718	1.488572446	1.167480034	0.034836513	0.03756584	0.076496666	0.090599249	0.161933625	1.236311753	0.879385887	1.678666104	0.852365326
aligned_38075IM5-Total-PL4_H10_01 20200805_000202.raw	0.03868138	0.138320842	0.320314782	0.445126833	0.550244036	0.826498552	0.044131683	0.055364877	0.046327502	0.029587542	0.035695558	0.030202491	0.028908728	0.085977879	0.269409936	0.970052583	1.180272299	0.03540596	0.06224542	0.028012692	0.073879541	0.088795128	0.972063712	1.043347371		0.452356059
aligned_38075IM5-Spike-PL5_A01_01 20200804_000005.raw	0.186214492	0.612232245	0.567647602	0.447575862	0.676940522	1.052991795	0.045092326	0.037051539	0.040141795	0.038412761	0.0125811	0.790576649	0.431451403	0.494328832	1.263923594	1.488572446	0.981532746	0.032006494	0.047449297	0.425170034	0.228260921	0.249491061	2	0.846814829	1.280940262	1.241427604
aligned_38075IM5-Spike-PL5_A01_02 20200804_000088.raw	0.184858921	0.680649479	0.687102214	0.365195042	0.766771385	1.101007621	0.042951785	0.038309534	0.043195449	0.03525721	0.019169403	0.852434648	0.458524519	0.491106121	1.263923594	2	0.92860225	0.032944032	0.044886597	0.324059441	0.228260921	0.359980239		0.755260781	1.381102364	1.241427604
aligned_38075IM5-Spike-PL5_A02_01 20200804_000006.raw	0.097121356	0.362583735	0.447971364	1.043671407	0.887625363	1.08735656	0.039092691	0.044748497	0.048499601	0.045062634	0.021494888	0.372534212	1.543611547	0.272947017			1.079063549	0.018411903	0.044903401	0.070200126	0.180699572	0.124361566		0.878309669	1.602274158	1.19930957
aligned_38075IM5-Spike-PL5_A03_01 20200804_000007.raw	0.087807383	0.51208492	0.520555208	0.520045772	0.768223347	1.026905395	0.046298486	0.048201241	0.042981917	0.033720535	0.023679455	0.212950604	1.543611547	0.447973415	1.263923594	1.488572446	1.071000165	0.029240884	0.046538426	0.070618663	0.085328702	0.106934754		0.911989788	1.511052837	1.241427604
aligned_38075IM5-Spike-PL5_A04_01 20200804_000008.raw	0.099797106	0.498651493	0.522693237	0.726782428	0.828981483	1.003887266	0.047057272	0.050110771	0.041982052	0.03081035	0.019460654	0.515051791	0.462532718	0.37140833	1.263923594	2	1.073769857	0.037813663	0.04924933	0.04147952	0.073261819	0.081681292		0.895607878	1.602274158	1.228065698
aligned_38075IM5-Spike-PL5_A05_01 20200804_000009.raw	0.23762411	0.460660709	0.451794251	0.720858488	0.828531913	1.128301194	0.037049504	0.040874631	0.048317616	0.037620885	0.016353973	0.942206652	1.133985202	0.350139032	2		1.017235146	0.044559068	0.043960453	0.17933703	0.221694587	0.165062796		0.840550504	0.789826453	1.241427604
aligned_38075IM5-Spike-PL5_A06_01 20200804_000010.raw	0.702231447	0.610826251	0.646063138	0.787868482	0.861590864	0.965936914	0.028320195	0.04351399	0.045595349	0.059406321	0.024466318	0.319242248		0.584104065		1.488572446	1.028332093	0.031005058	0.044099004	0.09337671	0.071199596	0.087959806		1.003787786		1.241427604
aligned_38075IM5-Spike-PL5_A07_01 20200804_000011.raw	0.106360161	0.477000519	0.493902901	0.764421513	0.76357592	1.036284815	0.044574511	0.046758832	0.039759278	0.02853148	0.022037324	0.455874468	0.398816883	0.360146845	0.93475829		0.979823102	0.033217248	0.042345625	0.084462524	0.070446384	0.091878463		0.928024372	1.280940262	0.78662112
aligned_38075IM5-Spike-PL5_A08_01 20200804_000012.raw	0.081141839	0.253846719	0.404436034	0.494946176	0.865954794	1.076456283	0.033315971	0.043138895	0.048162785	0.038002392	0.019834923	0.957565888	0.416019362	0.14013475	0.577273784		0.930567552	0.021952739	0.040432757	0.073973645	0.115497941	0.139183236		0.846955466	1.280940262	0.773996556
aligned_38075IM5-Spike-PL5_A09_01 20200804_000013.raw	1.261629305	0.719563158	0.61464103	0.795513872	1.143229328	1.192988069	0.186025978	0.164284641	0.807529763	0.502110435	0.874250646	1.409544424		0.880671156	0.982090455	1.488572446	0.956432982	1.142243652	0.529010813	1.266731714		0.912171923	1.236311753	0.830083555	1.152714559	0.920816917
aligned_38075IM5-Spike-PL5_A10_01 20200804_000014.raw	1.172879184	1.061377155	0.730302675	0.775931379	1.131894317	1.169083074	0.241226275	0.309799285	0.865628003	0.547425356	1.706823477	1.396224282		1.236992385	0.917754602	1.337826608	0.945617332	1.490180215	1.13355984	1.266731714		0.980684025	1.213209359	0.870711773	1.443944202	1.00912732
aligned_38075IM5-Spike-PL5_B01_01 20200804_000017.raw	0.027981005	0.126739631	0.3008627	0.303171461	0.470885087	1.025622902	0.033243595	0.047007149	0.04635037	0.035572299	0.026712357	0.631933786	0.188657524	0.107620412	0.543070431	1.942682101	0.946492023	0.025112047	0.043408749	0.1003594	0.117951322	0.170245825		0.89608688		0.811290286
aligned_38075IM5-Spike-PL5_B02_01 20200804_000018.raw	0.027516439	0.115418116	0.313723876	0.291353633	0.47477936	1.027668255	0.032989515	0.048993192	0.054228144	0.048208246	0.01961986	0.724181917	0.196517682	0.109699242	0.67092085		0.964663302	0.027626731	0.045477331	0.064893537	0.08480394	0.171360782		0.954361151		0.805467116
aligned_38075IM5-Spike-PL5_B03_01 20200804_000019.raw	1.19063971	1.001189824	0.56027693	0.703684717	1.145452283	1.183454905	0.259599005	0.357241435	0.834681005	0.602092495	1.706823477	1.439146062		0.892227501	1.010572204	1.337826608	0.947190127	1.478724806	0.973979164	1.266731714		1.021963335	1.292574802	0.857149464	1.269986433	1.049350876
aligned_38075IM5-Spike-PL5_B04_01 20200804_000020.raw	1.241100139	0.910622209	0.589745919	0.970394042	1.065647146	1.189829555	0.245778535	0.320988849	0.794074109	0.63372746	1.706823477	1.432881385		0.873383529	1.09295721	1.488572446	0.937734169	1.474419666	1.001376666	1.266731714		0.860206496	1.332759728	0.882435651	1.256647281	1.130773531
aligned_38075IM5-Spike-PL5_B05_01 20200804_000021.raw	1.234518286	1.073348071	0.599286708	0.818343962	1.119619415	1.207929714	0.255332658	0.338969847	0.79512232	0.630396073	1.706823477	1.399450096		0.914441339	0.998922327	1.337826608	0.970500018	1.492356308	1.020699672	1.266731714		0.96851254	1.16524487	0.86268374	1.280940262	1.028472381
aligned_38075IM5-Spike-PL5_B06_01 20200804_000022.raw	1.230860872	1.072488859	0.58453464	0.859623345	1.107406286	1.201496852	0.230352043	0.313307312	0.819053884	0.600236489	1.706823477	1.421284809		0.999713335	1.090932243	1.337826608	0.962671015	1.492356308	1.14917765	1.266731714		1.071672881	1.206809222	0.866728856	1.173858782	1.088590768
aligned_38075IM5-Spike-PL5_B07_01 20200804_000023.raw	1.203309372	0.788306558	0.7369646	0.747109421	1.202854391	1.206486057	0.218894799	0.287060847	0.887088647	0.539921048	1.706823477	1.462890618	0.91320682	0.902663911	0.986916829	1.488572446	0.994924104	1.492356308	0.929605249	1.449040773		1.002615434	1.236311753	0.829945315	1.25168148	1.016740258
aligned_38075IM5-Spike-PL5_B08_01 20200804_000024.raw	1.26061775	0.970986451	0.90119309	0.926949314	0.97971279	1.209625661	0.337577281	0.416487985	0.825155018	0.545854484	1.706823477	1.40627252		1.232445691	0.91477867	1.337826608	0.966089519	1.492356308	1.122325309	1.266731714		0.99475802	1.250256727	0.86857189	1.280940262	1.022646895
aligned_38075IM5-Spike-PL5_B09_01 20200804_000025.raw	1.237563065	0.76936765	0.977961468	0.838894147	1.014381753	1.223985015	0.280513176	0.356509656	0.886663964	0.547507966	1.706823477	1.414195008	1.543611547	1.236992385	0.91849161	1.337826608	0.977172405	1.455743393	1.098284369	1.266731714		1.06425571	1.247841735	0.842963814	1.280940262	0.992059055
aligned_38075IM5-Spike-PL5_B10_01 20200804_000026.raw	1.251436708	0.971162828	1.200557859	0.689481352	1.050445572	1.213722558	0.245314251	0.326225044	0.865716726	0.534162798	1.706823477	1.44062956	1.515885017	1.222573091	0.94914567	1.337826608	0.986060277	1.492356308	1.05993464	1.266731714		1.02291865	1.260691182	0.851454254	1.221790212	1.096373036
aligned_38075IM5-Spike-PL5_B12_01 20200804_000028.raw	1.232460067	0.925002129	1.129367747	0.761288389	1.106727173	1.208856733	0.281029696	0.297039738	0.787351645	0.490957312	1.706823477	1.425675476	1.543611547	1.236992385	0.879639126	1.488572446	0.979164764	1.492356308	0.981945041	1.058865933		1.015164087	1.274435299	0.843086961	1.220157645	1.022279692
aligned_38075IM5-Spike-PL5_C01_01 20200804_000030.raw	1.309100439	0.969297528	0.543542648	0.995314238	1.086743302	1.231916568	0.353023938	0.307837905	1.054719523	0.592029631	1.706823477	1.339491004		1.014547609	0.948436675	1.488572446	0.97413131	1.441863572	0.898884633	1.266731714		1.005587325	1.423508816	0.830762401	1.280940262	0.973649922
aligned_38075IM5-Spike-PL5_C02_01 20200804_000031.raw	1.252715019	1.508725241	0.598354816	1.102773924	1.102070964	1.218976968	0.242598335	0.337490823	0.853340885	0.673483964	1.706823477	1.347145535		1.006544288	0.969977679	1.337826608	0.965486471	1.492356308	1.035891374	1.266731714		1.045923355	1.204767737	0.883266725	1.283152784	0.951596235
aligned_38075IM5-Spike-PL5_C04_01 20200804_000033.raw	1.169512053	0.863789643	0.612175784	0.881555275	1.132177977	1.223234304	0.199686202	0.27733404	0.777146498	0.515323038	1.511585714	1.402397224		0.952174032	1.187090347	1.488572446	0.985845586	1.477593483	0.80017511	0.870333058		1.060826493	1.236311753	0.849036663	1.280940262	1.138396482
aligned_38075IM5-Spike-PL5_C05_01 20200804_000034.raw	1.245890862	1.084814983	0.5637868	0.889578228	1.039444144	1.229328951	0.224546928	0.320706978	0.751137294	0.579596294	1.706823477	1.366039509		0.84750801	0.9908159	1.488572446	0.979809259	1.492356308	0.997398033	1.193334616		1.064626242	1.30935075	0.827990706	1.280940262	1.056446956
aligned_38075IM5-Spike-PL5_C06_01 20200804_000035.raw	1.326516094	0.94520982	0.537101286	0.727377741	0.959838346	1.23249028	0.267989319	0.319603671	0.761891604	0.530401187	1.706823477	1.3659104	0.491773507	1.144042654	1.014436306	1.454961539	0.945660808	1.463236834	0.959533935	1.266731714		1.038798294	1.402192622	0.844209978	1.280940262	0.966385684
aligned_38075IM5-Spike-PL5_C07_01 20200804_000036.raw	1.265840932	1.034365912	0.514809716	0.75312504	0.951964371	1.219395487	0.26202025	0.388410252	0.758789969	0.555993027	1.706823477	1.384423196	0.467519043	1.160359455	0.868273651	1.488572446	0.964978516	1.492356308	1.055017917	1.266731714		1.083304595	1.425817211	0.84240262	1.280940262	0.948078631
aligned_38075IM5-Spike-PL5_C08_01 20200804_000037.raw	1.2204696	1.077466441	1.033282442	0.786075804	0.962673194	1.249514795	0.239672466	0.26960548	0.710758684	0.436965319	1.265150156	1.424085219	0.538899182	1.035727978	1.009827395	1.488572446	1.008909479	1.363530889	0.808799355	1.449040773		1.003472377	1.255911067	0.816877949	1.280940262	0.972439154
aligned_38075IM5-Spike-PL5_C09_01 20200804_000038.raw	1.23766966	0.962170009	0.534498965	0.797614359	0.902146928	1.260929805	0.25609631	0.372379961	0.795432099	0.508131938	1.706823477	1.411528101	0.658368746	1.157182969	0.951540913	1.488572446	0.960016239	1.492356308	1.045176303	1.266731714		0.98700464	1.309823718	0.850122973	1.280940262	0.941270938
aligned_38075IM5-Spike-PL5_C11_01 20200804_000040.raw	1.277137506	0.921015994	0.626756459	0.864529259	1.088434748	1.275588669	0.218086381	0.283043081	0.751710096	0.913796218	1.706823477	1.384746338	1.543611547	0.949540652	1.007914922	1.488572446	0.950546127	1.436112815	0.801803455	1.398847615		0.950803882	1.236311753	0.821886315	1.280940262	0.90403398
aligned_38075IM5-Spike-PL5_D02_01 20200804_000043.raw	1.221350531	0.990461163	0.694396505	0.94106179	0.913257213	1.250575914	0.20544227	0.272784752	0.654878297	0.507978788	1.265150156	1.407933164	0.912688603	0.844861167	1.009158746	1.488572446	0.959403595	1.479321276	0.851339197	1.15812884		1.018501924	1.236311753	0.811934906	0.866116263	1.057478621
aligned_38075IM5-Spike-PL5_D03_01 20200804_000044.raw	1.236531542	0.805492651	0.680090048	0.905204562	1.0444581	1.267234971	0.146573085	0.229701084	0.620875914	0.470592647	1.08707737	1.448984741	1.047258305	0.8399222	0.969628553	1.389120688	0.960182109	1.306742289	0.564568495	1.449040773		1.017179067	1.175341621	0.775970533	0.772136765	1.059335458
aligned_38075IM5-Spike-PL5_D04_01 20200804_000045.raw	1.221201651	1.006294167	0.58368577	0.750914233	1.029630504	1.238055356	0.178907779	0.254110407	0.636810469	0.50047461	1.313537729	1.426431657	1.543611547	0.839905185	1.0550222	1.488572446	0.948559136	1.407657133	0.843678405	1.449040773		0.914391637	1.236311753	0.853813477	1.180936905	1.258573981
aligned_38075IM5-Spike-PL5_D05_01 20200804_000046.raw	1.210958439	1.004096509	0.597945706	0.892985129	0.914702393	1.230838328	0.158045956	0.282059592	0.705662116	0.500348532	1.666818865	1.451236264	1.543611547	0.839493942	0.908837934	1.488572446	0.989984509	1.379756932	0.854371174	1.266731714		0.965702725	1.236311753	0.832043187	1.20886853	0.910265911
aligned_38075IM5-Spike-PL5_D06_01 20200804_000047.raw	1.179312996	0.77834037	0.846529441	0.780758837	1.049331366	1.216637133	0.23039952	0.271992241	0.815115416	0.555818646	1.338538423	1.396020112		1.204827847	0.924836597	1.488572446	0.988239111	1.281381639	0.918961087	1.154109671		1.003001983	1.25484242	0.816888375	1.280940262	1.068903848
aligned_38075IM5-Spike-PL5_D07_01 20200804_000048.raw	1.190415111	0.76936765	0.729450673	0.755427157	1.012832423	1.24865357	0.202370431	0.271717738	0.863720409	0.537047725	1.706823477	1.411525618		1.174846433	1.057944683	1.488572446	0.991234128	1.443970403	0.95702532	1.266731714		0.95482392	1.236311753	0.834982775	1.22924446	1.038429964
aligned_38075IM5-Spike-PL5_D08_01 20200804_000049.raw	1.226759564	0.767409962	0.735912136	0.619430975	1.052168979	1.241131119	0.177978244	0.291020493	1.050460221	0.490299816	1.270174599	1.371129379		1.1615912	1.073667052	1.488572446	0.983862653	1.339623614	0.85562369	1.213034399		0.970582471	1.236311753	0.818594751	1.280940262	1.029109754
aligned_38075IM5-Spike-PL5_D10_01 20200804_000051.raw	1.221357972	0.870234731	0.748550746	0.616868045	1.077226885	1.218489625	0.21827417	0.263397673	0.727336261	0.509092817	1.706823477	1.420814137		1.198171798	1.097569751	1.488572446	0.927628444	1.370399697	0.845663497	1.266731714		0.943393134	1.236311753	0.838574758	1.280940262	1.105692718
aligned_38075IM5-Spike-PL5_E01_01 20200804_000057.raw	1.224725098	0.869509729	0.541945633	0.753860061	1.103828617	1.231704854	0.216284505	0.315422167	0.720168623	0.646087696	1.706823477	1.318955026		0.96014662	1.057733207	1.457024126	0.978179953	1.470731395	1.051357867	1.266731714		0.936893407	1.367544881	0.85686658	1.280940262	1.042918821
aligned_38075IM5-Spike-PL5_E02_01 20200804_000058.raw	1.260759676	0.940402812	0.691678714	1.052849492	1.082934627	1.223799092	0.174649003	0.251100449	0.720063616	0.487183833	1.265150156	1.352278727	0.953566598	0.845348764	1.203907126	1.488572446	0.915134718	1.420738774	0.742200557	0.838063		0.991768647	1.236311753	0.772694042	1.280940262	0.90539049
aligned_38075IM5-Spike-PL5_E03_01 20200804_000059.raw	1.191149662	1.127636523	0.598789179	0.829737954	1.164530102	1.223254119	0.270504477	0.322919542	0.913297532	0.689873395	1.706823477	1.331694733		0.983341199	1.099837908	1.337826608	0.947172113	1.492356308	1.081262266	1.266731714		1.024964706	1.235321278	0.85712054	1.280940262	1.206500448
aligned_38075IM5-Spike-PL5_E05_01 20200804_000061.raw	1.208431783	0.76936765	0.655513301	0.862306958	1.155909332	1.330145405	0.18602462	0.252403001	0.702981863	0.555746328	1.265150156	1.374324519	1.543611547	0.782561215	0.983492843	1.488572446	0.930902697	1.188961786	0.740728026	1.064215173		0.989291245	1.236311753	0.813386059	1.280940262	1.087765155
aligned_38075IM5-Spike-PL5_E06_01 20200804_000062.raw	1.165419775	0.985997282	0.882806106	0.650871922	0.960485851	1.291417525	0.228750777	0.280210319	0.655238487	0.497621119	1.706823477	1.425092518	1.118703122	1.233906892	1.048583645	1.488572446	0.981822919	1.214943226	0.840053445	1.449040773		1.051999284	1.236311753	0.845084939	0.930129549	1.16285246
aligned_38075IM5-Spike-PL5_E07_01 20200804_000063.raw	1.164730772	1.248347005	1.144407417	1.555748492	0.778615502	1.306027264	0.300650527	0.321894503	0.627610425	0.422348365	1.456799282	1.44418084	1.543611547	1.0946254	1.181901765	1.488572446	0.583887034	1.376609954	0.896016909	1.070156257		1.110739596	1.236311753	0.766934241	0.501249501	1.112204147
aligned_38075IM5-Spike-PL5_E08_01 20200804_000064.raw	1.170588064	0.814103753	1.171203133	0.862859442	0.930476647	1.3035017	0.317603734	0.287125319	0.645650539	0.469186187	1.706823477	1.441545047	1.096586471	1.236992385	1.079538736	1.488572446	0.930540785	1.429197459	0.887020705	1.223917323		0.990653259	1.236311753	0.813196108	1.005182147	1.039963255
aligned_38075IM5-Spike-PL5_E10_01 20200804_000066.raw	1.15103019	1.036127803	1.025046445	0.829169606	1.029786694	1.298589849	0.182364085	0.251435739	0.751664408	0.499202662	1.706823477	1.439075207	0.912688603	1.236992385	0.990878645	1.488572446	0.955024121	1.360534605	0.878609642	1.449040773		1.027374569	1.236311753	0.824304784	0.686220235	0.970969928
aligned_38075IM5-Spike-PL5_E11_01 20200804_000067.raw	1.253001565	1.03544038	0.547343809	1.542264979	1.012548347	1.305394249	0.259241508	0.321069438	0.665277485	1.052530499	1.706823477	1.269777785		0.982772701	1.096901292	1.488572446	0.899371586	1.445363429	0.970145998	1.439140639		0.957797336	1.253591886	0.855756783	1.4213811	1.069857024
aligned_38075IM5-Spike-PL5_F01_01 20200804_000069.raw	1.049415698	0.446739125	0.517312739	0.634770402	0.907871136	1.287065148	0.077820614	0.064146146	0.151536991	0.324998472	0.260629057	1.380860308		0.743743621	1.092801169	1.488572446	0.919926527	0.492042756	0.104879687	0.870433813		0.625996192	1.329864774	0.795812154	0.875068194	1.030564455
aligned_38075IM5-Spike-PL5_F02_01 20200804_000070.raw	1.183383689	1.533598937	0.91522228	1.558278711	0.860480071	1.306189694	0.3745025	0.31797596	0.724580767	0.50012187	0.918703566	1.415880601		0.958279839	1.213754931	1.488572446	0.830405396	1.305831292	0.6509749	0.987149645		0.970704952	1.236311753	0.837478784	1.678666104	1.046602642
aligned_38075IM5-Spike-PL5_F03_01 20200804_000071.raw	1.143614234	0.861989586	0.57902727	0.895393793	1.022189772	1.309781496	0.149922541	0.169285841	0.505532569	0.435766282	0.574242501	1.43358845	1.543611547	0.840525233	0.989205523	1.488572446	0.985284607	0.865177419	0.370057438	0.890483658		1.101805656	1.279662499	0.820310903	0.939555532	0.967967441
aligned_38075IM5-Spike-PL5_F04_01 20200804_000072.raw	1.200472558	1.033059869	0.703529562	1.104898651	0.991755461	1.314470405	0.176799448	0.160812555	0.533878282	0.506422473	0.788594174	1.443501772	1.543611547	0.817213369	1.015410139	1.488572446	0.92846954	0.847715715	0.327233289	1.0801085		0.98546074	1.236311753	0.821012424	0.508732542	0.923544153
aligned_38075IM5-Spike-PL5_F05_01 20200804_000073.raw	1.225833433	0.942370131	0.551265494	0.720658748	0.977418647	1.309617256	0.18665348	0.149444203	0.606488548	0.518276766	1.351469963	1.42542502	1.543611547	0.916499181	1.230926474	1.488572446	0.954232845	1.12084644	0.560447603	1.279227833		0.917556795	1.236311753	0.835320515	1.151780263	1.211154718
aligned_38075IM5-Spike-PL5_F06_01 20200804_000074.raw	1.135834261	0.870589852	1.0458828	0.768134956	1.092010399	1.316543124	0.256245702	0.283952739	0.719043573	0.399635341	1.702488353	1.444139116	1.128008466	1.054943095	1.048463993	1.488572446	1.006437169	1.214971689	0.868309854	1.449040773		0.91148837	1.25218694	0.854148488	0.793968355	0.970379226
aligned_38075IM5-Spike-PL5_F07_01 20200804_000075.raw	1.187524002	0.826687546	0.789035232	0.650606394	1.05546423	1.307650224	0.249025591	0.263312925	0.757064862	0.514071493	1.706823477	1.447900004	1.155878323	1.068950006	1.13235786	1.488572446	0.920966019	1.365139197	0.879991978	1.449040773		1.03701146	1.236311753	0.827881152	0.959328599	1.095614202
aligned_38075IM5-Spike-PL5_F08_01 20200804_000076.raw	1.107020997	0.799685201	0.903855508	0.747560901	1.142863446	1.292146002	0.217645935	0.189560348	0.672085137	0.411657692	1.073911482	1.44894573	1.056260325	1.058235495	1.121276748	1.488572446	0.958732969	1.353693043	0.729824021	0.985716303		1.125520694	1.236311753	0.811399766	0.786344888	1.202741512
aligned_38075IM5-Spike-PL5_F09_01 20200804_000077.raw	1.235418712	1.346922378	0.951171829	1.521610964	0.899797309	1.236202575	0.238769475	0.373959809	0.77276093	0.546172205	1.706823477	1.437181342	1.543611547	1.166382035	1.058610196	1.488572446	0.619030838	1.492356308	1.022718209	1.266731714		0.950604235	1.236311753	0.767141358	1.220133109	1.108300038
aligned_38075IM5-Spike-PL5_F10_01 20200804_000078.raw	1.185329951	0.958158125	0.550469007	1.184160618	1.016966489	1.232833301	0.279582716	0.354235335	0.851718786	0.556274904	1.706823477	1.470026077	1.449389664	1.176270036	0.970926195	1.337826608	0.949025979	1.458119431	1.108285117	1.269711148		0.951473515	1.2561532	0.858806449	0.747278477	1.044675935
aligned_38075IM5-Spike-PL5_F11_01 20200804_000079.raw	1.160727201	0.956571331	0.817816155	0.838138438	1.166591359	1.204627705	0.167591479	0.330547488	0.634045126	0.838463651	1.706823477	1.108033462	1.180634835	1.236992385	0.928792948	1.488572446	0.922870087	1.364823111	1.11405887	1.266731714		0.908306892	1.236311753	0.85792436	1.280940262	0.982414408
aligned_38075IM5-Spike-PL5_G01_01 20200804_000081.raw	1.158698948	0.608931434	0.542971941	0.786739762	0.90270364	1.219582163	0.263608054	0.317262158	0.657764138	0.553281147	1.521736153	1.306896935		1.050577515	1.172200384	1.488572446	0.900666718	1.466575762	0.917876783	1.266731714		1.017573181	1.236311753	0.817550641	1.280940262	0.98818681
aligned_38075IM5-Spike-PL5_G03_01 20200804_000083.raw	1.06393274	0.572598044	0.679605423	0.64275925	1.037690517	1.224765404	0.194834609	0.25132967	0.737440821	0.49834582	1.265150156	1.391457498	1.369077056	0.903042068	0.958763289	1.488572446	0.940878319	1.40752134	0.698633944	1.056800018		1.052102152	1.236311753	0.815586073	1.089581537	1.092599346
aligned_38075IM5-Spike-PL5_G04_01 20200804_000084.raw	1.176322848	0.424675284	0.699007748	0.674602848	0.988145058	1.234268154	0.145777814	0.180664782	0.771549141	0.484105247	0.718566825	1.396602216	1.543611547	0.864096983	1.222403738	1.488572446	0.923555034	1.136442747	0.588518836	0.940005703		0.89123995	1.236311753	0.815711268	1.264717048	1.192422981
aligned_38075IM5-Spike-PL5_G05_01 20200804_000085.raw	1.102225215	0.436439483	0.683527517	0.801071522	1.134317623	1.238652953	0.159191503	0.207300757	0.782597065	0.499450205	0.67565224	1.398130484	1.543611547	0.748813562	0.955861082	1.488572446	0.897801239	1.175365028	0.448524694	0.757696645		1.178243794	1.25650419	0.75874674	1.280940262	0.999505729
aligned_38075IM5-Spike-PL5_G06_01 20200804_000086.raw	1.194130261	0.812093651	0.563786277	0.748869007	0.922944227	1.228304882	0.171343148	0.246910514	0.602075722	0.849182467	1.265150156	1.198227649		0.841101076	1.081968957	1.488572446	0.927861642	1.32894896	0.765662686	1.449040773		1.005109826	1.236311753	0.814913572	1.280940262	1.14563678
aligned_38075IM5-Total-PL5_A01_01 20200806_000097.raw	0.064514781	0.493016699	0.494554721	0.603293121	0.687307661	0.863404566	0.049642256	0.045025926	0.029229779	0.031518683	0.029035626	0.107445556	0.331858739	0.25099954	0.779773431	1.220747569	1.114452818	0.021165242	0.031656442	0.115565281	0.063453905	0.097094836	1.236311753	0.880408251	1.678666104	0.642517982
aligned_38075IM5-Total-PL5_A02_01 20200806_000098.raw	0.050943711	0.261635565	0.315418812	0.462230584	0.480615919	0.775685672	0.046206572	0.049669798	0.039290383	0.028815654	0.031116522	0.047733319	0.13827677	0.091776804	0.399769655	0.743039926	0.99379831	0.0268475	0.049127458	0.098753489	0.092274295	0.10893958	0.715320283	0.832704935	1.678666104	0.186562728
aligned_38075IM5-Total-PL5_A03_01 20200806_000099.raw	0.041942555	0.317510386	0.345373581	0.541668624	0.641019904	0.806005683	0.049626783	0.052606795	0.043533641	0.041705228	0.033947837	0.04136498	0.166942717	0.099608379	0.460060506	0.830862769	1.110831528	0.031221987	0.057630114	0.074213535	0.061897002	0.105717984	0.724141371	0.917657454		0.227821376
aligned_38075IM5-Total-PL5_A04_01 20200806_000100.raw	0.052104707	0.295513113	0.330023578	0.490047328	0.638827018	0.805854889	0.04388793	0.044568925	0.031319153	0.031733564	0.025579406	0.063011257	0.199644858	0.114243333	0.467276064	0.684474792	1.06821278	0.020058901	0.041241686	0.069200765	0.051012647	0.089523734	0.628053301	0.813451362	1.678666104	0.203846352
aligned_38075IM5-Total-PL5_A05_01 20200806_000101.raw	0.041793979	0.237109886	0.288587495	0.361520306	0.498442946	0.711186963	0.048221494	0.048416632	0.036951519	0.038580518	0.033024504	0.086450236	0.105084011	0.098778565	0.435735217	0.579450122	0.984461714	0.02990061	0.039514724	0.070323258	0.047259287	0.091849363	0.485043609	0.825112038		0.244295679
aligned_38075IM5-Total-PL5_A06_01 20200806_000102.raw	0.169351333	0.485681409	0.442802693	0.865391004	0.706787258	0.780160261	0.040611261	0.044318848	0.036687173	0.032213998	0.031322173	0.034077392	0.763313896	0.175761963	0.511392399	1.063146253	1.006092352	0.031831551	0.042639325	0.05269875	0.041725952	0.04400811	1.11782726	0.810283794		0.195759914
aligned_38075IM5-Total-PL5_A07_01 20200806_000103.raw	0.077346376	0.38870032	0.505739205	0.915201225	0.707171729	0.836908116	0.044210004	0.047113572	0.02946014	0.027461595	0.034279553	0.044612178	0.297764603	0.199859312	0.489670224	0.688835143	0.92315379	0.029574916	0.04495132	0.049632769	0.034229295	0.062007456	0.473744278	0.692777498		0.124210954
aligned_38075IM5-Total-PL5_A08_01 20200806_000104.raw	0.042349865	0.21337997	0.341813363	0.361160705	0.453468806	0.740270165	0.044492409	0.049243271	0.034178213	0.0262987	0.030109318	0.053141936	0.101292884	0.117829537	0.526312006	0.559317825	1.079223615	0.024362972	0.038829207	0.06468238	0.061247431	0.068872112	0.504569525	0.829829521		0.250252998
aligned_38075IM5-Total-PL5_A09_01 20200806_000105.raw	0.052986457	0.09644868	0.229365453	0.266291458	0.325063615	0.678499874	0.026817987	0.045629226	0.036765202	0.026282487	0.031691577	0.04467163	0.079898647	0.073824375	0.385199094	1.107903254	1.069302084	0.024566154	0.041572551	0.051584924	0.04541159	0.059262679	1.044649141	0.946260377		0.414158437
aligned_38075IM5-Total-PL5_A10_01 20200806_000106.raw	0.107018528	0.332268399	0.389138303	0.524508389	0.613206517	0.856683281	0.03311135	0.034059305	0.027787311	0.021441918	0.02692076	0.093227125	0.486213315	0.201247895	0.772954182	1.438508554	1.146426933	0.038502479	0.032447065	0.115367679	0.05356618	0.099793158	1.236311753	0.920267606	1.280940262	0.790169978
aligned_38075IM5-Total-PL5_A11_01 20200806_000107.raw	0.962195714	0.706601448	0.950314815	1.516677899	1.202855659	1.497625702	0.049492759	0.093675936	0.126169952	0.301494014	0.198910543	0.705511404	1.093826992	1.179474538	0.928408674	1.488572446	1.124499953	0.782719842	0.232031389	0.946400835	1.308926893	0.893517712	1.236311753	0.921840791	1.280940262	0.956746745
aligned_38075IM5-Total-PL5_B01_01 20200806_000109.raw	0.041500433	0.218927595	0.426183108	0.457528269	0.532460336	0.841584811	0.039886145	0.049229018	0.037987022	0.021387582	0.030580518	0.053086694	0.095254452	0.111406602	0.441256978	0.933904039	1.154115915	0.027704642	0.05448691	0.044434499	0.063537861	0.082111276	1.069331162	0.9986916		0.522788129
aligned_38075IM5-Total-PL5_B02_01 20200806_000110.raw	0.047450398	0.237578467	0.433573089	0.384504598	0.545382712	0.84715757	0.036072123	0.047424061	0.034947579	0.022493509	0.027208133	0.08173008	0.128453253	0.136205521	0.572787049	1.27421795	1.155176307	0.026061062	0.046704956	0.040532344	0.058005973	0.068001716	1.236311753	0.949636024		0.455297124
aligned_38075IM5-Total-PL5_B03_01 20200806_000111.raw	0.06881478	0.177828113	0.340979892	0.316114578	0.397262987	0.695009326	0.032853549	0.04175476	0.030372602	0.026262531	0.032676387	0.072910856	0.181375167	0.19908705	0.458764149	0.640365664	0.623777977	0.03525228	0.037401593	0.08586374	0.040463175	0.044200576	0.414180632	0.37965346		0.224719147
aligned_38075IM5-Total-PL5_B04_01 20200806_000112.raw	0.057807676	0.125517146	0.171888408	0.241763704	0.267952412	0.539126136	0.029749047	0.044254055	0.042892234	0.026224169	0.03817991	0.026996966	0.155990938	0.085670104	0.477448759	0.504969858	0.678828588	0.035512844	0.047887867	0.056207917	0.031799441	0.044830184	0.316409467	0.567727463		0.194620986
aligned_38075IM5-Total-PL5_B05_01 20200806_000113.raw	0.048860714	0.11436073	0.159390202	0.193594046	0.259051737	0.522970946	0.031567806	0.044217773	0.037828133	0.032530486	0.038481104	0.032185867	0.141746503	0.084448375	0.470998357	0.537387272	0.659290849	0.034799959	0.045256272	0.075775325	0.044998854	0.040274704	0.418118374	0.577725535		0.208029494
aligned_38075IM5-Total-PL5_B06_01 20200806_000114.raw	0.057435929	0.190399834	0.353399914	0.320717251	0.446292185	0.726620968	0.03753218	0.047902111	0.036092064	0.029239409	0.037696897	0.048910406	0.154696937	0.166911568	0.509573837	0.598399092	0.716279046	0.02830122	0.036582515	0.069342176	0.039986242	0.057927218	0.389075978	0.462004807		0.157406324
aligned_38075IM5-Total-PL5_B07_01 20200806_000115.raw	0.064241873	0.169280447	0.342446349	0.506296087	0.428754362	0.723225916	0.037046225	0.046757208	0.032392831	0.028401514	0.034611457	0.047533454	0.173892064	0.154990979	0.472917987	0.655260771	0.702678468	0.028273406	0.04220374	0.079807379	0.050362281	0.056573434	0.492846235	0.499039967		0.193908613
aligned_38075IM5-Total-PL5_B08_01 20200806_000116.raw	0.034763594	0.119937806	0.254282191	0.159935712	0.278591425	0.636885856	0.042645131	0.052037688	0.043626085	0.029504996	0.039747533	0.039012793	0.13586995	0.114730208	0.475346492	0.568144119	0.765864913	0.035444326	0.046377276	0.069363687	0.066777486	0.069022045	0.322787476	0.611868616	1.678666104	0.111850994
aligned_38075IM5-Total-PL5_B09_01 20200806_000117.raw	0.034816407	0.1060475	0.227734721	0.154117995	0.262013623	0.604130194	0.041760382	0.052924673	0.044082455	0.029862907	0.040898578	0.03738461	0.134986718	0.112914481	0.482303043	0.548868831	0.794519658	0.029641152	0.050919931	0.074544889	0.067536438	0.065721066	0.30489806	0.657995687	1.678666104	0.130319995
aligned_38075IM5-Total-PL5_B10_01 20200806_000118.raw	0.035224776	0.106101847	0.233917984	0.164484424	0.267407407	0.615397227	0.040234237	0.052712758	0.043367894	0.031769977	0.040536081	0.035688788	0.151371168	0.115796169	0.478166346	0.586603152	0.79273447	0.02765751	0.044928208	0.075274317	0.062490694	0.069230659	0.299831138	0.655798598	1.678666104	0.211469576
aligned_38075IM5-Total-PL5_B11_01 20200806_000119.raw	0.037888356	0.11636029	0.251891681	0.163923675	0.273188106	0.634511546	0.040232026	0.04961381	0.039827307	0.032525224	0.037797276	0.040740212	0.14353492	0.124495494	0.416133259	0.527874737	0.768808933	0.027234497	0.043579708	0.080290485	0.069262196	0.07736203	0.416674599	0.602725807	1.678666104	0.192274168
aligned_38075IM5-Total-PL5_B12_01 20200806_000120.raw	0.037908676	0.11243506	0.246668509	0.179093831	0.273345172	0.616220813	0.038066707	0.050386305	0.042323286	0.029548764	0.037270031	0.030169333	0.136260139	0.12709102	0.482887544	0.551094501	0.789764566	0.026537273	0.042471236	0.087358381	0.06571822	0.094733314	0.443819181	0.616784559	1.678666104	0.162192361
aligned_38075IM5-Total-PL5_C01_01 20200806_000122.raw	0.057890172	0.11160692	0.260607215	0.306282223	0.371889845	0.693885886	0.029170021	0.048803218	0.041247585	0.025166128	0.027553934	0.047163926	0.126990945	0.079027526	0.510614442	1.095480039	1.074155874	0.025443687	0.044459902	0.059240947	0.05678442	0.062142097	1.037305329	0.929760358		0.487293743
aligned_38075IM5-Total-PL5_C02_01 20200806_000123.raw	0.051755266	0.094987636	0.229415066	0.323004745	0.334585448	0.691289678	0.029717127	0.045373006	0.037772603	0.022699421	0.029119451	0.037275907	0.123922727	0.077985918	0.497825893	1.090413615	1.042595879	0.034519372	0.041984682	0.078939093	0.034454087	0.047454749	1.057738778	0.875536869		0.456418034
aligned_38075IM5-Total-PL5_C03_01 20200806_000124.raw	0.043245203	0.078667717	0.194572577	0.316167022	0.328883022	0.670050609	0.033694784	0.04980691	0.041204608	0.024842752	0.034830032	0.034034455	0.067607954	0.073511713	0.388190077	1.089088725	1.073040532	0.024619877	0.051769635	0.045922798	0.054851737	0.067505692	1.088956031	0.91933118		0.466853953
aligned_38075IM5-Total-PL5_C04_01 20200806_000125.raw	0.043302717	0.091692956	0.212072277	0.309603573	0.327381104	0.684535943	0.035145775	0.052012071	0.043957565	0.026013249	0.036326614	0.037654698	0.088509992	0.071321621	0.464677225	0.758058369	1.053095059	0.02629476	0.054671196	0.047273372	0.058558395	0.07942069	0.836123666	0.951573477		0.405487344
aligned_38075IM5-Total-PL5_C05_01 20200806_000126.raw	0.044814272	0.095543676	0.137568811	0.202845031	0.227188298	0.493349197	0.031317557	0.048774585	0.043632546	0.02989748	0.044059744	0.031641149	0.114588436	0.078864589	0.441636063	0.492876121	0.684057853	0.032452782	0.052468375	0.049292823	0.043026098	0.043505666	0.334400052	0.591662409		0.158262537
aligned_38075IM5-Total-PL5_C06_01 20200806_000127.raw	0.053384784	0.178526644	0.207301621	0.564471921	0.346523996	0.615348186	0.03503341	0.042980292	0.039832465	0.030510146	0.035500319	0.034864148	0.138392343	0.111745394	0.487599225	0.551787632	0.705101185	0.025724532	0.049937479	0.042877966	0.038452166	0.062721108	0.255236703	0.547534396		0.086733563
aligned_38075IM5-Total-PL5_C07_01 20200806_000128.raw	0.046868438	0.155996665	0.187911877	0.313979062	0.311988638	0.596816383	0.037138557	0.04584423	0.042612469	0.034147687	0.03778091	0.038113029	0.183063365	0.119472929	0.482237116	0.544024213	0.696278148	0.036151527	0.056896461	0.049102267	0.028472225	0.039623768	0.238221475	0.557362607		0.084238866
aligned_38075IM5-Total-PL5_C08_01 20200806_000129.raw	0.067214237	0.18567892	0.224500295	0.329368682	0.362682465	0.63572986	0.033784968	0.041606248	0.037041782	0.027586053	0.033202974	0.05672666	0.217254815	0.131199869	0.482834432	0.563406549	0.708266679	0.029307646	0.046753269	0.050811916	0.053234167	0.040577061	0.251520688	0.542886476		0.106392195
aligned_38075IM5-Total-PL5_C09_01 20200806_000130.raw	0.0596174	0.174344624	0.217229568	0.304732452	0.339522238	0.631704342	0.038067286	0.046269112	0.041883544	0.032417981	0.038219375	0.039280638	0.162868812	0.114349981	0.465675635	0.532206444	0.724627422	0.031217197	0.058542151	0.055670054	0.039825255	0.050432576	0.34060655	0.567355319		0.111170611
aligned_38075IM5-Total-PL5_C10_01 20200806_000131.raw	0.046636264	0.143717969	0.187162003	0.308488466	0.313277326	0.611207748	0.038087729	0.046539999	0.041885781	0.031428362	0.037169122	0.036414548	0.199956382	0.111263353	0.468039981	0.514483665	0.692767629	0.027830629	0.055080398	0.045603341	0.043178596	0.051596651	0.279912548	0.553340389		0.09411655
aligned_38075IM5-Total-PL5_C11_01 20200806_000132.raw	0.073930851	0.162670229	0.266133841	0.4759031	0.484179944	0.773606179	0.034011836	0.04771686	0.036769043	0.024855384	0.035103643	0.041042537	0.197258924	0.101947171	0.460057205	0.795308355	0.961163575	0.025855871	0.050611377	0.061353157	0.057946329	0.075269075	0.80434968	0.760663118		0.169190443
aligned_38075IM5-Total-PL5_D01_01 20200806_000134.raw	0.078943382	0.570297818	0.638481204	0.677212322	0.831132122	0.819640094	0.052499746	0.057286997	0.04450951	0.038079429	0.049820115	0.084786541	0.461155006	0.326137556	0.543101682	0.779566666	0.825963659	0.038492921	0.05109701	0.072545663	0.028052645	0.117414605	0.544599131	0.591200651		0.074761825
aligned_38075IM5-Total-PL5_D02_01 20200806_000135.raw	0.093010251	0.560742865	0.626641964	0.71077895	0.826134273	0.792911468	0.053725543	0.057386848	0.046182281	0.043514379	0.05252572	0.084458544	0.470464354	0.345077859	0.532458832	0.68296468	0.796374123	0.038605855	0.052874194	0.064767645	0.028871475	0.126465444	0.44685162	0.568294323		0.078365175
aligned_38075IM5-Total-PL5_D03_01 20200806_000136.raw	0.089500309	0.509957804	0.593062123	0.700671221	0.815113145	0.78912077	0.051564307	0.055633583	0.044517548	0.043859397	0.047369712	0.079998608	0.40047074	0.317923287	0.503371	0.718516976	0.818872076	0.037086601	0.045970054	0.07041404	0.041299858	0.123349934	0.490173457	0.613334634		0.097984633
aligned_38075IM5-Total-PL5_D04_01 20200806_000137.raw	0.096515866	0.558414114	0.628000994	0.729106505	0.846651919	0.815000567	0.051104802	0.055372201	0.04302262	0.04089615	0.047361181	0.079066514	0.439500815	0.343307269	0.502897603	0.733412761	0.872724287	0.034706135	0.047032576	0.063046354	0.029867578	0.112460039	0.488000748	0.583242501		0.100897257
aligned_38075IM5-Total-PL5_D05_01 20200806_000138.raw	0.128944261	0.569763698	0.64521994	0.730843498	0.849565554	0.803144771	0.051659624	0.056363379	0.042573106	0.041451689	0.048506301	0.072865926	0.420645897	0.355436142	0.519214285	0.791690303	0.838920592	0.035230881	0.04639076	0.075856135	0.031084671	0.115370274	0.695419901	0.614548472		0.13440734
aligned_38075IM5-Total-PL5_D06_01 20200806_000139.raw	0.059843006	0.106911733	0.219515197	0.098359443	0.227430925	0.554644204	0.024880275	0.035251963	0.024532779	0.024724515	0.032801176	0.059286795	0.14240297	0.12532416	0.497228749	0.590874785	0.69110839	0.045439307	0.027021772	0.135671164	0.022616937	0.048289721	0.380005644	0.535258809		0.350105413
aligned_38075IM5-Total-PL5_D07_01 20200806_000140.raw	0.046160195	0.078810232	0.1806502	0.108657759	0.191178148	0.508402616	0.02898771	0.042567598	0.033184185	0.029721445	0.038363335	0.039414704	0.12036008	0.11808538	0.438923293	0.437722471	0.645306907	0.03951036	0.031883422	0.088986053	0.026713817	0.035990761	0.286057321	0.483474881		0.206098478
aligned_38075IM5-Total-PL5_D08_01 20200806_000141.raw	0.067243878	0.10161016	0.195993929	0.121286926	0.226154651	0.551278969	0.023053931	0.03428996	0.023363177	0.024700579	0.027979321	0.046876104	0.162888489	0.130717568	0.538613994	0.533564368	0.793359881	0.038658163	0.024281068	0.137730383	0.040153244	0.071530258	0.477279585	0.59641652	1.678666104	0.319974872
aligned_38075IM5-Total-PL5_D09_01 20200806_000142.raw	0.076381542	0.109617756	0.213813157	0.157164487	0.236321576	0.577924631	0.021665614	0.034623657	0.022622261	0.019215547	0.030200023	0.03470464	0.141273173	0.136988067	0.584162776	0.591842652	0.772890771	0.049273364	0.029032832	0.14060383	0.038417044	0.071625966	0.479800864	0.568701922	1.602274158	0.459574432
aligned_38075IM5-Total-PL5_D10_01 20200806_000143.raw	0.069715822	0.097492299	0.199666107	0.115277835	0.225677899	0.566477362	0.025301526	0.034706154	0.02531935	0.022071275	0.029809318	0.037955639	0.184023522	0.131029586	0.56922597	0.616185452	0.717350135	0.053376177	0.025185416	0.158683275	0.051188214	0.088955012	0.529812651	0.559035427	1.521500479	0.384596976
aligned_38075IM5-Total-PL5_D11_01 20200806_000144.raw	0.985772061	0.592638266	0.798836196	0.760588265	1.267931581	1.497625702	0.078435985	0.106777267	0.128207478	0.270719833	0.165356061	0.739377536	1.133947696	1.230172819	0.937297928	1.488572446	1.253754545	0.778759241	0.226029491	1.02103576	1.308926893	0.919232026	1.236311753	1.00470355	1.280940262	0.902989466
aligned_38075IM5-Total-PL5_E01_01 20200806_000149.raw	0.059461932	0.180480618	0.326130166	0.361158501	0.486735561	0.747300543	0.042628091	0.050547012	0.046127228	0.037868235	0.044117625	0.032195261	0.288536033	0.189482487	0.515520568	0.634166563	0.810151305	0.031947802	0.053323134	0.072065989	0.03873988	0.072172875	0.28541557	0.575764833		0.092173401
aligned_38075IM5-Total-PL5_E02_01 20200806_000150.raw	0.095230519	0.21890983	0.347584828	0.378376127	0.509031361	0.779375636	0.03494433	0.043663449	0.037140247	0.031506055	0.036150396	0.043870864	0.282336581	0.214123833	0.504733228	0.686560592	0.794564163	0.038033956	0.037443251	0.093837446	0.0349768	0.066072405	0.405318615	0.581398462		0.19813729
aligned_38075IM5-Total-PL5_E03_01 20200806_000151.raw	0.057984559	0.168884447	0.300036296	0.430945169	0.472304963	0.763845861	0.039016583	0.04929358	0.042538578	0.036041542	0.039994523	0.033464793	0.308824256	0.192606603	0.521773214	0.584106045	0.812557489	0.036555215	0.052728421	0.070746245	0.045657891	0.069130572	0.329695459	0.585608705		0.112204436
aligned_38075IM5-Total-PL5_E04_01 20200806_000152.raw	0.064795298	0.16660881	0.311206643	0.365680482	0.480369562	0.767277772	0.040673072	0.051624888	0.044007768	0.033374783	0.042019005	0.029008302	0.273977041	0.191009866	0.501873975	0.621534462	0.796484653	0.033943129	0.051423914	0.055383985	0.026740977	0.066880051	0.303288334	0.587260312		0.106773085
aligned_38075IM5-Total-PL5_E05_01 20200806_000153.raw	0.053565423	0.174304797	0.318900696	0.346572204	0.463622554	0.749434846	0.043322199	0.051674182	0.047041762	0.037457999	0.047281284	0.034665159	0.251114578	0.193738876	0.510185563	0.60956386	0.785730047	0.031357143	0.058961959	0.068730465	0.046111291	0.075543184	0.231700888	0.563094371		0.083562514
aligned_38075IM5-Total-PL5_E06_01 20200806_000154.raw	0.081388517	0.140046133	0.320108883	0.376701773	0.422686045	0.805706756	0.026401031	0.043787155	0.038817406	0.019487256	0.027174328	0.050793967	0.277277682	0.164279744	0.459255089	0.669185828	0.954919811	0.027639891	0.046939906	0.072856752	0.05237689	0.066025631	0.487718507	0.69605679		0.214027763
aligned_38075IM5-Total-PL5_E07_01 20200806_000155.raw	0.06782411	0.136275369	0.32344411	0.274635891	0.392721824	0.791101924	0.03279006	0.050232413	0.044112452	0.020387092	0.03717678	0.053238434	0.235197782	0.158836788	0.475145615	0.637939478	0.87717915	0.026893762	0.053559866	0.070732239	0.040772899	0.071018294	0.278909462	0.649480586		0.143745182
aligned_38075IM5-Total-PL5_E08_01 20200806_000156.raw	0.060028913	0.120507404	0.29731562	0.267593661	0.363959655	0.760945056	0.036070418	0.049633812	0.046104829	0.026098302	0.038402112	0.042433559	0.246697286	0.149085785	0.482069849	0.624255844	0.879672188	0.030086685	0.057452014	0.069570462	0.038954571	0.076479424	0.240871937	0.665917611		0.128128533
aligned_38075IM5-Total-PL5_E09_01 20200806_000157.raw	0.069512355	0.143139971	0.328379893	0.267450293	0.392884476	0.775189573	0.032963387	0.048770948	0.044494691	0.02599076	0.033514691	0.04906337	0.282668899	0.155538993	0.500717903	0.681345263	0.871910736	0.032541827	0.053609247	0.061237033	0.040063879	0.079654567	0.366089436	0.6532852	1.678666104	0.135519132
aligned_38075IM5-Total-PL5_E10_01 20200806_000158.raw	0.065883533	0.13897996	0.335839318	0.266168798	0.374647421	0.743436245	0.032468899	0.049894428	0.044913793	0.02581323	0.032404295	0.054033692	0.244714758	0.160829223	0.484666042	0.61988518	0.844221592	0.032159152	0.05289517	0.057092836	0.060639193	0.074944077	0.207295872	0.624799172		0.1017117
aligned_38075IM5-Total-PL5_E11_01 20200806_000159.raw	0.121349277	0.176014835	0.285156195	0.560790221	0.489408152	0.766946587	0.03228261	0.042636441	0.032122244	0.022787718	0.029252409	0.043983153	0.269169631	0.143734537	0.616099553	0.982874395	0.986775681	0.031473447	0.036349368	0.086366904	0.041751967	0.076092046	1.037698631	0.762677072		0.334408004
aligned_38075IM5-Total-PL5_F01_01 20200806_000161.raw	0.095880581	0.143389889	0.315490706	0.720436512	0.472220536	0.809376632	0.030307218	0.050962323	0.044570872	0.027337842	0.034372573	0.042558952	0.187288049	0.102938246	0.479709952	0.851590617	1.098776373	0.022924143	0.063173231	0.040436163	0.046243738	0.06862257	0.999484355	0.94356733		0.176846096
aligned_38075IM5-Total-PL5_F02_01 20200806_000162.raw	0.074763843	0.107580149	0.244647582	0.407042965	0.420322123	0.772324857	0.031968786	0.050582263	0.045431791	0.025739831	0.034661547	0.047381421	0.157146553	0.097284646	0.442170968	0.815116831	1.080738395	0.022626448	0.063433187	0.040527851	0.050737867	0.082968611	0.836554191	0.930104235		0.150723263
aligned_38075IM5-Total-PL5_F03_01 20200806_000163.raw	0.07255082	0.138697893	0.282066646	0.421017464	0.450205443	0.787518488	0.032171273	0.051250262	0.046439774	0.024357827	0.03865752	0.046116114	0.171902225	0.105508052	0.431776719	0.862354928	1.094229393	0.026812062	0.068850756	0.037888493	0.062486065	0.081473207	0.857969372	0.967497462		0.154783702
aligned_38075IM5-Total-PL5_F04_01 20200806_000164.raw	0.100599401	0.133030223	0.286951769	0.425626474	0.471045336	0.808566452	0.030529193	0.047422469	0.04511604	0.025151195	0.036755826	0.041889521	0.156988406	0.10558483	0.458689544	0.798007937	1.085936218	0.03209686	0.060984503	0.041648783	0.04416956	0.086836682	0.951797622	0.908125053		0.191342368
aligned_38075IM5-Total-PL5_F05_01 20200806_000165.raw	0.078171317	0.12203845	0.265882189	0.420315747	0.453823532	0.777901852	0.032522621	0.053081571	0.045125771	0.027793759	0.038808791	0.043440165	0.14156472	0.101776507	0.443119035	0.856581286	1.145667483	0.026113971	0.06785148	0.040963938	0.034870707	0.073439296	0.888491762	1.012104214		0.138166107
aligned_38075IM5-Total-PL5_F06_01 20200806_000166.raw	0.071052756	0.065497794	0.119359792	0.286183059	0.250316046	0.574735534	0.027577221	0.044396188	0.03971017	0.020821021	0.032131622	0.046573113	0.135005429	0.095997828	0.46107057	0.638963063	0.759263822	0.027675409	0.052182498	0.079812581	0.04890822	0.06658281	0.63149778	0.585117634		0.127118552
aligned_38075IM5-Total-PL5_F07_01 20200806_000167.raw	0.077561275	0.067231226	0.121303443	0.325837756	0.252079664	0.586195755	0.027435547	0.044319759	0.043261675	0.022489377	0.032715614	0.046791898	0.165841637	0.089930426	0.457852049	0.61171489	0.78021782	0.02551769	0.051535376	0.064369975	0.036394925	0.059549133	0.558633	0.610412895		0.125930789
aligned_38075IM5-Total-PL5_F08_01 20200806_000168.raw	0.092046191	0.06545863	0.123884059	0.415886282	0.274601456	0.597443793	0.022440613	0.041891337	0.037558575	0.018090603	0.025542179	0.047079093	0.156781575	0.100846132	0.491865793	0.793168928	0.796299672	0.034902226	0.043522919	0.083060044	0.063758955	0.076106983	0.777709142	0.611605208		0.151413732
aligned_38075IM5-Total-PL5_F09_01 20200806_000169.raw	0.131177761	0.075488287	0.129837764	0.306313968	0.301642182	0.654050065	0.023331424	0.036769433	0.029806354	0.022476236	0.02225695	0.041858285	0.256419869	0.105582277	0.479448531	1.016382665	0.839449437	0.040379244	0.036326625	0.13602489	0.103080216	0.094493526	1.050956594	0.67248712	1.678666104	0.244066936
aligned_38075IM5-Total-PL5_F10_01 20200806_000170.raw	0.07224356	0.06593619	0.128921833	0.291282164	0.260452882	0.574449514	0.02466983	0.04343838	0.043656654	0.022644001	0.032796773	0.04722825	0.148843312	0.102695813	0.477964483	0.612290516	0.777918603	0.026558397	0.051040058	0.070796559	0.048040552	0.060189143	0.662587081	0.598298526		0.12963784
aligned_38075IM5-Total-PL5_F11_01 20200806_000171.raw	1.022993891	0.624589934	0.808720737	0.760588265	1.241666816	1.497625702	0.081753266	0.109401721	0.162548375	0.373902106	0.223213037	0.678465105	1.043185279	1.128779012	0.978435491	1.488572446	1.298315624	0.853630473	0.246961546	1.007846953	1.308926893	0.990769713	1.236311753	1.001173747	1.280940262	0.982718742
aligned_38075IM5-Total-PL5_G01_01 20200806_000173.raw	0.085701401	0.075730698	0.178814107	0.176802873	0.230061131	0.571604225	0.02859737	0.040657976	0.032850498	0.020361747	0.029131426	0.036544825	0.143950117	0.087740275	0.569643337	0.917124329	1.011219772	0.036834486	0.034529805	0.11323091	0.08060149	0.062913508	0.988104735	0.771688049	1.678666104	0.512902671
aligned_38075IM5-Total-PL5_G02_01 20200806_000174.raw	0.051464988	0.070043574	0.184829261	0.179216177	0.197140092	0.531830446	0.032870627	0.051006127	0.040544501	0.028083891	0.037022432	0.039564227	0.070616007	0.071575026	0.445456386	0.550930316	0.872416192	0.025617432	0.054044414	0.075031003	0.038102406	0.075626689	0.686521252	0.718530195		0.29448237
aligned_38075IM5-Total-PL5_G03_01 20200806_000175.raw	0.045729617	0.067354854	0.161907336	0.305570769	0.169903834	0.476554903	0.031016593	0.050083035	0.042068836	0.021287983	0.036551144	0.036207625	0.085667199	0.069767489	0.414891019	0.564488282	0.832626798	0.025807515	0.053802821	0.07088634	0.048811144	0.070062579	0.612876173	0.733424761		0.290478085
aligned_38075IM5-Total-PL5_G04_01 20200806_000176.raw	0.044243798	0.0654342	0.16082798	0.122432698	0.141567117	0.436071575	0.029988096	0.048104727	0.042914815	0.02328325	0.033428819	0.043371826	0.066801391	0.064048481	0.396018582	0.469440796	0.753457569	0.026734498	0.054712756	0.062159076	0.060786348	0.068766134	0.598065178	0.664176046		0.228593846
aligned_38075IM5-Total-PL5_G05_01 20200806_000177.raw	0.042943462	0.064709596	0.161434068	0.135346827	0.154466388	0.450145324	0.026470953	0.047502483	0.039546979	0.025371371	0.031614342	0.039946795	0.084109072	0.064339979	0.439842221	0.492369104	0.716097053	0.028770841	0.049461976	0.068090361	0.037488758	0.069003913	0.633259822	0.689930467		0.265127202
aligned_38075IM5-Total-PL5_G06_01 20200806_000178.raw	0.200880086	0.197548785	0.291631836	0.749990123	0.763181158	1.006327555	0.033700536	0.0444969	0.033340458	0.029241799	0.033758374	0.041416257	0.734376942	0.170270934	0.702888062	1.488572446	1.204029749	0.038516722	0.041478174	0.170369706	0.122166891	0.13045566	1.236311753	0.962909462	1.280940262	0.587976668
																										
S/N (2+)	IgGI1H3N4	IgGI1H4N4	IgGI1H5N4	IgGI1H3N5	IgGI1H4N5	IgGI1H5N5	IgGI1H3N4F1	IgGI1H4N4F1	IgGI1H5N4F1	IgGI1H3N5F1	IgGI1H4N5F1	IgGI1H5N5F1	IgGI1H4N4S1	IgGI1H5N4S1	IgGI1H5N4S2	IgGI1H4N5S1	IgGI1H5N5S1	IgGI1H4N4F1S1	IgGI1H5N4F1S1	IgGI1H5N4F1S2	IgGI1H4N5F1S1	IgGI1H5N5F1S1	IgGI1H4N5F2	IgGI1H5N5F2	IgGI1H4N4F2S1	IgGI1H5N4F2S1
Fraction	0.978335887	0.973446769	0.967959697	0.972130484	0.966475822	0.960210759	0.973817224	0.968364975	0.962305248	0.966891046	0.960660177	0.953814889	0.96321064	0.956622851	0.979382475	0.954828344	0.981262795	0.957089849	0.982337811	0.975829405	0.981505389	0.977914576	0.954296081	0.981012967	0.950420079	0.979115684
Monoisotopic Mass	[1244.999152393576]	[1326.02557400047]	[1407.0519945897695]	[1346.5388426448847]	[1427.5652633631255]	[1508.5916832163723]	[1318.0281165180265]	[1399.0545371187573]	[1480.0809568497966]	[1419.5678058935518]	[1500.5942257566583]	[1581.6206448725472]	[1471.5732894678354]	[1552.5997089370617]	[1698.1474222980485]	[1573.1129781043744]	[1654.139396998329]	[1544.6022514818471]	[1625.6286702643677]	[1771.176382877912]	[1646.14193955238]	[1727.1683578475408]	[1573.6231874215257]	[1654.6496058962548]	[1617.6312128173681]	[1698.6576310008422]
alignedLin_38075IM5-Spike-PL4_F04_01 20200803_000068.raw	2.008370526	3.740239708	3.225576458	0.402347962	1.066262019	0.66873447	2.046368093	4.461840087	2.327039916	0.618940598	1.524467811	1.217058289	0.468422354	0.393412152	2.65185874	4.804319365	4.212013272	0.396957538	7.511798365	2.939634557	3.339999467	2.676187624	0.638648178	3.141090001	1.069795821	1.584895882
alignedLin_38075IM5-Spike-PL4_H01_01 20200803_000091.raw	2.839292475	4.011189597	3.21997867	0.482044612			20.24252337	20.94945096	8.051384527	1.41604791	0.692052839	0.14939275			3.445346903	4.637297201	6.046792112	1.211618471	1.786450596	1.619296046	3.446394297	2.42716044		2.198001602	0.256087194	3.692275708
alignedLin_38075IM5-Spike-PL4_H04_01 20200803_000094.raw	3.75918024	4.021812891	3.347663344	0.950251509	0.39065797	0.369729983	4.65941738	7.632706598	5.015515611	1.315576798	0.847890725	0.845230366	0.337044582	0.290160769	3.250202893	4.850259005	3.998477021	0.286969153	4.276182918	2.52628835	3.270481423	2.364473046	0.547538514	2.257001379	0.61588053	4.669460679
alignedLin_38075IM5-Spike-PL5_A11_01 20200804_000015.raw	1.235009274	3.465838618	3.763492318	2.461054633	2.761751164	1.957841295	19.61756541	25.74985816	10.68062257	3.187268262	2.886571473	4.651156057	3.421623976	2.063558135	3.484255034	4.02915974	3.655638492	3.930517793	9.788892414	2.932317376	1.959292907	3.414625097	2.636102982	4.515934915	3.459107927	1.89596028
alignedLin_38075IM5-Spike-PL5_B11_01 20200804_000027.raw	2.100590795	3.099203764	2.903925718	3.71637218	2.633738592	0.764852275	15.20643262	29.21038875	10.26885664	5.177071533	2.46124937	3.59440374	3.026399205	1.729154412	3.026446409	2.962206571	2.667981453	4.398134573	14.65087452	4.536841252	6.429269118	1.628637481	3.39481541	3.366765512	2.420282364	3.591886333
alignedLin_38075IM5-Spike-PL5_C03_01 20200804_000032.raw	3.196472574	2.61451611	4.520378024	3.553662518	1.676295507	3.410001809	16.79504807	25.74614959	12.91722152	6.06575147	2.96498509	3.071542089	2.432939293	2.603911779	3.062416747	3.348435075	3.19909832	2.957321076	11.75506708	3.274175243	3.531323684	2.975034181	2.058280358	2.440563053	4.523109191	1.718528166
alignedLin_38075IM5-Spike-PL5_C10_01 20200804_000039.raw	2.587684749	3.10071108	3.925256939	2.916998589	2.058461313	2.929568382	12.58613287	25.98374058	9.479628653	7.793227108	4.596162572	2.389043866	2.011569886	1.898598734	2.033538014	2.101881373	2.937400133	6.257310408	18.92259491	2.769516395	3.544684328	2.602930809	5.394323903	2.953121234	1.931489491	5.246153434
alignedLin_38075IM5-Spike-PL5_D01_01 20200804_000042.raw	1.713259849	2.971405153	3.433552464	2.910645277	1.946182122	2.139549268	9.610831634	27.3371559	13.63941664	3.338370134	1.454973631	3.780206079	1.78073351	2.406432688	3.90613826	3.01357605	3.714836694	4.409014795	18.61847944	2.615281933	2.365285898	1.528047799	1.928483013	2.789350974	2.782308339	1.032933359
alignedLin_38075IM5-Spike-PL5_D09_01 20200804_000050.raw	2.675992352	2.476591164	5.56117439	3.16792982	2.394534759	1.839423544	11.51875642	23.78596497	7.325685658	6.389981197	8.941179256	4.031924317	3.510227288	1.638594079	3.211943765	2.951534169	3.630858553	4.2734103	13.33507603	1.518497863	2.113467402	3.044381104	3.262873311	3.098491078	1.942512396	2.826866869
alignedLin_38075IM5-Spike-PL5_D11_01 20200804_000052.raw	2.215449817	3.57323691	4.762670114	1.645417807	2.890746347	1.708094038	29.18758892	22.98618496	13.7605366	3.144300459	3.246784148	2.713978525	1.762374339	3.341388828	3.157107899	3.693433523	5.430212433	1.64249382	12.17868847	2.310215228	3.188567132	3.489202092	4.302294052	2.488132737	1.076516895	2.158496666
alignedLin_38075IM5-Spike-PL5_E04_01 20200804_000060.raw	3.137471908	3.574455842	3.258422323	2.229954574	2.630891341	2.056396331	17.63426498	27.13874315	12.2799182	6.811351417	4.63765473	2.240193738	2.777358477	3.87367182	2.982980731	3.372221964	3.641800812	2.406375712	18.55638481	2.474781675	3.402694437	2.54061217	3.793226069	3.750490623	1.077109629	5.055113688
alignedLin_38075IM5-Spike-PL5_E09_01 20200804_000065.raw	1.787221308	2.520179692	1.684429316	3.164977156	2.324019077	1.769239539	14.33459519	24.50914894	16.60800975	4.09746031	6.720996931	2.482581228	2.636451615	2.238478757	2.442019827	5.115171899	4.942515006	2.752045742	21.43043447	4.024101663	1.47962949	4.493808372	2.259497441	2.507448537	2.409741606	2.629138689
alignedLin_38075IM5-Spike-PL5_G02_02 20200804_000087.raw	4.817012869	4.344502413	4.688884258	3.127852668	1.710509971	2.063937952	22.48873645	34.37633752	19.66644187	7.197049781	5.719428399	1.921785429	3.366919244	3.006819756	4.44958668	2.024899362	7.180152904	2.560970823	13.64584123	3.740326007	2.199532835	3.605307237	1.574334197	3.567382498	2.600992597	2.971840304
aligned_38075IM5-Spike-PL4_A01_01 20200803_000005.raw	107.96389	77.41017762	30.52055083	4.005662501	5.621690936	2.222811371	2289.805623	1033.96306	303.0523873	230.3411834	73.62749997	8.834500052	2.522019945	1.320184341	4.133694951	5.808063264	4.436405059	38.0266798	70.90305836	2.950261397	3.319280655	2.648460931	0.414981118	2.509529234	0.554729535	3.812110842
aligned_38075IM5-Spike-PL4_A02_01 20200803_000006.raw	126.7720522	72.30821943	28.6153461	6.664602919	6.240259081	1.428836692	2621.094772	1235.020593	372.1376068	299.1041636	98.15293554	10.16706689	3.913558376	3.110390578	3.045904095	4.440618643	4.555886573	38.94126333	88.93033531	2.091226948	3.606525218	2.906610478	1.620980313	2.59552735	1.654727746	3.130168695
aligned_38075IM5-Spike-PL4_A03_01 20200803_000007.raw	138.6371056	69.12659158	29.95048512	8.123066003	7.643285905	2.021036675	2945.265751	1280.511407	403.8616301	378.6973966	111.9502402	12.38932403	3.21098333	4.178381194	3.282318955	4.110583762	6.194714448	43.81347825	109.1188549	3.843477154	3.165806751	3.323408605	0.480192787	1.865006966	1.36400766	2.55878969
aligned_38075IM5-Spike-PL4_A04_01 20200803_000008.raw	197.6130438	96.59705369	34.26245465	17.54051786	8.408088176	2.320542341	2323.422772	1184.925577	406.9314793	407.8015864	127.6382499	12.22637007	4.824516652	4.458374122	5.202550387	5.052315081	4.347055371	49.00633933	140.9489065	4.519169922	2.83746139	3.583942803	0.379840078	3.686834219	1.430963711	3.642563945
aligned_38075IM5-Spike-PL4_A05_01 20200803_000009.raw	193.4743212	100.6628166	37.28426829	14.18238726	8.524631048	2.029935479	2088.454186	1296.31759	368.9581617	450.8826166	119.7201803	10.11163939	5.908879551	3.434266124	3.129830373	4.504461738	3.609800679	43.42918202	111.9567971	3.022691247	4.093068663	3.227459011	1.073075725	2.373548374	2.895987855	1.39750289
aligned_38075IM5-Spike-PL4_A06_01 20200803_000010.raw	0.851994556	3.173728148	3.556877228	0.779482626	0.648331891	0.913601577	2.834929354	6.827345492	4.173419028	1.49464203	0.709347524	0.889992601	1.334682844	0.923698418	3.613708409	4.481621254	5.00045236	0.84336783	3.502933788	2.142485958	4.242550245	2.875749117	0.764900398	2.99245866	0.674645239	3.744430402
aligned_38075IM5-Spike-PL4_A07_01 20200803_000011.raw	2.481146966	3.828624724	3.568313876	0.903262205	0.796686755	0.568500821	41.85335618	14.07262369	3.238032805	3.532280492	0.592364697	1.06198026	0.824078028	1.074635423	3.685257794	5.011202638	5.099954347	1.195949547	3.680978916	1.998126914	3.467212854	2.781630138	0.528160122	2.869691723	0.810609258	4.135875228
aligned_38075IM5-Spike-PL4_A08_01 20200803_000012.raw	106.1485588	79.14660319	54.92063907	3.662273908	2.705526686	1.467164497	1893.712786	1897.750776	1081.139735	92.69521029	92.86201675	17.5575284	5.285068554	7.876033885	3.031143922	5.539017404	5.391752205	64.43056259	348.020094	7.573019628	3.736961345	2.428432506	0.435702128	3.081214111	0.980112903	4.235077647
aligned_38075IM5-Spike-PL4_A09_01 20200803_000013.raw	105.6216404	77.44310772	51.60148378	4.299024635	3.594696844	1.630184743	1999.580073	1791.509364	1064.002853	96.30277486	100.3172752	21.28610974	4.714042188	7.64976218	3.293280075	5.667015176	4.021748078	57.04831687	361.0992371	7.512111225	3.454837714	3.749504054	0.52056414	1.308631779	1.060182566	2.027327139
aligned_38075IM5-Spike-PL4_A10_01 20200803_000014.raw	105.0841497	77.05315098	53.30505527	3.666376248	2.568434191	2.468114454	2146.756408	1913.862905	1095.673747	109.1746546	113.4856823	21.71836028	5.137863297	6.256625813	2.55649829	5.465020295	4.886431668	56.84338727	306.5401197	5.811774689	3.218350591	3.262976981	0.413703199	1.811330816	0.768043209	1.898285859
aligned_38075IM5-Spike-PL4_A11_01 20200803_000015.raw	195.8737159	496.3902575	144.5603558	66.54310723	44.841397	12.43805666	1154.307173	1256.094352	1645.76963	443.6398265	533.4067556	245.4361512	15.48111293	80.55889041	9.706427241	7.553453854	5.299283072	121.9396734	662.9233208	17.79662109	15.01985428	24.04659642	5.219663823	5.988415719	1.463036905	17.13641877
aligned_38075IM5-Spike-PL4_A12_01 20200803_000016.raw	197.7776317	497.4772099	133.6902316	74.22277372	43.38659272	11.46933385	1246.055876	1266.662728	1629.80193	435.6955835	555.5952686	224.0753547	15.97477584	80.30152974	9.878595627	9.49217636	5.89324521	97.34230982	656.5588636	13.94252129	13.54768812	22.46560978	7.266653267	5.471665647	1.443422694	12.2751914
aligned_38075IM5-Spike-PL4_B01_01 20200803_000018.raw	39.06250885	42.3353232	33.88549634	1.496894899	2.607924532	1.45794484	1967.194787	1524.221745	570.9157227	122.6019666	93.32925751	11.57480422	2.012544134	2.686171098	3.352850677	4.243268453	4.893885573	41.99706736	132.471715	2.829032655	3.451118258	2.84907338	1.067018676	2.280656118	0.348583169	2.583864429
aligned_38075IM5-Spike-PL4_B02_01 20200803_000019.raw	40.98063268	45.73295622	31.53443702	1.493445931	2.016935983	1.63985968	1919.632103	1516.843769	512.2480733	133.1271147	78.54127445	11.28225719	3.03459931	2.458453516	3.707745459	4.828154459	5.034315296	34.94124513	120.1519374	2.420140084	3.3851318	2.908042539	0.53546164	2.920161261	0.432490867	2.272455399
aligned_38075IM5-Spike-PL4_B03_01 20200803_000020.raw	33.47477714	32.38493668	23.37481132	2.062241426	1.798804365	1.014397654	1608.690678	1261.699897	432.7512656	124.263275	70.90987836	8.955636342	1.376403078	1.454625678	2.952827236	4.134799738	4.716498142	23.86332382	98.65049043	2.042895076	3.549609537	2.783361848	0.30230497	1.437290897	0.694737731	2.6502807
aligned_38075IM5-Spike-PL4_B04_02 20200803_000101.raw	33.95719912	53.30688219	39.97846817	2.082587148	3.572908221	1.470746144	964.5627028	647.4269589	328.18663	105.4345288	71.69495311	9.189297861	2.622156852	1.815586299	3.838838014	3.309803494	4.131605448	26.16556183	89.39784518	2.957973557	2.868222006	2.137823557	0.784468852	1.665987877	0.956961041	2.367378333
aligned_38075IM5-Spike-PL4_B05_01 20200803_000022.raw	30.48993866	24.91456139	18.6792921	1.764101964	2.744199207	0.996996897	1448.592511	1074.674402	370.3585851	116.7316885	53.70943615	9.169981963	1.207615488	0.929205473	4.289881621	5.035889653	4.464276534	21.9915459	74.82918347	2.169338309	2.731531171	2.933427756	0.441360384	2.539720335	1.360257298	2.453781901
aligned_38075IM5-Spike-PL4_B06_01 20200803_000023.raw	81.47860888	51.32772737	34.42429281	3.045253025	3.520061355	1.254694635	2185.091933	1594.246859	543.2352465	144.3922473	88.96440109	13.92742544	4.35437405	1.682857813	3.574571087	4.64125926	5.152022455	54.02809865	188.3382068	4.139259868	3.363335412	2.461510323	0.776082385	3.304338539	0.716092897	3.157282463
aligned_38075IM5-Spike-PL4_B07_01 20200803_000024.raw	68.52719183	40.68748396	30.21981786	1.598060924	1.741579887	0.981277936	1398.047697	1094.151853	391.1021187	98.26845885	64.08519062	8.339807913	3.563688765	2.715071761	3.488733637	4.289958488	6.631213732	33.15164667	127.9718948	2.788670338	2.892283646	2.819706498	0.400711436	3.717544629	0.85420284	3.817675084
aligned_38075IM5-Spike-PL4_B08_01 20200803_000025.raw	28.35918608	28.13979712	21.01072971	0.961130065	2.708800828	0.705753456	1286.250041	898.3570335	300.1573623	80.073918	34.9760484	4.577604434	1.417807779	1.49059451	3.461502085	4.468422818	4.810884547	25.35287101	99.05243385	1.855732089	3.871621132	3.059706552	0.434064502	2.571993355	0.63580607	2.855649988
aligned_38075IM5-Spike-PL4_B09_01 20200803_000026.raw	21.67220125	21.71921064	17.24817565	0.883313614	1.427905694	0.522021966	838.2493164	600.6939312	208.0151188	60.36053701	22.9664439	3.431108381	2.131481967	0.996880082	3.444864596	4.582740341	5.034393855	18.48819597	71.57571184	2.162847125	3.739046433	2.390784534	0.407399159	3.657181742	0.825958383	4.43274052
aligned_38075IM5-Spike-PL4_B10_01 20200803_000027.raw	3.228826225	3.931442844	3.743734165	0.61438031	0.578948932	0.427954134	2.01105521	6.750802875	3.367272414	0.583560281	0.72251849	0.483650936	0.287296501	0.644877708	2.427211573	5.707556159	4.614727427	0.68011928	2.765972606	1.982441858	3.727626212	2.28342442	0.601915412	3.068340019	0.810687827	3.123626971
aligned_38075IM5-Spike-PL4_C01_01 20200803_000029.raw	6.435269917	10.64059143	17.97940529	0.604531822	0.750237676	0.910743573	628.5375887	729.9768812	308.4325678	34.64630222	35.59626507	6.518786808	2.660248494	0.988129186	3.840129818	4.930108929	5.198073068	22.13107276	83.68381287	1.95679713	3.762224915	2.14507338	0.29024126	2.905735668	0.354764533	4.746045115
aligned_38075IM5-Spike-PL4_C02_01 20200803_000030.raw	5.320833974	10.94984483	15.17976639	0.582353338	0.718863548	1.165509985	611.7491873	701.8681376	292.9356791	37.44983906	30.96775915	6.140610866	2.365499188	0.771193488	3.869380771	4.119180891	4.382555655	23.15447509	81.29199208	1.833545166	3.453096089	2.511093843	0.776190474	2.253264959	0.70373392	3.555625695
aligned_38075IM5-Spike-PL4_C03_01 20200803_000031.raw	6.651762804	10.76739967	14.34175496	0.871155908	1.284802469	1.0540886	669.8453508	733.5521215	338.7987733	66.54913784	55.52502617	10.5641441	1.756370504	0.886883062	3.414902929	5.324281873	5.934550816	20.32478566	87.06748932	1.707268765	3.090151111	2.709342705	0.317748206	2.399404614	0.514666723	3.270903996
aligned_38075IM5-Spike-PL4_C04_01 20200803_000032.raw	7.012910207	14.04791796	16.3210832	1.065989053	2.03080314	1.509596251	1159.155706	1100.623755	503.8657117	107.8706053	93.20702281	16.85300705	0.966326536	1.502878855	4.299181667	3.855017303	4.927515865	32.48092387	128.8163746	3.015132164	4.267819532	2.79383227	0.336933982	1.648129658	0.907695771	2.674272971
aligned_38075IM5-Spike-PL4_C05_01 20200803_000033.raw	5.952451752	11.59480165	18.66395817	0.911087694	1.761078776	1.433385594	628.0535275	611.1899069	319.6053138	67.0677946	56.463966	12.24469056	2.662607707	0.568364547	3.122511992	4.611199885	4.612631988	17.71486578	81.10577239	2.73272773	3.667334541	2.92361447	0.481148153	2.454261165	0.857682384	3.465797666
aligned_38075IM5-Spike-PL4_C06_01 20200803_000034.raw	8.331786253	11.61545785	12.52407889	0.260839803	0.48323481	0.666442831	484.7381246	472.3791114	190.1300079	24.40403382	22.97542647	4.602210721	1.374486665	0.791236691	2.694662235	4.840216321	3.938908882	14.34630879	59.93621836	2.00124546	3.199390454	2.13805612	0.276833872	3.232665691	0.502493947	3.503040982
aligned_38075IM5-Spike-PL4_C07_01 20200803_000035.raw	12.36204961	14.62891616	17.2612545	0.839703055	0.550024261	0.676374879	696.994214	727.0844664	303.101666	35.80358187	43.10222413	7.247664273	0.591876236	0.791917027	3.658676093	4.586450298	5.176308056	23.49069875	82.75671602	1.617498762	3.742618012	1.988008691	0.567641513	2.185050806	0.398380215	3.18756687
aligned_38075IM5-Spike-PL4_C08_01 20200803_000036.raw	12.94273161	13.77928877	19.06873261	0.75436906	1.428059838	0.859087831	781.7325092	751.2945762	293.3447676	43.83482985	49.86412751	7.992148199	0.879625436	1.924579094	3.499403267	4.719860844	5.297048769	23.86298783	96.67266034	1.539291605	3.469054373	2.355658339	0.375312532	2.615748551	0.835234589	3.235233572
aligned_38075IM5-Spike-PL4_C09_01 20200803_000037.raw	3.023763199	4.139533728	3.03641097	0.267817154	0.122474077	0.629737428	2.458122678	4.218461343	2.981023739	0.367567009	1.031687645	0.733876735	0.445590821	0.890810626	4.170406329	4.657249406	4.738921232	0.59959263	6.860571624	1.014488459	3.51814396	2.291616004	0.574993784	3.77100791	0.957563429	2.85533419
aligned_38075IM5-Spike-PL4_D01_01 20200803_000039.raw	25.63972723	17.619762	18.13031327	0.951548656	2.687048165	0.768837558	1523.222517	1220.281947	614.341357	125.1204533	102.4493698	21.92259038	1.990093428	1.666968524	2.917711137	5.964949312	5.653582003	35.57418903	134.9425839	3.636604368	3.548967383	3.003532475	0.492570475	2.672701987	0.448175037	3.237004153
aligned_38075IM5-Spike-PL4_D02_01 20200803_000040.raw	3.035179209	4.282780221	2.656495668	0.447865346	0.441083537	0.270232979	2.433211123	5.575875204	2.589644173	0.41621941	0.838888608	0.294388152	0.747213093	0.845941773	3.446004163	4.181568807	4.081837896	0.891220313	3.642926054	1.138249501	3.61861293	2.35037841	0.290853147	3.761570559	0.595647983	2.836266573
aligned_38075IM5-Spike-PL4_D03_01 20200803_000041.raw	163.1633728	78.08831049	39.20168502	4.334455199	2.74209548	0.900408159	804.699109	808.5290699	322.0445586	43.97395092	41.14741861	6.2236639	3.692445453	4.456952429	3.650848224	4.278501664	3.632809556	21.17795737	82.49131476	1.754689703	3.52764215	2.162988039	0.453314273	3.398926772	0.699321426	3.878996971
aligned_38075IM5-Spike-PL4_D04_01 20200803_000042.raw	210.9766731	91.67826312	41.36773784	5.635196756	4.344264901	1.121387452	1088.724316	993.711592	385.2015824	53.42692416	46.89408634	6.393293325	4.461231602	5.651000024	2.825287891	3.618831306	3.487071221	27.06303539	90.67998857	2.05281361	3.551314893	2.634219702	0.880380276	2.56520454	0.667930248	3.761804584
aligned_38075IM5-Spike-PL4_D05_01 20200803_000043.raw	153.7736828	79.21535106	39.88142801	4.817841909	3.319728809	0.803101688	974.8531685	869.1504735	333.9081555	42.71564191	44.55196616	5.792742296	2.982189944	4.975563001	3.346635182	3.912699124	4.508585215	23.39822494	79.84614426	1.619678234	3.493699571	2.256491935	0.421684099	2.961192146	0.732339917	3.506370649
aligned_38075IM5-Spike-PL4_D06_01 20200803_000044.raw	154.3858976	71.5578753	35.74139844	3.54819106	3.668710593	0.647401065	926.2266819	859.1491472	316.1193375	53.85882885	47.40765366	6.26035105	3.721428046	3.6989926	3.577037791	4.094721225	4.165668649	24.55753256	82.12784214	2.579912902	4.514955467	2.23828656	0.582618696	2.765394946	0.765822687	2.481534112
aligned_38075IM5-Spike-PL4_D07_01 20200803_000045.raw	155.9474114	70.26473619	35.60091209	4.654352092	2.547259108	0.656773025	913.7417329	855.7813645	297.3182788	51.53341931	39.23890072	6.203398297	3.708151749	4.62227994	2.883825456	4.373460435	4.819668843	23.76680004	83.3412965	1.396853228	3.499296732	1.95869314	0.43022393	3.756769775	0.927692781	2.5825196
aligned_38075IM5-Spike-PL4_D08_01 20200803_000046.raw	50.24545351	39.5689184	25.50438413	1.251648199	2.898230955	0.78454604	1658.538801	922.9350946	355.2699324	119.2982323	57.58893505	7.829328809	2.32289187	3.025876173	2.525588409	4.938845278	4.615225914	28.47174819	103.3979707	1.506428749	3.518611917	2.36872846	0.454980616	2.566674405	0.541768591	2.942263204
aligned_38075IM5-Spike-PL4_D09_01 20200803_000047.raw	122.5018238	66.04711897	41.66084506	2.893918758	2.880997359	1.107274667	1873.428008	1118.011808	340.3848157	94.91459431	54.26434664	6.769805022	2.991829539	4.106378123	4.373866783	4.892422565	5.871712491	46.41015699	98.40595261	2.508934898	3.0048682	2.658483424	0.552182548	2.875130725	0.647809817	3.04125802
aligned_38075IM5-Spike-PL4_D10_01 20200803_000048.raw	97.14448066	60.22736418	41.48420524	3.458976718	2.752171192	0.848942261	1921.778253	1084.871869	327.0549057	83.76158843	53.05993363	5.101512135	4.0319138	3.706073108	3.681484282	4.599012697	4.995113701	41.8169563	92.90023198	2.752937587	2.686451848	2.686997715	0.52653849	3.218450319	0.392206085	3.04934184
aligned_38075IM5-Spike-PL4_D11_01 20200803_000049.raw	106.2887265	56.39433902	28.6848578	3.282034238	2.627742731	0.774593514	2079.628589	1231.367407	347.6958904	93.68433562	66.22980492	8.120102775	2.777311667	2.772924879	3.710695023	5.193389884	4.30407949	48.17397217	107.6600549	3.02766164	3.236383158	2.78183697	0.594800204	2.422394392	0.540452378	2.750669799
aligned_38075IM5-Spike-PL4_D12_01 20200803_000050.raw	69.6198312	45.93312772	33.93398602	2.550983895	2.394080146	1.294499081	1994.488638	1366.498016	473.8993182	123.4502342	102.6807601	16.07570936	3.243170226	3.224577665	4.332681125	5.086706067	5.685582276	50.02329773	143.0878429	3.16298683	3.187470275	2.51011881	0.257298241	3.459883797	0.541017114	2.910938994
aligned_38075IM5-Spike-PL4_E01_01 20200803_000055.raw	11.45501422	18.8785536	26.01880831	0.81734227	1.235885945	1.861515527	425.0131064	1170.853937	891.218585	26.99071835	82.39870592	25.98094137	2.111974303	5.948233113	3.717871579	4.010206214	4.905272041	27.02551116	324.7448434	4.405083976	3.824901723	4.27244537	0.622517118	2.00080992	1.287341407	2.748321904
aligned_38075IM5-Spike-PL4_E02_01 20200803_000056.raw	6.768370759	12.98480936	24.5432478	0.642189026	0.857886313	1.249451029	694.7703693	1191.513019	826.4721781	44.3497668	90.6546342	25.71506145	2.132161291	3.786349623	4.295134257	3.982608769	5.085304442	28.20854318	285.8727178	5.288570846	3.634198434	3.046367852	0.341462821	1.990206846	0.499133701	2.588689394
aligned_38075IM5-Spike-PL4_E03_01 20200803_000057.raw	3.53950783	3.928789312	2.754916539	0.920886169	0.124831291	0.400641729	3.937692515	7.481422107	4.73045461	0.619400857	1.028687081	0.739145597	0.292207046	0.172085683	2.969865325	4.692800044	4.525523015	0.282009376	4.155892937	1.661924694	4.015334811	3.888917401	0.472434312	3.58027716	0.531449647	3.613592089
aligned_38075IM5-Spike-PL4_E04_01 20200803_000058.raw	3.456707245	3.420182181	4.158722685	0.52488113	0.369243083	0.473833718	2.247556846	4.805223325	2.890570574	0.693099973	0.199276728	0.572474893	0.515976081	0.536015446	4.193042637	4.983574227	5.781460909	0.152486329	9.98722224	2.185060976	2.868597523	3.139328551	0.515806153	3.660036496	0.238520583	3.035024372
aligned_38075IM5-Spike-PL4_E05_01 20200803_000059.raw	2.039109942	3.793021863	3.329400503	0.856630669	0.464318918	0.396025793	3.261982422	6.592377434	3.231466685	1.225355695	0.676747002	0.822019495	0.235152359	0.658130057	3.482184164	5.014950801	4.841644044	0.698961899	3.571157321	2.14775294	3.0810332	2.592147075	0.770974278	1.655760786	1.030403918	3.74292145
aligned_38075IM5-Spike-PL4_E06_01 20200803_000060.raw	2.342676658	5.463128255	3.399791382	0.719634571	0.709596848	0.625330943	3.041953031	6.276959653	4.039553492	0.700775911	0.214905678	0.663163334	0.586998532	0.14308507	3.896416223	5.430411145	5.911301583	0.532819751	2.815232225	1.825460425	5.45009732	2.537428148	0.257167657	2.136400922	0.576124721	2.790020945
aligned_38075IM5-Spike-PL4_E07_01 20200803_000061.raw	46.98181919	57.05290201	48.49462796	1.638952661	2.316040624	1.995490871	1831.030245	1694.157225	672.5715952	121.2888503	116.9135772	15.89216703	4.295971456	4.72830335	2.963328923	6.231676067	6.405100345	44.13151121	145.3311337	2.576978605	3.536440319	2.893797162	0.222925774	2.396684158	0.222301365	4.474976087
aligned_38075IM5-Spike-PL4_E08_01 20200803_000062.raw	17.36066494	23.14427534	28.62105723	0.719072019	1.822582852	1.428087838	1100.845586	1132.833428	470.9865285	89.04836387	103.052859	19.64768975	1.6165373	1.8619393	4.55956056	5.156895699	4.430486701	41.41605532	148.4673586	4.281522079	4.162012486	3.334459538	0.199841184	1.914573072	0.877183353	2.202255852
aligned_38075IM5-Spike-PL4_E09_01 20200803_000063.raw	118.0315644	83.82383107	51.04405021	3.81178689	5.151616991	2.220817028	2349.05944	1651.342262	753.7319605	168.6174995	140.1906231	24.0712173	5.486221688	5.336191797	3.068370419	5.080442593	6.404083982	72.87752274	207.8342439	4.572533439	4.961271092	3.609208438	0.10099041	2.389601879	0.11378472	3.167460558
aligned_38075IM5-Spike-PL4_F01_01 20200803_000065.raw	376.636802	187.0307455	92.89252664	7.555556089	3.660078596	1.316532157	1313.250998	1281.501094	338.3375245	44.33587019	50.60981082	6.204547745	12.15609416	17.0876079	2.901025727	7.428465349	7.051960338	50.02076605	86.09364916	2.610763797	2.843118434	3.350718935	0.690426068	1.715588424	2.292104342	2.208427939
aligned_38075IM5-Spike-PL4_F02_01 20200803_000066.raw	307.6957538	155.2101706	82.85199058	7.285441692	4.906291869	0.958074191	1295.730815	1190.115048	345.7651737	50.89084724	57.95824859	7.37945147	9.438702257	15.80331885	3.201874905	6.724855596	7.263834023	47.16485075	92.76467949	4.186726545	2.174063725	2.729236347	0.115844817	1.248481096	1.200655842	1.883698636
aligned_38075IM5-Spike-PL4_F03_01 20200803_000067.raw	2.029186901	3.195840409	3.670872342	0.884609278	0.850252481	0.991969607	5.123986174	9.038133995	4.446741994	1.288984445	0.797345087	1.320477462	1.252501047	0.713877282	3.591658395	4.065494235	3.900428114	0.748635013	8.377148369	2.167405336	3.341746011	2.575039127	0.429373496	1.481979815	1.051545061	2.254993352
aligned_38075IM5-Spike-PL4_F05_01 20200803_000069.raw	214.6875048	406.7058707	244.9640195	7.332424303	10.63513552	2.567735071	353.1588868	839.5384416	527.0893295	14.78796623	37.43476162	13.49706662	17.71943492	55.01406143	2.259613148	3.605488129	5.538602146	32.48313215	176.2159836	7.137750122	3.642336936	2.593622414	1.27761146	3.278596668	2.909239736	4.059441004
aligned_38075IM5-Spike-PL4_F06_01 20200803_000070.raw	359.4069208	530.7436364	333.6163691	12.05462732	14.52867504	4.13307218	907.0764861	1402.148658	755.2365917	36.04441759	97.79731347	22.19671843	19.6408356	79.06010409	3.939809655	5.916843302	6.739059088	61.49306881	280.953122	7.42380621	3.263653832	4.304038714	2.288026003	4.829913566	1.42742014	2.526736949
aligned_38075IM5-Spike-PL4_F07_01 20200803_000071.raw	179.2202203	376.146345	308.7006437	5.32567945	8.064680473	2.745583738	497.8658098	1099.195027	713.0541215	14.87257519	55.69425698	13.63454142	18.95731692	77.63055694	3.51723867	6.429429394	4.027474413	51.37905215	319.6241309	11.90030183	2.849781657	3.471671687	1.253361193	2.461557422	2.645112145	3.17856067
aligned_38075IM5-Spike-PL4_F08_01 20200803_000072.raw	64.11091918	93.93111013	69.65381099	2.340957515	2.885001551	3.542630695	2495.400454	1804.142322	813.1496025	176.4666432	138.3496801	22.48184524	4.201707922	7.805298627	2.676279575	4.714620667	5.89373308	89.04874314	316.2018678	10.11472653	5.875186763	1.889447976	1.869100519	1.595250635	2.075945326	1.666130864
aligned_38075IM5-Spike-PL4_F09_01 20200803_000073.raw	6.601999379	16.77721313	14.42524869	2.100734857	2.170164547	2.223716878	9.568509638	25.41214579	29.12267786	2.658995587	3.41300193	2.890317778	2.052848264	4.185659456	1.936149254	2.972569179	3.246688251	3.55289529	9.735415917	2.030709885	2.048456355	1.42263096	3.102921517	4.182474113	2.773813769	2.501799707
aligned_38075IM5-Spike-PL4_F10_01 20200803_000074.raw	176.6487087	84.21902921	31.75139115	8.76469874	4.382990969	1.326081807	1607.080099	1034.692208	274.3678698	156.3747712	65.30204381	7.603161747	5.373039392	3.48648208	3.109243208	4.29637235	5.723689984	48.4117054	117.354279	2.618166808	2.870717456	2.591789161		2.283436164		3.518408821
aligned_38075IM5-Spike-PL4_F11_01 20200803_000075.raw	53.11752581	54.52519466	51.75859873	4.038507402	2.385268556	1.989600369	660.0986983	1172.731591	488.9623087	18.65051698	42.41807956	10.78219348	5.187325685	6.854261868	3.075975381	7.170141662	4.943843271	41.76673746	150.5178381	5.513367551	2.597884401	3.64939259	1.768664994	2.185695864	5.317321478	2.918903517
aligned_38075IM5-Spike-PL4_F12_01 20200803_000076.raw	60.29696041	87.34089521	72.63576133	4.677635017	7.833323849	7.942354219	2978.22721	2014.076609	1261.978521	329.3797574	332.9368326	68.40128036	5.752025679	7.22108775	1.824895253	7.135294083	5.57786654	100.9280915	457.5565357	8.936983525	7.801399048	8.347937557	2.512553225	2.992541065	2.307491526	2.620654125
aligned_38075IM5-Spike-PL4_G01_01 20200803_000078.raw	363.1587712	494.2969594	170.6544424	20.42754006	11.0698268	5.089978105	1781.999088	1770.282005	708.1356529	118.5102794	196.464979	28.99047157	13.67502599	33.4659851	2.654151787	4.388023817	6.152507437	90.89792846	253.1854765	9.686289876	4.021117942	3.926127634	1.068044056	2.970634597	2.512252305	2.882141171
aligned_38075IM5-Spike-PL4_G02_01 20200803_000079.raw	299.8710099	452.0137069	166.9250168	20.79647449	14.75890053	4.247687602	1896.445357	1744.534025	746.4157694	135.6136257	169.8261337	35.76554214	13.31783034	32.22275487	2.79172888	5.186663805	6.063025624	76.46689449	241.9518279	8.063876468	4.978701925	3.652409081	1.906608256	2.659672874	2.624474512	1.830624196
aligned_38075IM5-Spike-PL4_G03_01 20200803_000080.raw	27.21045012	39.13429244	20.77190271	2.097722351	2.964770679	2.630741584	229.7236934	578.6927871	333.689983	15.92116606	24.46312326	7.341075383	2.426729997	3.249620447	3.672313556	4.414516138	4.737069623	18.18285923	82.11313584	4.452121038	4.5557665	2.774985068	2.414347102	2.317280634	2.291278399	1.630195646
aligned_38075IM5-Spike-PL4_G04_01 20200803_000081.raw	80.96572965	66.25959735	45.5706015	7.27696001	7.507763581	4.923010087	2025.202501	2045.872481	1127.454621	310.0641373	268.3904484	54.96835687	6.025150366	4.543618539	2.540086219	4.344197208	5.806724841	70.50891028	323.8463629	5.222679665	4.519733907	3.831642147	1.832756302	3.837105603	3.347391119	2.730643902
aligned_38075IM5-Spike-PL4_G05_01 20200803_000082.raw	97.07006008	143.2877567	39.33693318	19.5440369	24.59259196	7.044896522	2605.086316	1519.598277	820.1791158	1354.751201	366.4755854	61.59357029	4.459404571	4.266797409	3.793149355	4.31979427	4.501759541	102.6621119	328.5271076	7.419322807	10.93286859	9.352952624	1.7584253	1.924586617	2.615672953	2.09436234
aligned_38075IM5-Spike-PL4_G06_01 20200803_000083.raw	78.72777141	107.9126062	52.95048502	4.365428595	5.751257445	5.659294396	2362.403551	1621.957329	770.0055322	348.9440298	187.2705629	31.68655683	4.547261071	4.534864893	2.978480927	4.387952345	4.857262293	62.4846587	261.5886322	7.656950303	3.162450414	4.488616199	1.308509078	2.244337863	2.6556467	3.030054687
aligned_38075IM5-Spike-PL4_G07_01 20200803_000084.raw	7.408838119	48.67043646	43.15255	2.591466001	9.892464364	7.596471704	1317.069237	1016.876078	430.7404165	400.7246894	204.5056538	35.16015138	4.272322534	4.29982369	3.532056618	4.166000964	4.425287221	44.20104835	156.9238823	3.591597853	4.428704701	3.286863774	2.939068914	3.741192725	2.072128825	2.485863108
aligned_38075IM5-Spike-PL4_G08_01 20200803_000085.raw	116.6550464	160.3000862	114.9845199	6.354048114	9.183871412	7.950102881	855.2163334	1284.233506	1035.510502	114.1119108	186.3063192	58.48450578	11.42125306	22.47241019	3.925634609	5.198570309	4.433572518	45.33758331	420.9487835	11.82880276	6.515257133	7.745090873	1.66020507	2.741722292	3.22004814	3.071980697
aligned_38075IM5-Spike-PL4_G09_01 20200803_000086.raw	166.9025735	270.0796773	158.5876944	30.7238378	20.31220649	9.906669383	1566.270739	1641.747194	1158.050815	303.6556531	274.3892608	67.89773503	9.092862935	20.23600208	2.527841431	2.843669076	2.179463841	61.01195514	442.7642929	10.66393426	10.76560786	6.980737218	1.661707605	4.441270271	4.06248363	2.27767707
aligned_38075IM5-Spike-PL4_G10_01 20200803_000087.raw	116.0934728	146.1124426	83.32741374	5.526149949	6.675461095	5.48335996	2034.680776	1886.616116	1044.07046	155.3685396	163.2311075	34.52705669	6.984254421	8.375641047	2.422375949	5.406101509	3.6720555	84.03080114	441.7020842	9.584327159	4.878464139	5.209766231	1.776629192	3.074715252	5.093207373	2.775617057
aligned_38075IM5-Spike-PL4_G11_01 20200803_000088.raw	164.4744171	114.6652273	49.73685513	6.085353765	4.80591366	1.856058136	902.6226697	1053.602059	376.3229513	46.77898785	65.03310473	12.06140592	5.866595389	9.712197126	4.217427151	5.424412748	5.407154294	42.95692804	128.8707963	2.472954296	2.835545048	2.862089905	0.031494259	2.667918983	0.391168375	2.556457254
aligned_38075IM5-Spike-PL4_G12_01 20200803_000089.raw	337.0584385	517.6321757	209.3613659	22.19148602	18.48653358	5.678464101	1677.550377	1711.173367	715.9567666	126.8425391	162.2703426	32.97621063	15.650034	32.45257981	3.242075403	5.466872479	5.047559739	89.36909943	237.2214748	6.541192692	4.602936078	3.898136094	1.160914697	2.001746259	3.172135216	2.730413676
aligned_38075IM5-Spike-PL4_H02_01 20200803_000092.raw	2.697702707	3.923849453	3.644772697	0.928099208	0.194367298	0.028280928	33.03916536	11.68092452	3.689409936	3.221081389	1.284945874	0.295858939	0.307556633	0.123323325	3.899129668	4.51504021	4.297061976	0.365713985	6.156862988	2.019476177	2.655964772	2.374941793	1.449727886	3.894310403	0.034469412	2.527538441
aligned_38075IM5-Spike-PL4_H03_01 20200803_000093.raw	109.3705046	53.89291978	33.5882296	2.475757054	1.051017006	0.385278716	1744.553058	1589.44434	754.0347109	49.16863051	47.92907744	10.07556607	4.827366516	5.968488547	2.392538193	5.634662842	6.039219648	61.4893737	315.456638	5.930736257	2.819917029	2.799893233	0.619069726	1.701942217	0.431155973	3.516293516
aligned_38075IM5-Spike-PL4_H05_01 20200803_000095.raw	3.17718616	3.544189019	3.90865639	0.618643928	0.28931156	0.816564139	2.708663585	6.23192958	3.840077428	0.575871898	0.594775414	0.534035984	0.5400033	0.223628026	2.671980968	4.108571396	4.555649842	0.283923515	4.600316681	1.154508472	2.780104678	2.751607424	1.267202818	1.430631283	0.554841497	2.131519422
aligned_38075IM5-Spike-PL4_H06_01 20200803_000096.raw	1.918295504	3.133650841	2.333150165	0.677649989	0.438521346	0.121722854	3.342327352	6.689636378	3.86039747	0.931214989	1.530750958	0.51999526	0.629484841	0.703411681	2.290346084	4.731069649	2.79227008	0.358707349	4.166957972	1.808421028	4.239390631	2.374788883	0.492839879	2.842049972	0.460976118	3.71123629
aligned_38075IM5-Spike-PL4_H07_01 20200803_000097.raw	2.619829202	3.451405481	2.845063533	0.701484262	0.37650045	0.396179053	2.53841404	5.307740349	3.97548517	1.161324435	0.278377864	0.590744424	0.64946632	0.63181631	3.538962087	5.060531258	3.906354992	0.432875887	5.274466321	2.028879178	2.828938655	2.73800853	0.450895256	2.702584936	0.227287297	4.594749965
aligned_38075IM5-Spike-PL4_H08_01 20200803_000098.raw	3.14196289	4.411940624	2.787957508	0.777165787	1.24772641	0.287969984	3.075191267	5.055657936	4.026540283	0.697631391	1.453765645	0.509790523	0.916480445	0.185151831	3.648113388	4.548893918	3.251757228	0.758006488	3.439737917	1.256071813	2.989102767	2.643966307	0.356512286	2.777588035	0.543339767	3.436023912
aligned_38075IM5-Spike-PL4_H09_01 20200803_000099.raw	35.54189959	40.78392515	25.21167963	1.014099012	1.253620979	0.694482872	1751.201507	1005.147279	180.813284	48.35498242	28.82812307	2.326862947	2.096650689	1.552878052	3.306699477	4.121483079	4.38253137	53.29833943	75.10296822	2.066294167	2.388085642	2.245372147	0.470098887	2.817981351	0.556097992	2.356609673
aligned_38075IM5-Spike-PL4_H10_01 20200803_000100.raw	373.9275916	449.4627866	188.015644	22.58898288	15.18939909	4.14360217	855.67351	1210.578988	590.8125265	90.99677218	138.6416507	25.79169211	29.47263713	45.40406547	3.652598704	9.248926341	5.46072978	89.73912594	251.9203527	10.66072109	6.886236406	5.700996035	0.549672482	3.1917887	1.370792109	2.288736685
aligned_38075IM5-Total-PL4_A01_02 20200805_000111.raw	351.2262896	203.5281609	44.86390028	22.806587	17.87834106	4.656355694	4836.007861	2678.895747	1176.2064	828.7945438	455.1973959	77.96149813	10.98086358	8.059931829	7.271824604	11.4856026	7.045788552	257.0294654	594.7264702	14.04455568	17.13981538	14.16113522	2.484748046	4.985405179	1.537604175	3.85036772
aligned_38075IM5-Total-PL4_A02_01 20200805_000112.raw	318.2419904	202.2661089	48.49940016	25.29155714	13.81840421	6.19559742	3935.186736	2503.629097	1125.009147	796.4905095	547.9304713	78.17452222	12.26917563	8.671836702	5.022532724	13.41627631	8.540638601	241.2360242	535.4771339	15.08274869	17.52643356	15.77164202	2.624082962	3.010115106	2.10777775	3.195314312
aligned_38075IM5-Total-PL4_A03_01 20200805_000113.raw	283.1100331	189.080811	47.38049761	27.18240167	25.03631981	5.505370677	4083.33118	2659.897152	1263.810035	946.8821403	527.8860502	93.61388083	10.86181365	7.659261597	4.240034547	11.40696526	5.918947417	248.0723197	578.2470353	16.23030945	16.63791474	16.22572478	2.729560217	5.221441053	2.406775007	2.500074369
aligned_38075IM5-Total-PL4_A04_01 20200805_000114.raw	319.3416483	335.6137276	94.02690844	29.62819162	21.48406432	7.642484874	3651.900825	3043.714609	1515.335607	832.6497686	876.3824027	176.4808147	21.35428719	18.57496952	5.360207407	12.01316856	6.667328988	224.3233559	783.6798939	28.16337699	30.95353568	29.04340283	3.766175198	5.176839395	1.487664838	10.63324767
aligned_38075IM5-Total-PL4_A05_01 20200805_000115.raw	323.8145586	279.6893534	67.10839865	33.06725329	21.93019715	5.821083664	3533.632173	3082.526215	1443.630178	918.427881	844.7589423	163.6337913	17.4886439	26.03018797	7.245447078	9.704193962	7.678549674	222.2749339	801.254921	17.51490081	33.04095545	23.32068361	6.276798958	6.180346059	3.215075104	9.972754462
aligned_38075IM5-Total-PL4_A06_01 20200805_000116.raw	205.6289423	341.3775002	166.967261	47.65943211	45.22782419	12.72582569	3066.640368	2915.042709	2023.510654	742.361302	844.2734185	240.0872485	19.83104903	43.02045336	4.118812315	6.906288787	7.186005536	110.9989734	624.7235388	19.12473186	22.26988016	31.95247184	5.13472565	6.407117436	2.064881591	12.91602657
aligned_38075IM5-Total-PL4_A07_01 20200805_000117.raw	142.3374603	170.2787383	43.49223206	14.08801811	26.19432071	6.33726077	4591.613652	2304.088461	1043.189779	1271.701019	536.4047298	57.94091042	4.924686852	8.272456271	4.081484986	10.16814528	8.050092273	193.7225665	274.541773	4.790009018	11.05174667	7.285293772	1.910991475	2.591170217	3.14560107	5.495607392
aligned_38075IM5-Total-PL4_A08_01 20200805_000118.raw	397.7771692	533.1541103	136.3427265	46.5592738	13.41168768	5.367386668	1519.090699	1828.811074	1788.845175	289.8423789	562.4842512	127.3902398	26.16741438	44.17500685	6.967625309	21.63223414	10.20988238	173.0790676	765.4602628	34.07708309	12.21539369	22.66444106	2.44515056	4.613995449	2.17738163	6.25671794
aligned_38075IM5-Total-PL4_A09_01 20200805_000119.raw	288.1475624	589.3886314	182.6970024	44.2482116	28.65110661	6.06284333	2262.935049	2216.129526	1862.021474	454.3778413	609.7630079	119.1311086	18.72238328	48.17609026	7.62772491	14.81441528	7.795699419	129.675093	724.0008347	22.3601694	18.35647571	20.89807176	3.447099457	2.714453472	2.092696327	6.605715201
aligned_38075IM5-Total-PL4_A10_01 20200805_000120.raw	376.6621341	554.7979508	149.9513385	43.07767627	21.60603829	5.757675803	1722.432017	1909.733771	1972.932144	410.1853608	639.6929877	125.7440675	22.85895781	46.35910508	6.535369331	15.55731275	13.73154195	144.4118859	792.9339831	27.87074452	14.81144293	27.98675929	5.185168846	3.15938795	1.884521131	7.210213285
aligned_38075IM5-Total-PL4_B01_01 20200805_000122.raw	342.3318244	330.1802494	86.44878055	39.53834652	17.87030678	6.631325928	3258.467671	2780.094505	1402.414434	872.8334113	606.6326198	93.73611056	12.69374053	15.33057592	2.977059545	17.8209728	11.73008759	187.1185842	402.1242616	14.35106733	9.639542344	13.44219095	2.002215759	4.088304628	1.840697832	2.632101222
aligned_38075IM5-Total-PL4_B02_01 20200805_000123.raw	288.4944376	329.0936665	102.1871799	36.97758968	17.57730722	4.574745089	3264.918332	2701.002373	1502.27366	1092.993287	681.7183766	90.91779216	13.94870254	12.08192898	3.069977496	16.12875381	8.720272833	157.4258559	378.0548692	13.08630951	9.975429552	12.56520355	2.709291986	2.508538835	2.092500167	2.783910582
aligned_38075IM5-Total-PL4_B03_01 20200805_000124.raw	307.640091	391.223584	123.3163351	42.35890868	24.74737388	7.170293185	3238.937203	2860.903329	1610.509129	1236.116453	631.9736845	86.83596676	11.07146687	22.81040779	2.464422019	17.45893846	7.50798687	145.1632835	424.8732804	8.553638955	11.65093953	13.03376823	2.429773769	1.86000923	2.240882642	3.391865661
aligned_38075IM5-Total-PL4_B04_01 20200805_000125.raw	297.89005	386.3115908	130.7259933	51.90638364	26.04141513	7.853614515	3724.918721	2875.154371	1725.161177	1343.909685	637.8905932	101.3033275	7.08659242	24.3091738	3.810038816	12.84865926	8.955506466	163.2351932	336.6773272	9.176287667	8.140810531	11.31481561	1.843761015	1.312844591	1.766160862	3.045918803
aligned_38075IM5-Total-PL4_B05_01 20200805_000126.raw	322.228496	396.6367759	126.8732928	50.61995706	28.58845477	6.201719161	3373.236702	2641.386089	1437.875005	1245.120245	703.7009272	118.2666168	8.840050034	24.74540921	3.361328841	17.96379663	11.24176103	152.6025409	360.8463933	8.190471828	9.268787892	8.17311868	1.801380535	3.050383013	1.931105877	2.98262999
aligned_38075IM5-Total-PL4_B06_01 20200805_000127.raw	402.5950286	369.6408297	129.3466124	35.77527529	26.74266655	5.875391635	3002.958178	2743.646815	1818.007498	1064.653121	622.881526	112.1803297	21.80202372	37.72056581	6.998557389	12.92903355	7.300427043	191.0780328	898.9833401	31.91482199	23.37045478	15.37542272	4.761884752	4.376919536	1.949910114	11.05329292
aligned_38075IM5-Total-PL4_B07_01 20200805_000128.raw	445.6022696	367.9361298	130.8599499	33.76417965	19.05356783	6.345487049	3064.156698	2943.873574	1822.153778	975.690246	698.8759028	97.58207604	19.4775299	35.42072915	8.528075916	16.85613722	13.93231063	225.1093226	852.711717	38.56852383	15.58419362	15.78750934	3.038684448	3.34227583	2.117346766	11.92630442
aligned_38075IM5-Total-PL4_B08_01 20200805_000129.raw	508.4540905	354.3826271	146.163943	61.73227443	30.25826603	7.102668193	3293.588188	2378.249898	1302.155683	1444.125922	609.9113428	106.1130193	14.81164925	26.42535321	4.99789163	12.57286829	5.498712401	181.5720176	474.191884	11.54886113	7.870265709	15.7048484	3.293342398	2.701401859	2.385370777	7.65730057
aligned_38075IM5-Total-PL4_B09_01 20200805_000130.raw	475.1973358	435.4526643	127.1253164	68.88165253	28.77475128	6.037959057	2860.419931	2650.011188	1456.631762	1300.247971	586.3278852	107.0952354	13.91070751	27.87291001	8.802767281	18.85294011	12.52948003	195.2222747	429.0963115	10.6125388	11.68133234	14.15642438	3.700097963	3.273296437	2.253083021	8.3414036
aligned_38075IM5-Total-PL4_B10_01 20200805_000131.raw	2.184243777	2.705596205	4.208821973	1.949084249	3.166865411	3.783199579	72.06496213	41.78399851	16.79181345	4.879799558	4.152890002	2.654106796	1.640115638	2.38781924	3.429457589	4.342806909	5.466169009	3.472550842	6.780017759	3.269799951	3.837788764	3.296056721	3.778984957	3.549956936	3.582257989	3.331312055
aligned_38075IM5-Total-PL4_C01_01 20200805_000133.raw	61.4868629	144.9543348	89.95874169	7.18115355	10.67509904	6.790734977	4252.957806	2995.090181	1918.677795	725.7089979	695.4545312	136.0168128	6.983638305	15.88502344	1.879316432	11.98906823	5.561125947	141.8142516	574.3290974	12.05025567	16.07548719	21.1905766	2.086629281	3.979077932	1.649535859	2.843919051
aligned_38075IM5-Total-PL4_C02_01 20200805_000134.raw	80.16280598	163.4444951	92.3201129	7.775305321	10.73838914	5.997852217	4445.620974	3435.36519	1908.559484	853.8418001	824.5455912	182.4194113	9.72787205	17.19950947	4.739686643	9.358247554	4.457118771	217.7782049	645.9435456	24.58887754	13.3619751	24.09072963	3.07319558	2.421388059	2.005776669	4.007326576
aligned_38075IM5-Total-PL4_C03_01 20200805_000135.raw	117.9182036	202.0075512	77.29995868	14.79172803	17.2944584	9.327098943	4409.773366	3190.076769	1804.734843	1168.769017	843.7459776	168.9820516	9.100137733	15.96682511	3.030365115	14.91483404	10.31193278	182.8498013	573.3457802	19.08466784	23.4562078	17.44271941	1.50799076	2.286568439	2.229110605	4.628418782
aligned_38075IM5-Total-PL4_C04_01 20200805_000136.raw	101.2530589	190.8735342	75.34426639	13.00272792	14.685736	7.243653461	4178.302458	3100.152594	1993.475757	999.6347164	1061.97373	179.7100388	12.56553027	20.3481639	5.934008028	13.81598858	8.740223066	204.1893809	667.893705	16.60948842	18.58313645	24.92325116	3.836014321	3.30300522	1.604945283	3.578108969
aligned_38075IM5-Total-PL4_C05_01 20200805_000137.raw	91.37829818	205.4109119	75.65429566	15.23752125	20.25792791	10.07568363	4561.542663	2977.649449	1907.711313	1101.959604	985.558648	198.0764004	12.32822117	14.59712159	6.04922207	18.12037282	7.398938532	160.3067871	616.5887447	22.02133387	22.87533772	24.78160696	4.179390411	3.082014288	1.798329561	5.4820768
aligned_38075IM5-Total-PL4_C06_01 20200805_000138.raw	392.0119481	396.324285	163.0636577	34.69611578	24.16375049	7.559783044	2954.963266	2514.492994	1521.041135	694.2268027	555.6068282	92.04743755	16.72153574	39.02839234	3.118322079	15.12396825	7.390164695	153.2731132	431.3004252	12.73212288	13.90697381	14.3409991	2.337325475	2.374108689	1.428849682	4.423956406
aligned_38075IM5-Total-PL4_C07_01 20200805_000139.raw	344.0201239	363.2097557	157.3622302	29.87423331	21.65399299	3.779487566	3246.202921	2818.158838	1531.876985	717.2964601	529.5192073	83.03466725	13.52621834	40.12663946	4.982439244	14.3157093	7.027317968	149.6146041	527.365281	14.68284616	10.05728705	11.07461916	2.88995259	3.475676589	1.696510326	4.780285875
aligned_38075IM5-Total-PL4_C08_01 20200805_000140.raw	526.1094482	445.7217127	143.8370644	32.27969489	31.43311124	6.701720872	2289.614295	2519.519008	1721.295553	920.3492967	692.7878592	127.2018623	16.668652	50.8555704	8.38416062	14.9293082	7.663972131	187.159293	622.085909	16.52622636	20.79487217	21.84578604	2.291421217	2.360581619	1.662449649	4.928592574
aligned_38075IM5-Total-PL4_C09_01 20200805_000141.raw	3.057404131	3.326557239	3.285436435	2.617578669	3.632847894	2.561419289	106.303729	74.94143893	25.47145332	8.48878092	5.638662744	3.852076275	2.128604047	2.1360808	5.597025203	4.583294196	3.498368097	3.955744701	7.607287547	1.757574098	5.474840981	3.65070518	2.239239708	3.558812073	2.610473403	4.561175528
aligned_38075IM5-Total-PL4_D01_01 20200805_000143.raw	190.3272674	168.9682848	48.29042561	26.80870316	19.28840354	8.687836708	4585.294638	3268.00875	1439.777421	1455.229887	831.1244883	138.7531592	10.89634187	12.241829	5.60823594	12.14098201	7.287971264	194.2061015	403.4472311	12.24012106	14.53442186	13.3032862	5.713707506	2.639658929	2.074176798	3.561172593
aligned_38075IM5-Total-PL4_D02_01 20200805_000144.raw	148.8285899	304.5841587	160.5296614	36.27267113	41.26039179	20.76189213	2970.339798	3176.777041	1854.174006	875.0892857	894.9447085	247.9145049	13.59199042	41.33199942	9.259064769	7.330996669	7.406815797	91.13493398	606.677663	14.05111207	18.55210268	28.62549714	7.255050547	3.60086406	1.443628019	8.201697111
aligned_38075IM5-Total-PL4_D03_01 20200805_000145.raw	367.2870168	908.3741338	289.9224601	74.31836089	46.43980098	12.56307966	2040.538888	2554.700592	1991.532733	697.8605995	822.9177942	162.0953824	18.84594517	67.06078581	6.283361971	10.53134254	5.617009244	179.3702061	841.7141307	26.12689469	19.23732889	22.19902713	4.571612789	4.827490253	2.424779793	8.032845133
aligned_38075IM5-Total-PL4_D04_01 20200805_000146.raw	330.0586569	973.4842155	437.6060836	75.34275104	51.18533032	15.03313789	1800.23625	2087.046714	1841.097975	640.2896103	716.7279338	172.2294831	20.1271347	80.80658358	5.887145193	7.57727509	6.270356538	168.105979	653.6384276	13.08841271	15.67715135	23.36305937	4.859022586	3.175909384	2.241716447	10.03672633
aligned_38075IM5-Total-PL4_D05_01 20200805_000147.raw	509.018706	984.5723508	439.738951	80.40386224	52.94042019	16.81656896	1592.955153	1796.737219	2036.39647	674.883031	750.8367353	197.661749	22.34672357	109.7140452	6.916376255	10.77626808	6.499073803	191.3905833	842.8257461	12.09260893	19.51453058	21.44221149	5.006209423	2.889694506	1.997367028	8.43333255
aligned_38075IM5-Total-PL4_D06_01 20200805_000148.raw	343.7346295	996.3206313	417.0614029	53.91527446	48.03578941	16.54758611	1953.577207	2224.621337	2007.184338	656.5640477	706.1128732	142.2890662	18.93121407	82.73339772	6.795657527	10.68285386	5.752357328	120.7049987	590.9620418	18.25898513	14.11007136	18.95043955	4.862149748	2.878781692	1.255693525	5.881447695
aligned_38075IM5-Total-PL4_D07_01 20200805_000149.raw	368.8844229	909.3645782	381.3988959	60.30228309	46.8329128	19.30743983	2132.058085	2419.200144	1876.5106	678.7648727	765.2767193	158.8875741	21.51668212	67.19365836	9.288661894	10.12620811	6.421942336	137.6751452	594.8300752	8.465747812	17.91612543	20.25329032	5.478239405	2.70323944	1.686951191	8.873487951
aligned_38075IM5-Total-PL4_D08_01 20200805_000150.raw	395.4626994	443.5485185	123.4110055	58.75262127	43.15571392	11.02859957	2723.031972	2919.766864	1951.502498	893.0044483	919.9718081	182.2059047	18.31839161	38.04163143	10.68518104	15.85485935	8.10440138	172.1532406	538.9889486	22.64922694	17.80726957	29.99993118	4.734280576	3.195531897	1.729718352	10.72731709
aligned_38075IM5-Total-PL4_D09_01 20200805_000151.raw	359.4274348	232.0846702	65.62834718	30.0104434	16.26899141	5.66190882	3766.571276	3037.536017	1182.284169	631.7158332	458.3130673	74.48828911	12.15497702	19.29866226	4.820305499	11.69797016	7.035663345	230.4696501	538.4672588	16.22399441	15.30458836	13.43030446	1.12832327	2.932080974	1.460362585	3.023694193
aligned_38075IM5-Total-PL4_D10_01 20200805_000152.raw	341.0335809	191.2563546	63.48929391	22.752275	12.67457953	6.554724125	4028.746642	3150.230056	1294.72292	636.5584342	440.9967044	57.64588676	11.79891436	13.08785396	3.355451117	11.64561081	8.229752123	189.7169424	479.8963486	14.53554294	13.39398017	11.4940435	2.477919536	3.430784854	1.069417307	2.84903162
aligned_38075IM5-Total-PL4_D11_01 20200805_000153.raw	363.0307912	235.9702575	68.18175457	33.9929677	16.2589026	5.141564311	3896.69064	2921.699852	1357.15293	685.5038691	536.1588207	71.29557295	13.29060885	14.10330494	4.082461431	9.090634654	4.013708998	245.484478	563.7089837	22.05470401	12.19257646	19.28167149	2.65819633	6.418740202	3.379531447	2.293862751
aligned_38075IM5-Total-PL4_D12_01 20200805_000154.raw	285.1989957	231.8339684	65.69869879	22.19024182	17.55674741	6.884178637	4584.189243	3030.705886	1164.668934	818.9469197	698.0456297	93.15407615	11.35502748	13.0585888	4.427583182	6.564148812	7.974323035	226.8243099	479.1922315	16.85909981	16.78405338	12.01905339	3.243859696	6.019939797	1.807792934	1.842354799
aligned_38075IM5-Total-PL4_E01_01 20200805_000159.raw	92.55200599	285.7410508	143.7409285	20.06620227	20.1836824	8.377431356	887.8141424	1068.610157	2485.914278	381.969838	554.876856	210.834909	19.66029116	52.13683698	10.76047646	11.69359142	6.80542262	90.01656275	1070.754729	41.54441733	19.13730135	33.88869552	4.758557551	4.37643428	1.574642831	19.81261807
aligned_38075IM5-Total-PL4_E02_01 20200805_000160.raw	71.89831008	196.9451324	127.8907926	11.64599715	17.27004728	9.177851431	463.7388288	577.2733216	2175.574198	517.5236494	570.9906976	180.5193711	13.56538801	43.42787709	8.402346176	6.050092004	5.14287452	82.14178886	895.6597164	34.79285441	18.02303309	24.95822885	4.685992637	4.672859966	1.200616942	14.45393068
aligned_38075IM5-Total-PL4_E03_01 20200805_000161.raw	336.7151081	278.2760995	78.24567306	51.17603878	28.83284394	6.706278276	3719.005596	3020.64008	1726.995238	1180.385307	1015.191011	160.7920727	11.8449437	22.60316192	4.324582095	13.02813756	7.105245976	207.9935097	658.4161697	22.03365806	29.1368062	20.08876016	5.160254656	3.76846544	1.627519054	6.77085982
aligned_38075IM5-Total-PL4_E04_01 20200805_000162.raw	373.8225996	346.8393565	85.60289557	48.21413147	32.641741	9.229502512	3823.943735	3029.600695	1725.861038	1087.850109	886.4901562	164.2169578	17.3721317	25.08814057	3.753294233	12.06288071	5.175135154	241.436693	841.1051314	29.74630614	22.01228861	28.82627807	5.150975179	3.007611393	1.529669724	4.708754626
aligned_38075IM5-Total-PL4_E05_01 20200805_000163.raw	298.712052	293.6942937	82.51276299	48.98594011	28.32950078	10.31230471	3905.83311	2852.626347	1589.638628	918.3746174	849.6344237	165.1815663	12.70028972	21.23874684	4.47690854	12.69986776	6.973402696	177.242754	731.4045284	21.38232337	27.58630732	22.01637687	3.166352574	3.066174821	1.431861962	5.036330059
aligned_38075IM5-Total-PL4_E06_01 20200805_000164.raw	289.9976203	291.2620601	77.72515609	51.42673469	29.59521963	8.035463148	3748.873552	2875.573083	1578.284638	1018.600786	845.641331	200.0712026	16.58662299	21.21083985	4.956442789	10.05747818	7.471382215	221.8541627	723.1713755	23.40993126	30.46283109	23.32315649	2.590966265	1.850304559	1.577691009	6.603706379
aligned_38075IM5-Total-PL4_E07_01 20200805_000165.raw	350.7214608	336.9558639	104.5827056	33.72860464	15.19178646	6.607585901	3291.290928	2817.334692	1427.887432	721.5712921	565.2066927	77.499658	9.75063624	10.79513926	4.335721419	14.35600046	11.22977733	148.958511	444.3520092	11.28149917	8.458395144	9.349378719	1.846409143	1.907959846	1.131644853	1.688802498
aligned_38075IM5-Total-PL4_E08_01 20200805_000166.raw	499.9091908	384.0265863	165.9435509	36.14330194	30.11427213	7.844313023	2193.531167	2105.258683	1664.881796	827.1518504	682.2879006	129.1535916	20.25907463	44.08065463	8.018267044	21.23023738	11.53082206	189.0454461	532.8272331	18.03130679	24.1169179	15.02409776	4.140389217	1.544454078	1.036754571	3.926918837
aligned_38075IM5-Total-PL4_E09_01 20200805_000167.raw	346.8685073	212.9373095	76.61088958	23.9165483	13.18183638	6.175019855	4429.68596	2222.946344	1273.414604	736.1664663	561.8800101	81.12687744	10.14323181	13.34212111	4.502735707	11.97364206	7.021247561	180.4920559	589.2247746	15.43256485	13.960761	15.08779928	2.365343764	3.539858514	2.442263023	5.59483485
aligned_38075IM5-Total-PL4_F01_01 20200805_000169.raw	239.7377229	508.4523504	168.9503323	34.70163976	32.74329221	14.02534804	2416.379388	2299.212865	1757.497452	472.0603131	699.7241488	159.8961476	15.25030056	34.02269962	4.753154522	16.81316433	8.383421134	138.910287	722.9810509	38.2618541	23.82787179	22.68376911	3.627056532	3.397791887	1.308096946	4.598246759
aligned_38075IM5-Total-PL4_F02_01 20200805_000170.raw	280.5713945	442.4575883	131.4384565	27.97557925	25.66133583	9.289559159	2946.316906	2593.909241	1455.558119	545.8342825	609.185237	124.8899065	14.31122298	30.41011542	4.704914282	8.410613512	6.307964745	121.5420508	573.9769094	16.58402849	18.02744621	17.96077241	1.723331453	3.463400154	2.785177952	5.873583627
aligned_38075IM5-Total-PL4_F03_01 20200805_000171.raw	218.982798	292.913534	149.3717089	37.63157101	29.64257785	11.83756585	3193.864086	2814.090066	2047.796347	775.4287931	881.6006432	218.5914767	16.27409123	47.59750679	10.62151014	11.32637633	5.270593652	121.177693	591.1642953	15.36534146	19.17521784	25.50215367	7.637956641	3.121663241	1.265502629	12.8677824
aligned_38075IM5-Total-PL4_F04_01 20200805_000172.raw	6.391217036	4.243967746	3.435380337	2.702095056	1.592180076	1.228791184	102.3466957	76.18922333	27.26196914	8.566896315	6.046583428	2.163735695	1.819150032	1.062211465	4.357492591	7.805977283	3.055712218	2.360564569	7.688438221	2.428852811	5.259079024	2.609192119	0.622714598	2.356388605	3.686054285	1.38274617
aligned_38075IM5-Total-PL4_F05_01 20200805_000173.raw	299.362454	698.6899393	214.071665	38.27990268	37.44105652	8.016761946	2221.999104	2355.209994	1716.469662	663.829087	648.1336642	134.3452148	23.0928265	46.68638872	6.644203913	12.55524655	6.200663738	170.77597	614.1062813	25.85292786	10.398513	15.82436634	4.233024189	3.350708294	1.355934016	7.362011893
aligned_38075IM5-Total-PL4_F06_01 20200805_000174.raw	300.164202	633.1450967	240.6304485	38.43955022	25.51486123	6.853207737	2586.837761	2447.906944	1647.337577	602.8499918	485.5533706	105.7877655	23.48623042	37.13043556	5.652544962	9.970048372	7.461027102	159.6890814	542.3780411	21.46950318	8.757629872	12.87518218	3.186631975	3.274805079	1.583601715	5.04967687
aligned_38075IM5-Total-PL4_F07_01 20200805_000175.raw	3.578550432	4.820912896	4.358020927	1.538226847	1.222781705	1.952784085	105.7399067	82.70465937	31.16901076	8.495202716	7.033738216	3.00275348	1.033922117	1.479447877	3.513304944	4.826038785	3.134600036	3.549579722	5.160659342	2.359376714	4.506630692	2.782934121	2.088610499	1.311074461	0.803370268	2.611161927
aligned_38075IM5-Total-PL4_F08_01 20200805_000176.raw	3.25814075	6.336987187	3.393908607	1.301966969	1.163342931	0.878032571	98.25837205	69.81022673	24.43357912	11.29146087	8.194543599	1.285666419	1.072334972	1.439869878	4.109443136	4.690464381	4.506672803	2.15955193	5.403661873	3.385874761	8.49668695	2.792012661	2.787290555	2.756037797	1.432553625	2.756644505
aligned_38075IM5-Total-PL4_F09_01 20200805_000177.raw	3.864822141	7.813997226	5.997248199	2.523896619	1.187388215	1.045989888	129.0378352	87.61951971	25.42088625	9.523807458	8.413740362	1.221396713	1.075835784	1.790143818	3.355627453	3.908337657	4.297887461	3.458277193	6.493655213	2.336851604	4.15708958	3.176638332	1.856693875	2.003273474	2.754936386	1.310812182
aligned_38075IM5-Total-PL4_F10_01 20200805_000178.raw	4.316466913	3.777089797	3.92402385	4.000002131	0.734511016	1.521428289	83.0445777	76.90344188	27.98625677	11.47512204	6.014089121	1.074983392	2.875786581	2.089302399	3.790866936	3.900985699	4.122804982	1.346572982	5.916212514	2.580087442	4.242500424	5.20739295	0.746958768	2.586700107	2.972474899	4.019311187
aligned_38075IM5-Total-PL4_F11_01 20200805_000179.raw	2.212269687	6.250982835	4.758406089	1.021977435	2.71220889	1.508267737	78.82591315	74.83446108	22.54375234	9.387651178	6.611418598	0.920741329	0.5339486	0.484475409	3.290560635	4.50679204	4.743435431	2.206218792	6.351369759	3.832954573	7.311205779	3.08339699	1.373743541	3.209184403	1.209783359	3.624609597
aligned_38075IM5-Total-PL4_F12_01 20200805_000180.raw	5.985776517	3.400373416	7.031895207	3.155076573	0.477037545	0.865199027	85.68837623	63.07358884	19.19037701	9.775699412	3.807802545	1.956774876	0.955591993	0.833148955	3.641256574	4.784394159	5.108089972	1.685530083	6.036377127	3.793473054	4.54273632	3.254507848	1.603234892	0.893119	2.15361064	4.873999467
aligned_38075IM5-Total-PL4_G01_01 20200805_000182.raw	172.656953	276.4710387	125.0209574	24.40680528	19.74654053	8.268285688	2390.559742	2109.501303	1021.033431	406.8629185	440.2473528	89.49274607	7.522780471	18.58199154	3.213286811	8.972598938	9.426303277	92.80354626	356.7752482	11.33801394	8.119978195	8.531717701	1.767721829	1.648287497	0.97778221	3.23469457
aligned_38075IM5-Total-PL4_G02_01 20200805_000183.raw	227.4824694	476.6481528	144.8801985	32.96120809	23.3028754	8.88689071	2311.120735	2452.230194	1420.645502	493.2666243	599.8867786	123.7265572	17.8767551	21.76286966	3.471786779	14.81191435	9.072206847	89.7658981	539.7755764	23.14930989	16.90054528	14.85997628	1.188084507	3.654521233	1.722785819	4.438392229
aligned_38075IM5-Total-PL4_G03_01 20200805_000184.raw	286.8442045	383.0345278	158.6391354	66.70271006	55.91615976	16.1514329	2538.010215	2420.641154	1767.271587	520.338221	724.3176312	157.7214495	12.01396517	56.14116497	4.757319152	14.3427551	8.034732097	139.9674551	683.4615053	30.95501927	22.09574637	23.52183138	2.618164488	3.964248175	1.247240101	3.957631573
aligned_38075IM5-Total-PL4_G04_01 20200805_000185.raw	450.1994746	490.9344194	108.5682809	66.82205923	34.25129353	10.25249602	2294.190923	2321.60781	1875.440311	787.8124236	898.5083019	161.0045133	15.9886291	30.54982755	4.965261334	17.86918789	6.678308004	189.680972	562.0947219	20.50862232	18.20754551	29.73884018	8.582580606	3.327415274	0.989590932	9.121850487
aligned_38075IM5-Total-PL4_G05_01 20200805_000186.raw	274.1587327	294.3404466	76.66561065	46.97128802	27.78244221	6.983757142	3720.172711	1987.032029	912.1242675	1745.336194	727.3703804	104.8993	6.847870193	14.63572573	2.688781202	8.681046452	5.883424997	148.4250363	210.64548	4.362419767	15.90252751	11.25711098	2.683571249	1.519984506	1.865376494	3.273822485
aligned_38075IM5-Total-PL4_G06_01 20200805_000187.raw	263.1968451	191.3732015	72.56897911	29.17509636	22.07551887	8.047273554	4546.947198	2365.812614	1236.916822	898.2276676	422.361203	66.14193103	10.43428176	11.73585054	3.304284142	8.644391462	4.176868117	131.9361024	303.8503563	10.07387309	7.197445407	7.235536204	1.575571335	3.560977182	2.256405961	5.581896084
aligned_38075IM5-Total-PL4_G07_01 20200805_000188.raw	144.6937733	129.3996816	47.27832735	36.97059022	21.40395019	3.642763189	3500.823748	2300.013461	1045.697292	1246.867373	569.8205951	90.28231131	5.814659452	14.26064894	3.548903711	5.789855833	6.834412391	107.1931225	275.9582451	4.930035976	12.64228195	16.58912248	2.518982825	3.063352131	1.951125863	2.675041943
aligned_38075IM5-Total-PL4_G08_01 20200805_000189.raw	132.5698412	181.6439376	111.96378	27.16921068	26.67374702	8.223008519	2344.388193	2257.382299	1726.308907	532.0336207	539.783737	146.757837	10.60742808	35.81437776	3.647530259	9.814676365	5.906438461	93.36223412	490.3167033	8.647820426	16.4592503	16.42999575	5.668626872	5.071871243	2.061919613	8.134313084
aligned_38075IM5-Total-PL4_G09_01 20200805_000190.raw	360.2757115	462.470454	155.431062	79.01901934	46.74043768	12.98919367	1813.505878	1869.806467	2195.878446	545.3480287	709.8809369	217.9906746	22.29146805	71.28188402	18.90131115	15.46584806	9.117407782	166.9120115	898.1810019	31.26398722	21.32991083	42.03515152	8.935613005	7.09935809	3.330320241	27.5941932
aligned_38075IM5-Total-PL4_G10_01 20200805_000191.raw	260.5054174	299.980027	108.1207761	32.10472067	17.87280809	5.301077192	2747.676812	2691.352664	1564.724937	431.4190561	608.8896803	131.4102635	20.57063681	33.04915132	8.94688781	12.48672329	11.85520145	202.14216	836.1208412	28.30406962	16.0460367	23.65753029	4.394444163	2.878763576	0.913341756	12.23969618
aligned_38075IM5-Total-PL4_G11_01 20200805_000192.raw	239.3633389	390.3837524	132.0601707	29.52073314	21.53240707	7.496804718	2594.044301	2568.015016	1448.458672	545.1980115	596.1574604	112.5596745	16.4266384	30.07456984	3.410797427	13.68644567	9.536190619	88.93921902	508.8439115	18.65908602	16.31660914	14.40499693	1.481136483	2.172113852	1.062743084	4.387318488
aligned_38075IM5-Total-PL4_G12_01 20200805_000193.raw	242.3972371	436.4929551	129.2452375	30.87953024	26.49081961	6.903633321	2159.913865	2424.993969	1350.668072	456.3749942	643.1336933	109.3230101	19.01092614	29.63003897	3.15751958	14.50800974	7.924441959	98.35743655	532.3980684	15.05254042	14.38325223	17.98627016	3.395912705	0.866789109	2.623529486	4.036534769
aligned_38075IM5-Total-PL4_H01_01 20200805_000195.raw	344.7510188	191.8587663	67.91705393	24.04285181	12.59754102	4.420206026	3325.805518	2147.605207	983.4073664	308.7948464	239.2434776	33.15881157	8.807417851	9.826632509	2.756375194	14.43138602	10.00712743	136.0368141	212.4597425	8.533569405	3.875804788	4.495440856	0.900745877	0.958228774	1.856139201	4.480094154
aligned_38075IM5-Total-PL4_H02_01 20200805_000196.raw	426.1837504	244.232748	60.05524674	29.2283167	14.07341128	6.53642179	3040.921325	2282.476679	1110.739792	351.0711869	297.4802689	47.74515968	8.067388086	11.35002102	3.859147592	17.55042997	9.299760686	143.4354179	266.0154447	9.875930702	5.85018339	8.681668229	2.0657893	2.084739129	1.577473392	5.746786727
aligned_38075IM5-Total-PL4_H03_01 20200805_000197.raw	492.1530197	233.3176059	60.62668615	41.35633783	17.3937151	5.79836661	2703.676389	1874.099924	1211.851849	317.792055	317.374387	66.93112869	12.56709576	11.53897675	4.822752607	20.79884769	8.432287109	145.8072431	345.9170435	13.52893625	6.300359993	6.465609218	1.830909223	0.910428347	1.623290908	3.55648366
aligned_38075IM5-Total-PL4_H04_01 20200805_000198.raw	298.4188657	192.2499407	71.2487468	25.09347057	14.07039822	3.480852278	3170.672795	2330.557761	1155.826966	357.7824445	341.3577696	56.03499112	7.927271305	14.74155474	3.837304724	19.20206482	10.74947876	104.4757519	227.217805	8.597008065	4.85434477	5.349966008	1.397519775	1.182937043	1.714616148	3.908796916
aligned_38075IM5-Total-PL4_H05_01 20200805_000199.raw	354.9053266	219.7774187	68.60598446	26.08521092	16.17956604	6.022346699	2626.938442	1988.069409	1258.720177	323.3405412	331.2634979	60.12226521	14.15748805	16.03429736	4.10385023	21.13983543	9.779928098	96.55868831	269.7470335	9.806842218	6.630495089	6.134820656	1.77557423	0.92627504	0.776267768	3.752132095
aligned_38075IM5-Total-PL4_H06_01 20200805_000200.raw	309.2977621	229.978147	71.00227464	26.93146017	15.50360961	4.619029751	3065.266312	1901.620761	1166.497004	392.5090617	314.9699097	58.28625495	12.33875563	16.14988158	4.234308254	18.62473598	9.344529321	88.73894638	229.2133254	7.337493877	4.103913674	5.952969154	1.390572509	1.656290842	1.444925557	3.683286027
aligned_38075IM5-Total-PL4_H09_01 20200805_000201.raw	181.9910951	103.7921579	25.11925707	9.051279002	3.84840997	5.068793961	4676.504187	2076.266633	593.7821981	382.911925	181.5533703	24.15246028	6.613668133	4.438119144	3.539560313	18.46116699	11.8008937	230.5119068	243.4334581	12.5159173	6.349441861	4.238763113	1.407280264	1.64186596	1.436313933	3.957824502
aligned_38075IM5-Total-PL4_H10_01 20200805_000202.raw	450.0639661	878.9281378	135.4575185	48.0760047	30.18681585	5.514235912	1208.045004	1972.418751	1368.194248	391.7371588	576.2226749	110.189456	39.83238723	46.64231745	5.871177282	12.35045908	8.678039916	235.4856858	751.4954192	43.15106806	18.92562082	21.78108724	1.57450107	1.112426542	1.518844032	8.053663734
aligned_38075IM5-Spike-PL5_A01_01 20200804_000005.raw	172.9846978	184.0954595	64.12293703	24.30811807	33.94807976	6.700882509	2414.976058	1394.31098	696.1391182	803.5032626	263.9002201	34.07812512	3.065132149	3.74817739	6.449290423	6.254292571	5.315239582	69.28770053	162.5740249	4.079643529	6.593238351	8.903552767	1.761825061	1.81342293	2.117535248	2.445700357
aligned_38075IM5-Spike-PL5_A01_02 20200804_000088.raw	131.3076878	204.6218188	53.79538219	16.50217067	21.52116962	8.807321794	1163.513428	860.122636	413.4672504	309.201435	149.8446186	28.37320888	3.994334253	7.10926531	4.206113178	4.459373383	6.942137448	32.7200346	113.0049995	4.511268569	3.374639993	4.519325427	2.110610887	2.717028917	2.895360229	2.616908136
aligned_38075IM5-Spike-PL5_A02_01 20200804_000006.raw	171.496151	234.1804013	137.7372117	10.34151847	9.613140674	6.958561405	2496.61867	1917.441744	1569.560735	264.4383099	232.6733102	87.74244318	8.234826213	12.78482666	2.418629277	3.870407847	4.262059923	72.84403251	430.3784689	17.9278537	8.488924957	9.775626364	1.862413453	2.316654755	2.34405723	2.046384046
aligned_38075IM5-Spike-PL5_A03_01 20200804_000007.raw	170.611878	260.9539991	101.9987894	19.86244615	23.57799297	12.38070179	2505.99394	2012.339818	1602.557402	845.6030611	489.9238875	89.83819068	5.834521258	7.768671846	3.045818242	6.005320444	7.71503089	98.46051687	580.6151722	14.62365796	11.77623935	12.68095335	1.835515361	5.008305408	2.165391436	2.134029447
aligned_38075IM5-Spike-PL5_A04_01 20200804_000008.raw	137.5166854	219.6510034	78.13291514	9.670805499	18.63675861	10.17374702	2731.483894	2186.160184	1316.489016	763.9724873	423.8939237	96.30103962	8.13195948	11.37176844	2.570371268	4.870637121	6.686983169	125.9644969	578.2130056	16.22954687	15.94984893	13.12744606	0.683702671	2.006929672	4.229757734	3.799220752
aligned_38075IM5-Spike-PL5_A05_01 20200804_000009.raw	56.9094412	148.3042268	78.09424916	6.246905747	15.29791606	5.99303478	2218.572673	1569.2585	764.1439962	524.0062695	145.5811958	35.33514384	4.833033	6.746969248	3.943896517	3.938642344	3.932723909	78.92235516	278.9369711	5.782242263	4.431054024	4.048971085	2.026687046	2.372806136	3.21793004	1.669699928
aligned_38075IM5-Spike-PL5_A06_01 20200804_000010.raw	11.24541905	75.51502261	80.23419081	7.161308699	11.81671119	17.79355601	1440.107676	1555.023787	1472.336004	429.1849737	430.2655266	138.8850047	4.698446279	7.866134425	4.084249005	4.101944952	3.575241384	40.51017241	298.9324181	7.336482183	15.048655	20.83808347	2.347650675	3.179801948	3.534965635	4.255379757
aligned_38075IM5-Spike-PL5_A07_01 20200804_000011.raw	108.5721785	248.9628889	82.86870774	8.717245537	17.38226369	10.33864018	2775.128578	1843.841245	1222.719466	744.1523897	422.6913485	66.53424176	7.083233223	10.15651922	3.504534782	3.690300761	3.293701365	110.2017764	436.6535216	10.84364757	18.80877272	5.809077045	1.024666902	2.070411422	2.288358061	1.78502911
aligned_38075IM5-Spike-PL5_A08_01 20200804_000012.raw	111.8559198	292.4616071	130.8784073	12.55777057	11.64050987	5.950185039	2061.147591	1701.404367	940.9550223	262.6879557	217.506805	32.11677309	8.81716857	29.73381536	3.830804268	5.189558808	3.962196288	93.77851281	413.1611369	9.552026431	7.754123864	5.77084536	1.611063637	2.492148837	3.059332871	4.709081493
aligned_38075IM5-Spike-PL5_A09_01 20200804_000013.raw	1.872180537	4.201502152	4.175582996	4.530610945	2.1285788	2.957696591	22.22872899	43.71070459	22.82692811	6.560474791	5.716895302	3.426025457	3.59882949	2.211040786	6.532243587	3.513324947	2.288108455	4.987420034	20.16653146	3.462622556	4.411331121	2.819128197	3.248056054	3.064356034	1.792619886	2.448337405
aligned_38075IM5-Spike-PL5_A10_01 20200804_000014.raw	3.764614939	2.305774796	3.829144203	5.257339351	1.981319303	1.939621692	10.22929281	21.76811672	10.17344294	4.558190047	2.391946822	3.874987908	2.461272932	2.041114571	2.15801459	4.186564983	4.359619933	4.867247567	17.01812594	2.019619561	1.980685473	2.918772812	2.440960675	4.384691309	2.631087749	2.266582564
aligned_38075IM5-Spike-PL5_B01_01 20200804_000017.raw	239.2208377	468.5190386	194.2427731	17.99559388	16.53052244	9.240527651	2156.769455	1960.848088	934.7125355	204.020869	290.3348305	43.00337286	13.25140299	36.87706726	2.60866629	9.204592598	9.434054804	93.76361882	312.1266242	12.6040843	7.21728969	5.197688624	2.438523466	1.860951944	3.751918903	2.970813118
aligned_38075IM5-Spike-PL5_B02_01 20200804_000018.raw	254.7729339	521.5595961	174.3910828	20.56491319	17.25953319	9.96014651	1775.155577	1798.862973	1058.277952	241.6286192	292.6723925	53.20181164	20.09619158	26.21746453	3.203616805	10.43621939	14.31669718	94.10432644	299.6474371	10.93269555	9.472081527	9.333866159	0.995760052	2.312651552	2.931947098	2.394566954
aligned_38075IM5-Spike-PL5_B03_01 20200804_000019.raw	2.021784808	3.557492331	5.422155032	3.447111785	2.142598408	3.271414665	12.23373103	22.06426519	8.054450617	6.622231922	1.24764991	5.143484323	2.391129667	2.135550291	3.259654767	2.213084061	2.658776516	2.952992347	18.28300502	3.797586695	3.132723543	2.52300566	1.743340238	4.389919441	3.434596943	4.157480695
aligned_38075IM5-Spike-PL5_B04_01 20200804_000020.raw	3.759782644	2.422605615	4.456442526	4.029962523	1.428116938	2.035701643	10.10175034	17.309828	12.41755189	6.308484275	5.417645243	3.039554479	2.214413551	1.351408781	4.173304888	3.567021431	3.913727497	4.078236282	19.99263174	2.235396417	5.356143918	2.35828817	3.227019369	2.050270214	1.578902987	2.856436244
aligned_38075IM5-Spike-PL5_B05_01 20200804_000021.raw	3.060484347	3.138669652	6.096502903	2.863375952	1.608601336	1.682981169	9.295124045	15.28513833	6.729729588	7.996181239	2.955060494	1.790251013	3.955887127	3.023679163	3.146192014	2.879680326	2.716001238	2.544958405	13.76709632	5.799393339	1.801438483	4.284460324	2.735790832	4.610600448	1.222108632	1.577356395
aligned_38075IM5-Spike-PL5_B06_01 20200804_000022.raw	2.479644034	3.474588477	6.181859459	1.987864391	2.030077041	2.10975511	11.50538323	19.34005856	6.61561538	7.31735331	1.667774043	2.402167216	3.717688743	2.119087163	1.569900914	3.341211739	2.740988819	2.415884625	16.89697341	2.210558518	2.037218223	2.553768076	2.73685077	6.283506605	1.590765309	4.062777931
aligned_38075IM5-Spike-PL5_B07_01 20200804_000023.raw	2.769348944	3.178211573	3.167519209	3.634004654	3.284539912	1.89347802	18.78426584	28.59506915	9.757063497	5.147534222	3.939277501	3.799569958	4.205007017	1.450263641	3.558324626	4.76093796	2.202548114	4.515101583	10.07747693	2.66161447	3.791872717	3.684234357	3.856148937	3.779421674	3.118419973	1.852917206
aligned_38075IM5-Spike-PL5_B08_01 20200804_000024.raw	2.569572611	4.662176152	4.630309334	1.827373811	1.606284925	2.39065793	6.954375251	17.29177239	6.75034701	6.023435465	2.397426008	2.614597621	2.799381634	2.270846514	3.107519764	4.332281253	2.70232818	2.62041708	13.7295739	3.486553598	3.454846793	2.009178959	1.490127312	2.091601573	2.764276481	3.064407189
aligned_38075IM5-Spike-PL5_B09_01 20200804_000025.raw	2.279714906	2.320895565	3.288299292	3.607639198	2.568744096	1.61968223	9.641204429	19.76873596	7.833475886	11.48803598	2.105756123	1.694977461	2.678562267	2.376676054	3.110970259	1.97145396	2.684949887	3.454898163	13.20177665	1.745619874	3.357723591	2.461565225	2.551491535	3.046942637	1.508171924	1.751621483
aligned_38075IM5-Spike-PL5_B10_01 20200804_000026.raw	3.388833418	3.167039555	3.29076015	2.372253101	2.185035201	2.214783057	10.53181934	24.03224097	9.726662144	6.661492636	2.150809377	2.240621127	2.336980251	2.749941084	3.094353712	2.956992343	3.622711102	2.935442392	14.9997764	1.957471896	2.137035932	2.684899304	1.954391297	2.650804638	1.388270639	2.102330719
aligned_38075IM5-Spike-PL5_B12_01 20200804_000028.raw	1.681810216	2.94505892	2.893526493	3.82231571	3.843456394	2.697560665	10.56637403	22.36336691	7.067259193	6.570015538	3.785403977	2.283231531	2.799113086	2.194571001	3.222066648	3.466202905	4.258426427	2.846531462	16.91983043	3.413809346	2.462618304	2.094042559	2.472172003	5.27817782	2.022927942	1.328513842
aligned_38075IM5-Spike-PL5_C01_01 20200804_000030.raw	2.297704785	2.385077353	4.386207874	0.88655493	1.090942041	2.517796401	10.58000813	25.68138337	13.35663205	4.272308196	3.245413393	1.297196118	2.866639457	0.852267068	4.006860724	3.649293945	4.248081384	2.764838991	11.94368091	1.518407818	2.797933699	3.258572526	1.988023337	2.199420056	2.745890813	2.593570621
aligned_38075IM5-Spike-PL5_C02_01 20200804_000031.raw	2.020875877	5.03229962	5.52315777	2.834905464	1.790574287	2.102893156	7.55551703	17.3310738	8.591037355	5.644302549	1.801592412	1.52387435	3.709231722	1.983849922	3.492435118	3.267679567	3.624191255	1.491248576	17.68354435	2.454594794	2.780402907	4.236323425	1.775100477	1.998679812	2.835774292	3.411688356
aligned_38075IM5-Spike-PL5_C04_01 20200804_000033.raw	2.083579814	4.127192393	3.572356789	3.750247333	2.1578896	2.923364971	17.33392526	25.52179988	12.05350635	8.137565533	2.871640444	2.64229976	2.673307832	2.538285117	2.477187838	2.696595453	1.677047805	3.716125505	17.80037493	2.053096889	3.564719091	2.568618674	2.778967361	1.415353675	3.075646635	1.58532141
aligned_38075IM5-Spike-PL5_C05_01 20200804_000034.raw	2.762092344	2.872945729	3.994594808	1.997179304	1.886801753	0.881459489	12.1682075	16.73579713	11.22768967	5.378753858	1.828504934	1.162560541	2.529070529	1.644744765	2.568147908	3.224142074	4.652504077	3.703434619	10.18943969	3.639951308	6.409878067	2.976611807	2.513584573	2.081677985	1.915553499	3.454195161
aligned_38075IM5-Spike-PL5_C06_01 20200804_000035.raw	2.429486809	4.413775863	4.501787862	3.037685776	1.795853657	3.508108877	10.79047938	21.63608168	7.400163255	7.538682581	3.524229503	2.137145128	1.26954442	1.783568792	1.625547348	3.409280791	3.40288776	3.172577359	11.41027362	2.222245798	2.114448525	3.571479054	3.126675203	4.361834805	1.558109119	2.40906284
aligned_38075IM5-Spike-PL5_C07_01 20200804_000036.raw	2.638960033	3.539844437	3.196608471	1.79416165	2.354748742	1.707149175	8.961567505	15.47690201	8.733374485	4.088296813	1.275154029	2.296066978	1.953762843	0.799271194	3.504293118	3.903578728	2.870187343	3.238044802	19.58692124	2.958258579	2.145551046	3.856372483	3.915701865	4.087970966	2.094989583	1.750087693
aligned_38075IM5-Spike-PL5_C08_01 20200804_000037.raw	1.551243686	3.951540215	3.698733868	2.115546833	2.303385439	2.76130758	16.86837522	29.46633648	10.67460452	6.285389339	3.369639474	3.146134658	1.899945915	1.599978807	2.789872847	2.276206696	5.563305823	4.234923315	13.25028649	0.913152917	3.044224357	4.048286114	2.010303691	4.915708417	3.779228647	3.199766829
aligned_38075IM5-Spike-PL5_C09_01 20200804_000038.raw	2.327396348	2.287720726	4.911527712	2.423800815	2.714554709	1.965774554	9.095054359	19.46153166	7.81716949	5.691892034	1.714752622	2.633933314	1.527288462	1.972422989	4.933403747	3.112865833	2.796120966	2.188630324	13.13421614	3.382383339	2.667904788	4.080987433	3.459449909	4.667669381	2.364145831	2.773625142
aligned_38075IM5-Spike-PL5_C11_01 20200804_000040.raw	2.128782419	3.728451758	4.184411986	2.323155737	2.442835236	2.556205654	12.41533112	24.70744226	18.11522738	4.337204583	3.216899213	2.498729039	2.200898661	2.725762624	2.84957219	2.565903017	3.923641802	2.763943038	16.45835504	3.36086914	3.526029962	2.943863728	2.289820542	4.325336779	2.282582446	2.964191622
aligned_38075IM5-Spike-PL5_D02_01 20200804_000043.raw	2.432970033	2.695685656	2.98913296	3.63549771	2.394488361	3.040407059	10.61061343	25.18373538	11.65625095	4.742360455	3.758515199	3.669986764	2.512718646	3.140653591	2.098986101	3.323335739	3.24147883	5.083918422	17.99512295	3.705019108	2.482959874	1.741790831	2.680416259	2.646332844	3.291704024	1.995686761
aligned_38075IM5-Spike-PL5_D03_01 20200804_000044.raw	3.306763001	2.797139101	3.366792108	2.776173171	3.215498608	3.250555002	21.04295827	28.16169871	15.89114861	5.624305012	4.012364949	4.181774858	2.680112989	1.39471516	5.863325022	3.282132141	2.950117555	3.015704754	12.19772193	4.122106451	2.284892745	3.67724476	1.508807173	3.011506519	4.169534951	1.972076501
aligned_38075IM5-Spike-PL5_D04_01 20200804_000045.raw	2.463122889	2.625333894	3.654785386	3.865771193	1.987596044	1.032725884	23.09779423	27.52356157	13.62776266	3.64769569	4.546302401	5.705900403	1.659435619	2.991950481	5.443719783	3.059609874	4.571757639	3.175475751	10.49505465	2.720625339	1.993908793	2.813558187	2.673799315	3.790613356	2.392351391	2.717414386
aligned_38075IM5-Spike-PL5_D05_01 20200804_000046.raw	2.209196285	2.824652999	3.116515269	4.13990596	1.742741663	1.585419907	12.35824496	19.59985873	11.47121755	6.138466182	4.371892152	1.440748718	2.039676768	1.783499122	3.634224033	4.712099336	5.280372396	2.94205417	15.46775349	2.927543244	3.853625929	2.917952505	2.443750774	4.681079646	2.989003296	1.756481979
aligned_38075IM5-Spike-PL5_D06_01 20200804_000047.raw	2.529083984	3.505130895	2.875308152	3.920845142	3.318749218	2.621772332	15.11734242	24.7557649	20.67375148	8.685520032	3.177815113	4.609989579	2.11004004	2.581526388	3.293958638	2.693437252	2.86540658	2.9240916	15.19405796	1.692901919	3.10261744	2.395688328	3.532251305	1.340413808	2.101168262	2.054792053
aligned_38075IM5-Spike-PL5_D07_01 20200804_000048.raw	2.556390571	2.86530103	1.871614003	2.840565993	2.227143739	2.491654965	11.0690944	28.73767333	7.034629013	7.142225864	2.563437486	5.781523507	2.906636094	1.758664147	3.15957805	2.891572427	5.915227772	4.928092978	17.62018564	1.670592342	3.030136628	2.724018152	2.662491642	2.504648106	2.899723189	2.618224582
aligned_38075IM5-Spike-PL5_D08_01 20200804_000049.raw	2.251441217	5.248449932	2.959089985	2.286348542	1.726506379	2.412866784	19.05368688	25.7440126	9.550520064	7.579643099	1.758050233	3.841532499	2.79743281	1.493136177	4.790742764	3.255256371	4.794110416	1.508928066	15.39211432	3.059254654	4.051730542	2.865880337	2.019996826	5.162821791	1.938885147	2.671258312
aligned_38075IM5-Spike-PL5_D10_01 20200804_000051.raw	2.643589319	2.818413539	3.361310608	3.153552255	2.378569331	4.735257748	12.0481415	36.92896628	14.09781696	4.637879944	3.400731155	2.932528713	1.927869674	1.579242337	2.182890387	3.768061699	2.652215235	4.619053026	18.58311281	1.798268921	3.27621205	2.634451779	2.551529813	3.82263855	2.819462853	4.442322169
aligned_38075IM5-Spike-PL5_E01_01 20200804_000057.raw	2.820664006	2.754020656	7.154772554	2.353252044	1.733690661	1.062236141	12.85562858	20.42154467	11.45711985	4.688012304	2.691628696	1.20669646	2.560824953	1.541086817	1.939368536	3.536104016	3.28764875	2.983267113	15.40364073	3.638345056	3.13877674	3.826240094	2.042065317	3.471477762	1.408815961	2.885551168
aligned_38075IM5-Spike-PL5_E02_01 20200804_000058.raw	2.735456498	3.273848497	4.051621513	5.672856609	2.202098979	2.083699299	22.34276579	23.3167414	11.49802827	3.723340707	3.600598794	2.719705356	2.243092113	2.496313974	2.875580291	3.486016934	3.479771574	3.053372073	8.030149482	3.168630464	2.902472876	2.192356083	2.224692299	2.008071058	2.276706815	2.109248461
aligned_38075IM5-Spike-PL5_E03_01 20200804_000059.raw	2.345290544	2.882768429	6.478879688	2.319267637	1.791493785	2.402927478	11.60778944	18.92679854	10.0082734	5.560711795	3.983696818	2.801121795	2.66737091	2.997355968	2.593212657	3.163201683	2.131106145	2.124362169	15.26889033	2.990413695	2.762423042	5.00125165	2.80430693	2.444748997	2.576333908	3.272402109
aligned_38075IM5-Spike-PL5_E05_01 20200804_000061.raw	1.860402249	2.094499824	3.333218775	3.084108121	2.063842758	4.356450541	20.32740339	30.45676961	14.53550441	6.866218354	3.438530724	5.774091038	1.678096374	2.29077867	2.939163632	3.349431813	2.318575492	2.467879161	11.30542341	5.590058378	2.478928433	4.110809937	1.625507491	2.634926632	2.361736309	2.61625105
aligned_38075IM5-Spike-PL5_E06_01 20200804_000062.raw	3.346188115	2.81555566	3.647955057	2.628978498	1.418252116	2.129700222	13.10919564	21.40334097	12.54708659	5.585344714	4.289814328	3.42239384	2.90630911	2.194921733	3.967381602	3.600609823	5.22263503	1.277079808	13.55914472	1.165130807	1.211625705	1.994969195	2.403513867	2.639102314	2.606230308	1.571646523
aligned_38075IM5-Spike-PL5_E07_01 20200804_000063.raw	2.131570335	3.425946052	2.181260624	2.932299018	2.498126088	3.542606227	12.13740962	21.54847598	9.919656593	5.62588366	3.695149376	6.175802802	2.411136101	1.670222299	4.218150317	2.675382832	3.101609292	2.097687773	14.53941875	2.861303815	2.980839435	2.881659261	2.125810834	3.962042704	2.751894408	2.518402448
aligned_38075IM5-Spike-PL5_E08_01 20200804_000064.raw	2.262500449	2.947032365	3.782225957	5.321895146	1.796650998	1.938989287	10.94579462	29.31034114	15.99574576	6.658793161	2.255513839	3.664074205	3.182401208	3.03138166	3.000823147	2.531648957	2.555586399	3.973915798	13.76003442	3.207810922	4.684445365	3.673870029	3.119098134	2.251641501	1.676106185	2.192770648
aligned_38075IM5-Spike-PL5_E10_01 20200804_000066.raw	1.709005562	3.396587696	2.187133857	5.946786983	1.396191591	5.703184205	9.11230277	23.45521687	14.79773918	5.151320986	5.765035611	3.604685226	2.174142199	2.81616702	4.090710657	2.220879327	3.531389792	3.46579635	18.38581571	2.282301435	1.984892332	4.622943053	4.049498642	2.178680012	2.811542992	3.200492593
aligned_38075IM5-Spike-PL5_E11_01 20200804_000067.raw	1.574362195	3.147620788	6.21739981	3.447640868	2.815992661	2.140469142	6.705301259	19.58779031	9.338869853	3.789507833	4.818773427	1.656734893	2.609869695	1.618894388	3.476186686	4.467139294	2.606644993	1.64635571	19.27325833	2.891126638	2.746093576	5.055266343	2.211222102	1.693954103	3.62765018	2.382632579
aligned_38075IM5-Spike-PL5_F01_01 20200804_000069.raw	5.004416204	10.16636811	9.817305421	3.482212559	1.829804524	2.643050139	78.1425155	104.7127633	62.00601143	13.48358031	11.59035038	5.122360692	2.402750748	2.505565242	3.453921178	4.396726164	3.124195303	4.977026466	19.76114232	2.14888729	1.816438758	3.195212645	3.002281523	2.346312624	1.91265154	2.413802762
aligned_38075IM5-Spike-PL5_F02_01 20200804_000070.raw	0.65297319	2.153077335	3.833408635	3.060011392	2.619380108	4.318520025	14.26535903	33.60602703	10.80352554	4.661160967	8.191891461	3.121309122	3.398586326	3.108044218	3.872063286	2.649258633	3.404755145	3.721034444	18.27022248	3.597776599	2.912469117	4.021598991	3.576731612	2.396604553	1.759024054	3.078756502
aligned_38075IM5-Spike-PL5_F03_01 20200804_000071.raw	3.015217374	4.139131112	4.270525006	3.122747198	2.146140927	3.137612003	21.41002624	50.15573775	21.09327139	9.666867432	6.809365617	3.333962121	2.972960325	1.981048026	2.885261817	2.8209598	3.114454682	4.15782133	15.81738846	2.920927186	2.413383301	5.038286856	3.006531732	2.213023937	2.833066769	3.505512431
aligned_38075IM5-Spike-PL5_F04_01 20200804_000072.raw	2.588962737	2.515111724	3.515204472	4.132613579	2.213813231	3.550902486	16.40048294	37.28809309	16.66313781	10.38306451	7.373175575	2.499038875	1.561327189	2.474334297	2.144391835	2.779522763	2.240844452	3.150957101	11.34507285	3.567990253	2.858135079	3.35791974	3.525958959	3.713677701	2.869016809	2.659590265
aligned_38075IM5-Spike-PL5_F05_01 20200804_000073.raw	2.225128093	3.780294752	6.761519306	3.729935113	3.220842297	2.642621127	13.26679983	32.98082999	16.87631909	8.564458418	7.929500944	5.221322183	2.841232232	3.302367604	3.034156059	3.743965147	2.366790389	3.605308477	14.96733681	3.688939011	4.450912969	4.557227815	2.544240645	3.221028334	2.955833602	1.96194209
aligned_38075IM5-Spike-PL5_F06_01 20200804_000074.raw	2.256794486	4.076548083	3.742038521	4.240546483	2.366539913	2.010605842	14.5598396	27.69270354	9.868752387	4.267333337	2.769702584	5.090164437	1.668530333	3.157981992	2.870664424	4.108024515	2.335934849	3.515740553	15.93215994	5.292665277	3.691865717	2.926131702	2.20497238	2.122180075	1.028119589	2.447742743
aligned_38075IM5-Spike-PL5_F07_01 20200804_000075.raw	3.224938205	2.431584516	2.876987671	2.844274446	2.519946251	3.834712618	14.56106921	26.9167561	10.68501551	9.025046389	3.732560081	6.169817366	3.301133825	2.339392387	2.825721824	3.638703115	3.659559054	4.98288352	14.54282264	2.460547375	3.509136875	3.018231658	2.709341683	3.192003247	2.235652137	3.304926242
aligned_38075IM5-Spike-PL5_F08_01 20200804_000076.raw	1.621849854	3.321976368	1.482574461	3.66683953	1.928524608	2.174536341	15.91024459	36.8348175	20.85615888	6.309933743	1.956418549	2.703804587	3.081691182	2.143967137	3.276721547	4.043731912	3.438985716	4.978160557	14.46527671	3.602935098	2.394595806	4.129676988	3.036052849	2.785897165	1.870286009	3.139574798
aligned_38075IM5-Spike-PL5_F09_01 20200804_000077.raw	1.40277523	2.699834285	2.652768435	2.121408908	1.167927122	1.971909433	9.222659828	22.7467976	9.646507816	6.309264204	2.890518883	2.44365258	2.775799144	2.049721563	1.991552721	4.869623779	3.718066361	2.794941801	19.37087906	1.716296107	2.099454433	4.549284692	2.724032531	2.18544762	1.712525989	4.184808476
aligned_38075IM5-Spike-PL5_F10_01 20200804_000078.raw	3.251097942	3.305321076	3.44501431	2.521526743	2.939091142	3.663196398	6.249452926	12.3648602	5.105863782	4.840094847	4.797562581	3.067668146	1.498828246	2.946298312	3.358156296	2.678761566	2.555098256	2.456799989	22.1529338	2.059527872	3.220971758	1.5988388	2.385737671	3.88334462	2.547645374	2.730245475
aligned_38075IM5-Spike-PL5_F11_01 20200804_000079.raw	3.155585162	2.512808775	4.159544199	1.38971989	1.111383138	1.711205148	28.45479806	20.09418554	9.067306271	1.353398344	1.471777531	2.154742574	1.207012677	3.456912917	2.283269609	5.718305934	2.58563753	1.853979329	11.56318514	1.184881498	2.177793267	4.366823142	1.966446252	3.162791786	3.0884444	3.697814636
aligned_38075IM5-Spike-PL5_G01_01 20200804_000081.raw	3.68184127	5.542514594	8.849147323	2.074457953	2.596578339	1.451964104	8.691376073	28.16293636	10.39401329	5.663350562	3.042704667	3.991594164	1.972775899	3.322363993	2.529061021	3.284629517	2.966311232	2.146913402	7.618533228	2.828459352	2.490671516	3.068365563	1.881064685	3.114977649	2.136049155	3.347583799
aligned_38075IM5-Spike-PL5_G03_01 20200804_000083.raw	2.307472509	5.361066347	5.002144341	2.707023107	1.724807513	2.48005009	18.08313475	26.43717271	14.37325093	6.469156894	3.601101855	1.917835298	3.280350096	2.369690543	2.424571731	3.922499247	1.95555759	1.877627589	14.18783895	2.393221319	2.38782308	3.762973403	2.113448757	2.539940835	2.90472706	2.070761418
aligned_38075IM5-Spike-PL5_G04_01 20200804_000084.raw	4.252025394	7.336217829	5.786263884	3.175649083	5.063470209	2.884862658	19.56899657	30.10019155	19.37507125	5.354733606	3.967652205	2.090613566	1.787039214	4.090479403	2.074930867	4.228607194	3.159477471	2.207239131	7.735504368	0.847399355	2.915964587	3.699603574	4.025314615	2.091523722	2.317261227	3.67410185
aligned_38075IM5-Spike-PL5_G05_01 20200804_000085.raw	3.574250824	7.445653943	8.744928034	4.740592144	5.116487535	2.315961507	25.42981025	43.13606795	14.14005017	3.941428801	6.424181865	4.101635532	2.987437352	2.406897357	2.347314301	2.622406756	3.408605688	3.899073069	13.02048646	4.271007514	3.175949825	3.269137343	1.931927817	2.3494909	2.175904192	3.127794505
aligned_38075IM5-Spike-PL5_G06_01 20200804_000086.raw	1.522513355	3.971012378	4.28084595	2.224446109	1.863119629	2.128809054	16.32692553	22.2498146	14.23577021	1.84146943	5.461497685	2.657983778	0.833632786	3.464077827	2.217817131	6.582963069	3.455437797	3.27149767	10.81508345	3.355092944	3.784392366	4.383878235	3.116358535	8.726665834	0.751457883	2.877290547
aligned_38075IM5-Total-PL5_A01_01 20200806_000097.raw	244.8167733	231.8851056	66.15318225	43.28310138	32.84163421	5.937831281	4074.650185	2331.644427	1371.726757	853.3292441	705.0293868	93.63798975	8.10013181	13.17109801	3.718010889	9.412712645	4.323028908	133.007612	423.4409388	9.504382571	10.54115232	14.55266543	2.67653852	1.44991785	0.144339725	3.199706081
aligned_38075IM5-Total-PL5_A02_01 20200806_000098.raw	300.4381594	290.8515086	125.6415334	45.41537738	38.61970153	11.15210586	2342.306735	2169.812471	1741.257929	451.9363764	579.9567428	126.4220349	14.19860105	33.28061203	7.144544695	13.78951121	8.234124263	94.21877379	459.6375832	16.42563971	7.866756923	12.20606903	2.620597937	2.790183171	2.618231028	4.644282352
aligned_38075IM5-Total-PL5_A03_01 20200806_000099.raw	314.074738	475.5516667	124.8198682	44.18913807	27.65407479	8.640330175	1900.08617	1954.782071	1692.630183	511.4112937	653.7639602	146.9585339	16.39071858	36.31197926	3.170628664	16.642036	10.34995682	136.4505167	505.2209041	26.59614785	14.13486074	22.32436074	5.003568625	3.023771044	2.012679259	6.955962288
aligned_38075IM5-Total-PL5_A04_01 20200806_000100.raw	328.366452	330.937599	100.573706	42.71496635	26.69783542	8.234395247	3485.728572	2545.943367	1510.378549	961.1624104	627.3215929	99.57284642	14.03634489	39.26812683	6.577799685	11.78179885	8.023674728	144.1308833	491.15327	15.66711162	13.91524369	20.64158801	3.308029963	2.643275131	2.212352795	8.587683971
aligned_38075IM5-Total-PL5_A05_01 20200806_000101.raw	411.3466513	487.5422826	130.1833775	68.82598384	40.53576726	8.05384242	2405.47581	2233.814559	1613.624019	1063.307533	627.1259544	102.3271828	17.42352616	30.85862266	6.376711738	14.16691859	5.987300931	128.8324923	398.9433044	14.3753191	11.67194835	13.94119818	3.470897639	2.475336356	1.208595326	8.346812739
aligned_38075IM5-Total-PL5_A06_01 20200806_000102.raw	65.43581478	171.8797496	96.50176195	12.98347074	27.38326004	17.88374723	3732.437412	2760.822686	1726.414768	1102.231907	994.1048983	213.0039117	9.904306219	30.39381271	3.1959536	4.526834087	5.91990721	86.59390979	579.9249811	14.68544333	26.96738035	30.4014582	1.457112006	2.913217734	1.121649371	5.295630843
aligned_38075IM5-Total-PL5_A07_01 20200806_000103.raw	193.8060032	229.617452	82.53125839	26.89914623	24.71761769	6.89118888	4058.617942	2690.594069	1395.803188	859.7548953	726.5251362	132.396149	16.4739309	26.82760835	10.36589656	7.757157709	4.424540836	152.641447	488.9183912	17.03382252	20.33159852	21.97883011	6.416198202	4.48969317	1.81419023	10.11002247
aligned_38075IM5-Total-PL5_A08_01 20200806_000104.raw	245.5551609	477.2570693	151.1018113	58.98076288	53.11344893	12.83021103	2673.41537	2643.669785	1309.853892	702.5772596	632.3875564	109.2776569	16.28031022	33.55207165	3.599716824	7.213783379	4.233238016	138.8546898	467.8235006	23.55609679	12.9339891	19.5434286	4.392772602	2.125405329	1.523104172	5.51557988
aligned_38075IM5-Total-PL5_A09_01 20200806_000105.raw	218.4550219	530.5080326	217.4231022	58.14778257	50.11706348	14.19196653	2128.900711	2571.717838	1762.065313	406.06424	753.9768219	180.9170171	13.63589288	48.00653703	3.788709782	4.762768263	4.182114917	84.0686108	488.930692	17.32772107	20.8012531	21.60466546	2.523733113	2.523235847	1.132757284	3.660837305
aligned_38075IM5-Total-PL5_A10_01 20200806_000106.raw	136.525683	128.5782771	63.01210808	21.57872987	21.05240757	5.190245418	2717.923692	1898.806558	925.2570613	710.4803803	533.7103516	78.44302333	8.000780444	11.71092749	2.909866677	4.906384679	3.167232416	79.90541404	357.2630581	7.143950808	11.53276279	13.77339934	3.130254164	2.395900595	3.190444707	2.068999063
aligned_38075IM5-Total-PL5_A11_01 20200806_000107.raw	5.601451394	4.600021074	4.702571833	2.092946123	1.037093936	0.577352286	113.7766361	114.4393529	42.37319596	12.35489639	9.705727802	3.431583369	0.595145768	2.953137167	1.775282138	5.181226564	4.69129637	3.880896659	8.364559725	2.461391744	4.298234015	3.501015914	2.459329129	1.922953761	2.069994923	2.721225589
aligned_38075IM5-Total-PL5_B01_01 20200806_000109.raw	228.6186338	520.4451918	121.5951961	27.84686974	25.35755784	8.298100707	2374.673739	2230.914512	1571.146098	485.4368737	596.4826428	115.7703955	21.68195148	23.18451319	3.490044739	14.32120108	7.222854486	109.1198982	596.3113163	16.10813246	16.97526418	21.61030875	2.566916558	3.24336493	1.487439687	2.459562052
aligned_38075IM5-Total-PL5_B02_01 20200806_000110.raw	168.5864031	414.0009214	137.8901928	37.20961258	26.07128896	9.635760601	2695.519039	2533.853715	1310.345806	440.3076047	599.7469155	117.0497149	15.83648169	34.48509484	3.25648419	6.178041639	4.655826011	85.59481092	659.941721	22.82573092	13.12377449	17.84143883	2.401867617	1.993484477	1.455607708	4.829774455
aligned_38075IM5-Total-PL5_B03_01 20200806_000111.raw	194.7539083	284.0257457	117.8966236	51.47548294	45.50325071	15.12735725	2544.732441	2841.355612	1476.414217	909.2218473	917.184878	187.0270116	18.04481389	25.84420349	3.211086414	10.52843109	5.555940773	87.44607276	401.4620988	8.660696088	21.05227065	23.5080871	5.075919909	5.913392898	0.746287775	6.851751496
aligned_38075IM5-Total-PL5_B04_01 20200806_000112.raw	211.1916154	580.1024709	287.861514	88.1733571	105.5476299	30.83119309	2451.850434	2143.610852	2096.379188	1086.636196	1014.010701	361.0572262	11.12701204	63.88043311	7.308023302	8.303466407	6.479751615	92.17986721	497.2323789	17.5296091	19.27829764	41.59443071	8.511181958	7.724189389	1.120302794	8.260080598
aligned_38075IM5-Total-PL5_B05_01 20200806_000113.raw	223.5085015	560.6321522	264.7365759	87.952164	100.9970414	30.68021943	1936.765396	2118.544463	1966.224584	1012.251628	1025.226529	333.7946993	14.2945899	68.34462579	9.303405249	12.01650783	6.616070146	119.1070518	523.2522449	19.87647076	17.87777531	42.30585379	10.5799387	7.51178281	0.992119876	7.075752272
aligned_38075IM5-Total-PL5_B06_01 20200806_000114.raw	222.5757635	411.3240439	128.0407971	41.97070174	41.58084126	12.59531497	3090.285567	2783.576717	1751.713257	840.0377815	1064.295802	211.8760426	11.97989116	22.8863529	6.977755159	9.363950224	5.172700019	108.9136023	406.65009	10.32811409	14.61084534	21.01981682	7.116472788	5.189613197	1.55555072	10.56701449
aligned_38075IM5-Total-PL5_B07_01 20200806_000115.raw	249.8479877	358.7633226	114.1008534	40.63807966	41.7158376	11.59213954	2980.319455	2715.80606	1736.44213	868.338034	879.9653828	212.7588069	11.88549268	26.53101303	7.686142882	11.63621825	6.322927271	100.4785753	408.3701101	8.737362159	17.10389138	22.87531349	8.874352759	2.403395095	2.021391676	6.595114009
aligned_38075IM5-Total-PL5_B08_01 20200806_000116.raw	406.1556488	464.1653845	118.6712803	145.4326631	78.93643607	18.65453371	1530.287804	2055.767518	1929.338158	724.9575665	853.2190201	218.2766167	17.16514775	35.7418329	6.555702885	9.960366599	7.409030035	115.9506376	418.1578993	12.32400876	14.22321587	20.06855015	5.970473484	4.869928018	1.885043457	11.69745412
aligned_38075IM5-Total-PL5_B09_01 20200806_000117.raw	488.7253232	482.5470282	107.8855056	144.7538631	66.16043258	14.20017223	1487.938425	2062.437679	1946.490349	693.8545071	933.2248807	214.1318124	19.33935047	39.94080535	9.116876229	9.069115801	6.599615321	107.315847	415.4238141	13.67735104	14.1358853	20.29153946	4.660544929	4.424930628	1.284323908	8.318567501
aligned_38075IM5-Total-PL5_B10_01 20200806_000118.raw	431.0875281	479.8252557	116.8852988	125.6335621	73.34581726	16.45589772	1706.813648	2163.572675	1954.883767	704.7797165	970.2521884	206.4901733	18.15492915	34.22918478	5.441400028	9.527076226	7.327521517	103.8635533	387.2869568	11.76745787	11.44846921	19.04361734	6.411938185	3.118604941	0.522125814	10.32523039
aligned_38075IM5-Total-PL5_B11_01 20200806_000119.raw	383.5287171	436.3532439	137.1033637	126.9093992	70.08744802	17.09191556	1872.385949	2016.505223	1774.450381	713.2813002	794.9037195	214.3799397	17.38905226	33.32855393	4.784729245	9.858600473	8.924910967	106.2017752	367.9411411	9.134938558	12.18175849	16.60563703	4.975982011	5.075784067	2.039500727	11.44908036
aligned_38075IM5-Total-PL5_B12_01 20200806_000120.raw	416.9933628	432.2793492	129.6805327	121.3694143	77.14160639	18.54020399	1832.342035	2154.623065	1925.55727	724.6895932	866.1380412	171.058188	18.41273442	33.63209636	4.849501287	14.22805742	5.056229039	96.41048952	347.2436826	6.893589086	12.30162997	14.23724966	5.190105647	3.004073441	1.01089426	6.738787243
aligned_38075IM5-Total-PL5_C01_01 20200806_000122.raw	187.1477722	487.7301187	190.4448395	38.52517885	45.35212816	14.99295404	2237.030259	2194.819346	1752.580096	436.4964799	594.797277	162.7396299	11.98328034	44.02497207	3.605036304	7.07545688	4.763894024	91.89599548	447.9227558	13.07130447	13.41875465	23.84580608	1.109529128	2.326394325	1.906512288	3.957123347
aligned_38075IM5-Total-PL5_C02_01 20200806_000123.raw	224.1653906	481.8432942	208.0965757	42.60351611	49.40720363	15.73696997	2353.495395	2394.10482	1776.330032	416.9786364	601.3106781	167.7217004	12.35768446	41.16194142	3.550914704	7.557832466	3.016833281	84.47392494	426.3444265	7.58808581	15.05622118	18.14610402	2.889213137	1.030966668	0.806747556	3.703656091
aligned_38075IM5-Total-PL5_C03_01 20200806_000124.raw	339.0174538	578.8815408	193.2378013	53.49392646	45.40691367	15.79421416	2103.968007	2076.926328	1890.682451	371.1379352	679.9227603	202.3582606	13.2918645	52.92963915	5.787174426	9.965502678	5.82675014	106.0865495	480.3656429	12.03975217	16.42361942	19.09647504	1.44432021	1.327982021	0.934261997	5.848457736
aligned_38075IM5-Total-PL5_C04_01 20200806_000125.raw	339.6283068	680.4951283	180.0573042	69.70949749	62.65719674	14.0048922	1756.860172	1946.276463	1955.488972	428.214861	784.0753301	216.0521432	13.10462462	60.05857399	4.778987777	8.955631098	5.200538903	129.3156793	559.2956924	16.54089657	19.91768093	23.45002163	2.032483895	1.30033206	1.123649286	4.8769858
aligned_38075IM5-Total-PL5_C05_01 20200806_000126.raw	284.265168	613.2515042	290.7738132	91.26275711	98.58794285	24.45639943	1969.480153	1716.824107	2117.968363	985.623188	1096.223951	330.0879387	11.84307004	69.75063769	8.463912217	9.15313013	7.122703792	87.07772761	429.4193562	16.85863669	23.71314545	45.25134341	5.356135927	5.923539989	1.46578231	12.7201829
aligned_38075IM5-Total-PL5_C06_01 20200806_000127.raw	190.493396	431.2639813	200.0981311	51.04946859	63.15809337	12.46733238	2659.10322	2137.005702	2029.553624	898.718164	900.5340936	250.2373099	19.97212508	63.83871423	11.62463053	10.45407122	7.42174163	108.670505	522.573409	16.9323617	24.58823378	28.78015183	9.275889447	7.782742156	1.063733913	14.01257865
aligned_38075IM5-Total-PL5_C07_01 20200806_000128.raw	244.1108931	413.6919898	189.6621983	60.91360627	59.09752123	16.56226499	2588.978756	2037.21132	1998.725249	971.9924933	783.3220264	274.5774863	13.47234362	57.04448974	16.84494807	16.79670334	8.564176088	105.4965447	571.2212426	22.86674625	22.90921575	34.69988339	10.51695283	8.584494343	1.885423164	16.26188727
aligned_38075IM5-Total-PL5_C08_01 20200806_000129.raw	157.7518264	313.5389197	164.7503005	44.45010761	50.53455642	15.48740722	3000.001999	1908.101496	1596.873872	926.9253124	760.6501383	222.4596452	15.61658789	52.86010977	10.50548213	8.543113841	6.09346814	75.57560102	483.2586138	16.94900955	20.90444883	28.32605399	13.63450217	10.640268	1.247608615	14.59477657
aligned_38075IM5-Total-PL5_C09_01 20200806_000130.raw	216.9369048	454.7595224	160.842964	54.08470447	54.02739251	18.05892776	2369.143307	2020.693907	2104.011619	900.5199266	748.1908157	256.1471695	17.90488133	56.15886595	13.80816261	12.71920727	7.971990682	81.72837729	560.521466	18.62022122	16.47227544	32.8689146	9.433746066	4.883319307	0.729679443	19.55360448
aligned_38075IM5-Total-PL5_C10_01 20200806_000131.raw	233.627194	421.0038972	171.5957904	59.29970288	58.97589089	12.79694373	2598.307527	1839.360393	2081.497077	969.4251884	743.7751812	288.8292715	13.22298504	59.73974859	11.71715312	12.268902	7.989266203	83.50645997	554.7190555	16.79795066	20.88012646	34.55748779	8.668532829	7.90180126	1.175175755	20.71387016
aligned_38075IM5-Total-PL5_C11_01 20200806_000132.raw	170.4453516	249.2976766	127.5453151	37.16965212	32.04164123	8.777636594	2877.317115	2264.53208	1821.179934	558.4898636	508.867704	208.2500959	10.92218769	28.25977413	4.334263486	9.648453279	8.78679012	110.7295415	428.8296277	12.20183428	12.08349369	13.02057919	2.319652749	3.590965	0.514823102	6.377345903
aligned_38075IM5-Total-PL5_D01_01 20200806_000134.raw	147.7665701	215.4865618	45.90293284	21.5958579	13.58503761	7.987710394	3552.837305	2629.615778	1242.643876	435.8803979	1032.100108	132.3861772	19.08321272	11.19707726	8.351902073	29.3045179	10.64891043	112.1565806	182.5767731	7.497883817	12.99501588	12.36096768	4.377650384	1.921535406	1.433364793	9.233008
aligned_38075IM5-Total-PL5_D02_01 20200806_000135.raw	154.5104103	226.1931163	43.96689872	20.64314551	15.33155465	8.557625917	3483.212859	2415.492808	1409.306011	457.6823185	960.7218033	139.7145398	18.71110831	12.95557482	8.152311329	24.11888108	9.698244793	142.5796292	213.4437156	8.459627637	15.71925415	13.60358724	5.10688007	3.117004766	1.620195127	10.92832841
aligned_38075IM5-Total-PL5_D03_01 20200806_000136.raw	148.253153	224.6779576	43.32184875	21.84060026	14.67428555	8.417316226	3698.867081	2700.521647	1325.227919	508.5713123	1022.894817	130.9071773	16.4665562	10.64921761	10.1077018	27.99514347	9.392480085	131.0079033	194.8978471	6.533490128	14.07776443	12.73830566	4.569842374	2.850436863	1.089510612	12.35884775
aligned_38075IM5-Total-PL5_D04_01 20200806_000137.raw	123.4152546	221.8276895	47.6777114	18.19149511	14.68028147	6.727484954	3801.539035	2613.815795	1423.771425	531.7600796	1129.883758	139.3079337	17.02812772	11.38918862	8.033062827	28.37482084	12.57472595	112.1749121	163.2227957	6.998149062	13.14169628	15.92605427	3.831089816	2.85737012	1.627848478	12.75765867
aligned_38075IM5-Total-PL5_D05_01 20200806_000138.raw	120.6781052	229.2021823	49.20908479	17.6141818	11.77297815	8.175018835	3958.366303	2906.244192	1286.389463	503.6325646	1131.893822	130.4786098	17.01765975	12.03463048	5.809242015	20.97377659	12.6176171	128.3058845	180.5948656	7.709519324	9.560737911	10.86570201	3.431284815	2.366344276	0.868693792	12.67177035
aligned_38075IM5-Total-PL5_D06_01 20200806_000139.raw	182.3966708	245.6946607	59.22030161	84.07391965	56.49745608	13.12405223	1926.181394	1950.481227	1127.82147	812.4277383	828.4257426	153.0406423	12.42695365	32.61390199	4.433503667	7.723157012	6.090291732	56.32906374	235.512114	4.215453843	15.0125116	18.94026195	9.036294567	4.729182449	0.959517662	5.986707638
aligned_38075IM5-Total-PL5_D07_01 20200806_000140.raw	337.5552213	300.9709063	69.56675478	143.1133373	93.52708805	17.47122224	2183.633983	2460.061605	1516.064506	932.6327371	1049.678091	256.9101227	14.31439771	39.22118893	5.87961119	8.75127455	6.577323612	95.35646698	283.8741853	8.088695723	19.90777462	27.86763559	9.390477981	5.059860165	1.05678052	4.056527143
aligned_38075IM5-Total-PL5_D08_01 20200806_000141.raw	195.3785125	253.6659333	76.7192197	74.35243694	49.80949482	11.12019138	2049.654888	2031.16481	1165.800164	724.108971	796.2503362	151.0766131	8.875128671	22.65608034	6.167712319	7.747076851	5.190257313	71.04146955	244.9694599	4.833494377	13.22617079	11.80777976	7.606843016	4.840711095	0.440925661	5.655062152
aligned_38075IM5-Total-PL5_D09_01 20200806_000142.raw	191.8263358	231.1561512	75.74086273	88.22628095	51.46676073	10.91023753	2055.423495	2147.010453	1130.156291	674.6747065	681.6382151	135.2146788	8.646389008	22.50987099	5.562801236	6.489328003	4.090494939	65.11420348	213.3099941	5.772951575	9.854912133	14.65525849	4.977464035	3.296815588	1.350744519	2.231452295
aligned_38075IM5-Total-PL5_D10_01 20200806_000143.raw	204.5720357	251.6851624	73.23806584	81.23641049	55.96070431	11.56298019	1878.203056	2028.27335	1152.910052	701.4982684	697.9051242	135.8231959	10.14582034	20.24582733	3.517695806	7.434037851	5.259460089	54.55897278	204.1258669	3.614694066	10.68470434	10.18999279	2.872975244	2.49941305	0.550194128	2.112098564
aligned_38075IM5-Total-PL5_D11_01 20200806_000144.raw	4.77286879	4.466349599	3.837448396	1.740917686	0.858497516	0.169665049	94.10158108	100.6036901	38.91551576	9.46249922	7.826224556	3.201325431	0.482795353	0.956603338	4.563661203	6.102927418	4.844213742	2.203984636	5.984242254	2.315377158	4.408100799	2.967233454	0.890824056	1.61581227	1.060532099	1.931584382
aligned_38075IM5-Total-PL5_E01_01 20200806_000149.raw	221.2281283	359.750381	87.57979161	46.56189738	35.54147359	11.9931136	2425.694205	2399.918175	1984.36674	753.2023575	823.355056	238.4381535	18.23678018	32.24706924	9.089409789	11.81800025	8.563001725	104.7859729	404.0136499	12.16888881	14.49919546	23.5139708	9.372033994	5.297938397	0.953408873	14.55571185
aligned_38075IM5-Total-PL5_E02_01 20200806_000150.raw	141.0143997	186.0958335	86.20200974	32.34956027	33.68895806	11.42423641	2623.150044	2242.087618	1610.898324	855.0632047	783.8085549	183.4506678	17.48009904	32.12828353	10.69460315	7.94401161	3.4566756	67.21606046	325.0489509	8.798065658	14.71031638	18.18146649	5.096024734	4.549655196	1.001515455	9.50698859
aligned_38075IM5-Total-PL5_E03_01 20200806_000151.raw	218.2643568	277.8212321	100.9674235	43.1086235	33.82127831	8.974518824	2621.613331	2270.986016	1961.353076	923.2123659	815.1906828	236.8297763	16.1258777	34.33411178	7.677559842	9.391922404	4.37406062	88.58275422	433.635764	13.42098429	15.46876206	25.06646908	7.796355413	5.960253628	1.07034543	12.10274506
aligned_38075IM5-Total-PL5_E04_01 20200806_000152.raw	243.6693881	333.6892814	96.17446125	42.04324097	35.55610946	8.985896883	2730.944063	2334.145192	1929.275945	826.8648784	832.6902605	255.456012	19.39493171	34.05743074	6.943422589	10.34108937	7.977952276	98.80399415	412.2986475	9.674297576	16.40798474	24.67129105	10.48410942	5.128039327	1.036565715	12.4018182
aligned_38075IM5-Total-PL5_E05_01 20200806_000153.raw	236.1470363	343.9335873	98.460372	47.97527176	37.70776504	10.62502616	2398.370482	2117.553475	2009.528134	741.2340627	864.3489932	263.1251316	19.90721403	35.23203493	12.90710833	16.08814143	6.93251228	106.7986651	457.8046037	19.30087923	18.46240712	27.9475431	9.658992877	6.551268831	0.587994097	16.29590034
aligned_38075IM5-Total-PL5_E06_01 20200806_000154.raw	179.7400563	218.0421688	95.85060366	34.39412683	39.57739981	6.773306709	2464.166184	2359.042398	1902.319146	487.9130741	531.7042118	165.0931099	14.87514334	27.30793998	8.114848691	10.00839773	4.438469562	63.58907138	393.8430196	8.719564466	16.54746387	14.84699611	8.43146212	3.497966855	0.866854484	7.34889772
aligned_38075IM5-Total-PL5_E07_01 20200806_000155.raw	208.3054407	260.3404502	94.9646652	48.01619325	34.59777387	8.533611713	2243.257088	2396.025191	2028.181163	507.0678194	638.1235149	184.3547864	15.71582387	35.34429276	5.53293383	10.59861969	5.862853186	69.79436358	531.9543664	13.16640416	12.80102521	20.09969455	7.254449691	3.246265816	2.195055827	12.95638113
aligned_38075IM5-Total-PL5_E08_01 20200806_000156.raw	263.7602538	322.3543597	109.8010088	56.11031648	45.10061139	10.94671912	2708.599722	2422.940025	2065.809734	646.0685949	678.1287236	232.2034153	17.88827064	37.37369508	9.186493652	14.59571766	7.324699209	105.7783017	615.7996111	14.98410633	11.77722455	26.83419586	15.08487753	6.17480349	0.938537413	13.61282791
aligned_38075IM5-Total-PL5_E09_01 20200806_000157.raw	191.3851377	264.6234289	108.8931632	45.69432086	37.37126695	7.525506989	2565.438809	2532.387184	1988.465493	637.4111646	710.5785924	211.1321932	17.17779715	34.65264972	7.631497297	9.864234371	4.280818944	102.5246052	568.5780569	17.54651931	15.51014633	26.72529769	9.301919279	5.319301381	0.501228122	12.41249781
aligned_38075IM5-Total-PL5_E10_01 20200806_000158.raw	223.7579931	334.3733652	102.112127	53.5189049	43.03788524	9.768606382	2759.887125	2363.774407	2002.160063	582.9109781	728.5694386	206.6355201	16.98511834	42.18939406	10.65948598	10.86930206	5.657269139	101.071859	536.4868768	14.60876212	18.30101648	24.23557589	9.444502743	5.327076834	1.535379023	10.66342644
aligned_38075IM5-Total-PL5_E11_01 20200806_000159.raw	103.6936757	143.3091084	105.4513676	18.86772152	23.36564918	6.064055723	2486.093501	1918.902474	1383.587305	504.809089	502.2623598	126.7204176	7.882897736	29.12687274	7.454041448	6.88194356	4.208203221	90.99213855	382.8512659	13.16179142	8.262755655	15.442809	4.025643163	2.470217534	1.020322477	3.920584669
aligned_38075IM5-Total-PL5_F01_01 20200806_000161.raw	148.9340766	321.4571816	164.0039067	26.29138338	27.59777843	10.46490361	2561.294012	2411.588581	2145.673096	534.384764	629.5978128	232.3881347	14.6586404	41.38463486	8.110516737	13.91383347	9.333950812	98.76210835	709.3182482	27.45331861	17.29797616	28.99241711	3.165810389	3.514777732	1.184699923	10.84585418
aligned_38075IM5-Total-PL5_F02_01 20200806_000162.raw	231.6905738	427.2851323	196.1657732	37.65613709	36.06235674	9.671840817	2636.003859	2436.236492	2366.34478	516.9682193	734.8902844	258.0283354	14.70899951	49.77816797	9.478055879	10.70813609	6.487493752	132.3975557	874.5445081	32.42867942	19.12845438	35.3511276	5.147792975	3.999514446	1.914143575	16.82178178
aligned_38075IM5-Total-PL5_F03_01 20200806_000163.raw	201.4805702	469.8787445	194.7534256	38.70077995	32.66017815	11.71687878	2334.735077	2292.58691	2326.538108	488.3003009	618.5546088	258.2691453	13.99247731	54.07082117	11.27751867	13.80121624	6.812018334	93.60476972	808.5753663	31.51117626	16.23449203	42.85671857	4.362975046	3.352695931	1.154481248	20.14245083
aligned_38075IM5-Total-PL5_F04_01 20200806_000164.raw	143.5853447	347.6787192	203.4664413	32.45080386	31.84401105	11.77379811	2547.957519	2658.477207	2235.719841	529.3738279	647.885143	226.1693714	10.54895777	46.39942355	10.70659741	10.52814976	5.396691535	135.4948027	793.0499466	32.18639275	15.86374205	29.19547594	2.445169446	3.280221267	0.899330774	11.68493932
aligned_38075IM5-Total-PL5_F05_01 20200806_000165.raw	217.2331106	399.7110005	173.6919701	38.80408212	33.98997632	10.08605426	2257.593591	2170.761077	2237.323805	462.7800286	621.2163319	271.5918336	15.69274167	56.83267817	11.67189731	12.54525129	7.654033985	121.9005452	798.4103009	37.75423458	14.69458198	39.73415095	3.542960574	2.927444387	1.315453715	16.20622688
aligned_38075IM5-Total-PL5_F06_01 20200806_000166.raw	201.968124	389.1407032	278.6947378	37.74183689	56.13570187	13.70021752	1500.759885	1696.018937	2158.884698	430.2986958	514.7711113	216.619382	11.76604885	66.86054971	11.44992626	9.586896828	6.723449938	52.5882966	428.5897845	8.054857265	10.8777473	16.59777755	5.650570231	6.374586591	1.093386499	17.48352583
aligned_38075IM5-Total-PL5_F07_01 20200806_000167.raw	222.669391	423.5737885	273.8282564	40.12809262	53.44515318	16.29568957	1512.092586	1524.066819	1917.65649	421.9142936	505.5345807	191.0415999	13.25704026	55.00653719	12.54078079	10.12713309	6.674032403	55.5216923	434.6472089	10.67388412	9.042182872	19.17404497	6.611517339	5.111656995	2.279887667	18.41400719
aligned_38075IM5-Total-PL5_F08_01 20200806_000168.raw	160.8683873	351.0357927	228.8908504	32.79241673	47.55781041	12.95306334	1534.982221	1805.909921	1768.259243	408.956948	489.6243616	191.3312942	10.93202292	58.62426157	8.771861393	6.5778544	5.672487073	52.09141726	380.3102259	6.565474956	10.1692323	16.79274243	3.701263975	4.988705024	0.844404024	15.97141449
aligned_38075IM5-Total-PL5_F09_01 20200806_000169.raw	103.8789684	214.9047533	176.9773379	19.29800277	33.18088729	7.946768097	1247.279892	1479.533462	1463.416898	281.6400535	305.7819997	127.1505463	8.570364056	40.53052802	7.747006682	6.262315482	7.185454062	32.97477054	291.0356117	6.228099513	5.629320287	11.57796555	2.775580878	3.639094934	1.66087143	7.017385657
aligned_38075IM5-Total-PL5_F10_01 20200806_000170.raw	204.7879633	399.1486716	280.9391652	44.31344712	54.88014277	18.67698794	1598.731777	1617.058414	1788.367911	395.3030442	506.2334585	204.5229865	10.36813117	61.52021779	17.13164413	8.288535158	6.100389646	63.10312136	453.8868236	15.68903789	11.19471952	17.57766722	4.116556797	6.472716012	0.512490871	21.98375245
aligned_38075IM5-Total-PL5_F11_01 20200806_000171.raw	4.23934298	3.433915355	3.468764517	0.565714203	0.405604446	0.861272069	71.79842585	82.86671318	37.15132214	9.672113668	11.08487425	1.935179953	0.786953851	1.077797478	5.059538593	4.488340222	6.457744049	1.439425577	9.148469955	2.637637651	3.627682219	3.626605791	0.495155835	0.833322053	0.629018089	1.892075695
aligned_38075IM5-Total-PL5_G01_01 20200806_000173.raw	196.9047556	279.0953268	178.436896	43.17249341	44.19991007	11.79059551	1731.544948	1911.440823	1492.233503	274.0937427	519.3957684	125.5610124	8.586052874	27.66251023	4.817764024	7.468821173	6.572813895	67.77194353	281.9540508	9.356908693	8.156480487	8.695959816	2.408875628	1.323474983	0.769006316	2.955097238
aligned_38075IM5-Total-PL5_G02_01 20200806_000174.raw	334.015179	566.9275304	219.2129425	85.78069637	72.23006883	20.6935947	1574.130791	1727.127659	1896.183266	448.0711269	692.0482895	235.0800396	14.32193713	45.88026798	4.910437753	15.12199161	8.260179243	106.5746641	460.1125644	15.50754704	10.80864633	22.42973804	2.492342885	4.092188893	0.654582895	5.403710849
aligned_38075IM5-Total-PL5_G03_01 20200806_000175.raw	402.4169731	625.0776085	235.3403655	94.86185883	84.04668535	20.29017867	1677.965895	1662.198273	1999.678623	462.5193514	746.9339949	250.0365902	16.02594782	70.40360151	6.997511209	13.94803149	7.332202042	107.4875492	535.3291085	15.76616412	18.53586641	30.439583	3.420158905	3.37748345	1.698049782	7.242719564
aligned_38075IM5-Total-PL5_G04_01 20200806_000176.raw	347.0139729	649.6540796	215.7653016	99.22806927	85.60326864	21.76638015	1502.741852	1915.329197	2091.459257	521.2540566	791.1371299	228.1019975	17.51942354	68.98352767	5.165289896	14.77612421	8.057456933	88.03619186	526.0280452	25.60893372	14.5371587	26.8686672	4.406420138	3.66781243	1.639323805	11.30358697
aligned_38075IM5-Total-PL5_G05_01 20200806_000177.raw	323.0354576	634.9638879	252.3981516	81.75066105	85.010416	24.25265363	2137.828564	2458.781985	2132.82299	519.0074179	786.3868868	251.2904894	15.51873507	65.56741208	8.267507943	10.71232539	5.546462975	119.2658939	542.503802	20.35184898	14.37424522	20.97693918	6.161188577	3.152887047	1.232255927	6.550698922
aligned_38075IM5-Total-PL5_G06_01 20200806_000178.raw	42.81490909	60.52607781	40.08962801	6.670632133	7.198589333	3.02763697	1072.652148	1297.283434	767.5765806	137.6771413	169.9687159	48.85043294	4.682349304	8.738817313	4.347218216	4.789616425	5.266802745	36.52156459	205.5316277	3.888318263	3.627869344	4.910010303	0.230919418	2.067171356	0.263598291	3.313244193
																										
S/N (3+)	IgGI1H3N4	IgGI1H4N4	IgGI1H5N4	IgGI1H3N5	IgGI1H4N5	IgGI1H5N5	IgGI1H3N4F1	IgGI1H4N4F1	IgGI1H5N4F1	IgGI1H3N5F1	IgGI1H4N5F1	IgGI1H5N5F1	IgGI1H4N4S1	IgGI1H5N4S1	IgGI1H5N4S2	IgGI1H4N5S1	IgGI1H5N5S1	IgGI1H4N4F1S1	IgGI1H5N4F1S1	IgGI1H5N4F1S2	IgGI1H4N5F1S1	IgGI1H5N5F1S1	IgGI1H4N5F2	IgGI1H5N5F2	IgGI1H4N4F2S1	IgGI1H5N4F2S1
Fraction	0.978335887	0.973446769	0.967959697	0.972130484	0.966475822	0.960210759	0.973817224	0.968364975	0.962305248	0.966891046	0.960660177	0.953814889	0.96321064	0.956622851	0.979382475	0.954828344	0.981262795	0.957089849	0.982337811	0.975829405	0.981505389	0.977914576	0.954296081	0.981012967	0.950420079	0.979115684
Monoisotopic Mass	[830.3351937513213]	[884.3528081559174]	[938.3704218821171]	[898.0283205855271]	[952.0459343976877]	[1006.0635476331855]	[879.0211698342883]	[933.0387835681089]	[987.0563967221351]	[946.7142960846386]	[1000.7319093267096]	[1054.7495220706355]	[981.3846184674943]	[1035.4022314469785]	[1132.434040354303]	[1049.077744225187]	[1103.0953568211567]	[1030.070593143502]	[1084.0882056651824]	[1181.120014074212]	[1097.7637185238575]	[1151.7813307206313]	[1049.4178837699544]	[1103.4354960864405]	[1078.7565673671827]	[1132.774179489499]
alignedLin_38075IM5-Spike-PL4_F04_01 20200803_000068.raw	11.26315927	1.769899963	9.292916802	7.928531325	0.783905782	121.7030108	6.371547423	9.697681812	18.11855519	0.659188305		1.487531873	3.339569584	6.213447535	8.384391918	0.516592873	15.56113663	0.450713245	2.953402048	2.435946412		0.288724721	9.539494277	8.415151879		0.078123404
alignedLin_38075IM5-Spike-PL4_H01_01 20200803_000091.raw	6.813617199	2.536256389	2.501465898	1.796980344	1.319815922	17.29628568	61.95981617	76.37428882	14.60940899	19.51187972	3.044512341	3.365783765	5.833789504	4.985145257	5.086260849	1.842936637	8.392617752	9.078306169	18.37863108	3.957508384		0.390162972	11.25034522	8.446397683	0.146130924	
alignedLin_38075IM5-Spike-PL4_H04_01 20200803_000094.raw	9.907542731	1.848258354	4.442497531	2.666855226	1.720949148	27.82518062	14.83358498	17.46844554	9.484719295	8.90050334	1.518011158	3.041372436	3.515466318	6.111657467	6.086207161	0.501222907	5.334485842	1.134520533	5.067292556	3.026182394		0.12129547	13.15767598	5.259432256	0.72255848	
alignedLin_38075IM5-Spike-PL5_A11_01 20200804_000015.raw	6.341242993	4.572502626	67.41467456	747.7302893	12.14678366	127.0957969	39.06137951	41.79502979	17.1365666	4.273340808	1.83285436	3.635838952	2.410588144	13.81433849	6.845363961	0.490132944	26.43561736	2.70530552	8.20430837	2.870795915		0.85811403	7.7901746	12.88069906	2.284671316	0.850732114
alignedLin_38075IM5-Spike-PL5_B11_01 20200804_000027.raw	5.757652436	6.112703736	5.597231448	5.455785939	7.822442948	137.0616554	38.65954951	55.48055136	20.62242329	28.35761066	1.345602681	46.65601919	4.392392585	11.4908098	6.724327928	1.660570603	31.78470736	3.468449946	6.166410378	4.23466159		0.966331523	6.816221114	17.19948629	2.993026691	1.026412203
alignedLin_38075IM5-Spike-PL5_C03_01 20200804_000032.raw	9.868909672	2.738084408	18.79741617	5.642918556	10.41753253	98.96192615	39.87108622	59.77477642	23.53037658	20.93923168	2.184055248	25.08479109	2.305140611	19.83984427	6.926975696	2.07194246	19.36871976	4.631465991	12.20648042	5.153781853	0.021601384	2.604949388	6.531185763	12.81630901	1.912207985	0.653935498
alignedLin_38075IM5-Spike-PL5_C10_01 20200804_000039.raw	4.87605564	4.171994839	11.30573124	8.2175479	8.762672359	137.9204278	40.91427669	73.96995962	21.53106999	24.49599359	1.541840525	31.62606459	6.190786144	15.79711119	5.919759619	1.079785682	32.76473378	3.625367578	6.977265935	2.600941999		2.615634243	8.222793921	17.80812071	1.805707609	1.011899394
alignedLin_38075IM5-Spike-PL5_D01_01 20200804_000042.raw	6.701867153	4.598430804	13.31744388	6.559368246	6.363736229	83.65105829	36.94353549	42.18093599	21.71997951	11.73994265	2.2138362	32.62528653	3.636489009	14.03969812	3.952475576	1.281649353	29.56146203	3.133114416	8.210529648	2.574832439		1.778381569	5.016554852	15.65789597	2.782757529	0.428195589
alignedLin_38075IM5-Spike-PL5_D09_01 20200804_000050.raw	5.21263078	5.613376653	8.406667817	5.185360578	10.28575782	125.872659	49.38231497	65.52713941	23.88080861	27.14662792	1.930456017	39.60412156	2.175418167	17.72782956	4.956259745	1.130547625	29.00593354	3.806372219	6.910799023	3.277520304		0.826095757	6.194950649	18.35887312	2.034007317	0.532381712
alignedLin_38075IM5-Spike-PL5_D11_01 20200804_000052.raw	7.488091516	4.025699978	9.442126804	11.20780211	1.119312638	153.2369635	31.98548491	93.97828285	14.13463197	3.719670807	1.573888522	2.460194938	2.739616458	9.054596669	6.36048035	0.330406322	29.56633893	2.656937662	6.76202139	2.651834207		0.849379156	5.688719798	15.50179693	0.523142657	1.107555152
alignedLin_38075IM5-Spike-PL5_E04_01 20200804_000060.raw	9.470289267	3.652790477	21.66994686	7.694465565	8.31712721	80.61963078	62.1814939	59.02026106	19.53599875	14.8751843	1.920776839	16.84028537	2.28457557	24.12831578	4.388470877	0.893731136	29.26834874	3.576292964	7.742907567	3.073229684		1.848862742	7.267636729	16.31593935	1.126828934	1.044563795
alignedLin_38075IM5-Spike-PL5_E09_01 20200804_000065.raw	5.995060022	5.493328462	11.68423626	5.101157145	8.165327974	81.93161325	39.95780228	59.53732595	23.92900151	24.08092094	1.573115987	54.38078331	4.201429908	13.42915535	5.227232918	1.55747078	33.60418064	4.437853	6.776686402	2.714907648	0.179121663	1.452477211	6.218409348	18.05677742	1.803524836	1.537092033
alignedLin_38075IM5-Spike-PL5_G02_02 20200804_000087.raw	8.338557146	11.40813136	13.66590271	17.15557977	12.36638208	63.92330183	35.0273079	79.09979318	28.10896402	29.96558396	3.431759226	17.34989972	2.013144229	14.63300255	4.498001631	1.035073451	16.87721786	6.418709225	10.15785654	3.688183347	0.020533801	2.326823941	5.875379237	9.227280487	0.888583395	0.981162187
aligned_38075IM5-Spike-PL4_A01_01 20200803_000005.raw	305.1075958	166.2434273	105.7027012	29.73205823	34.49164447	43.48725828	2197.349448	5450.641895	1281.582909	616.7458641	161.1332374	66.7403915	7.281899159	34.72034869	3.442470225	0.009633092	12.20909756	487.1702436	487.5883982	14.65811384	8.365153176	19.39172332	2.1317642	7.153814256	2.835360363	0.300754842
aligned_38075IM5-Spike-PL4_A02_01 20200803_000006.raw	383.4279785	178.8382815	94.4039562	38.1495841	31.4309521	32.00525725	3038.398228	6687.979279	1491.026824	704.4628127	253.3204123	82.77076898	8.460792354	40.20842174	2.916037779	0.233386306	8.256622644	567.1145225	564.9684275	26.31842038	12.53774297	25.06836963	1.829485574	6.181099385	1.405058141	0.458171408
aligned_38075IM5-Spike-PL4_A03_01 20200803_000007.raw	341.6702492	180.0839903	100.1667329	70.31317961	38.60626432	27.85742985	2407.205871	6958.901008	1748.211819	866.4376011	320.5002025	101.0633529	9.151513855	39.53285856	4.111466146	0.067790598	7.636744712	613.4744086	647.6969921	34.92546609	15.13064238	34.49964333	3.00433552	5.797135379	2.389065039	0.323822376
aligned_38075IM5-Spike-PL4_A04_01 20200803_000008.raw	503.9526787	260.3711015	120.3120399	87.93398679	56.41094377	35.37918919	1908.181564	6590.515597	1374.055121	950.1248194	263.528376	91.61375987	10.74311248	74.93786558	3.978678994		10.01446278	757.9284988	799.215994	39.82588098	17.49241105	33.72353514	2.129372133	7.149661348	2.599400981	1.462268073
aligned_38075IM5-Spike-PL4_A05_01 20200803_000009.raw	409.7508597	270.1518414	125.9420838	78.59724326	48.39867666	34.77104032	1744.96915	6216.373824	1244.496653	950.4385232	281.1046204	76.70448624	9.814886599	66.17419714	3.230427949	0.141208531	9.576568024	751.3507035	869.3009058	44.19578741	17.66300625	36.84622964	2.482289153	7.022049093	2.730067566	2.04492285
aligned_38075IM5-Spike-PL4_A06_01 20200803_000010.raw	18.60059071	2.071245714	33.81416497	545.5873927	6.493264409	38.35068164	18.6763336	14.8156681	9.511256506	3.023172504	0.705533918	8.426056514	1.938616536	11.99435359	5.675772053	0.609305782	13.38927303	1.270528389	3.261261076	2.66947873		0.864903684	9.244307434	6.890857612	1.387567964	0.450830602
aligned_38075IM5-Spike-PL4_A07_01 20200803_000011.raw	6.718135715	1.641502853	6.886771102	3.647068807	0.667709535	53.57232844	177.921899	45.71573201	10.03858481	24.97477698	1.600165337	4.814324772	2.444201718	7.083024665	6.333614481	1.205991328	11.09482342	3.423344345	2.589679865	3.075272985		1.207378255	8.546890044	7.573660986	0.267068645	0.257239924
aligned_38075IM5-Spike-PL4_A08_01 20200803_000012.raw	350.909168	232.3360593	182.8163064	18.62100096	20.62425672	25.48733595	5052.145785	11456.37625	3494.712479	254.3135471	246.8812351	158.9435938	7.620845216	87.41786103	1.984285044	0.368405081	7.430093608	990.3162185	2364.070137	100.6901151	15.37370188	41.9863365	2.682702467	5.526537549	1.971868991	1.678234788
aligned_38075IM5-Spike-PL4_A09_01 20200803_000013.raw	346.0893655	233.4248915	156.0542033	21.48025808	22.39350839	27.79867139	1028.212273	10508.61422	3233.069952	292.5162623	286.4962083	180.3168687	7.824177703	83.14660465	1.873903392	0.575910834	7.737758901	853.8560857	2411.565034	98.43197914	19.11087221	46.26840846	2.593017377	5.511838806	1.285199505	0.663499223
aligned_38075IM5-Spike-PL4_A10_01 20200803_000014.raw	344.1130032	208.1026964	166.8689628	27.46506985	23.77003636	17.30202457	1064.680066	12005.19685	3260.900604	284.4436122	298.9055586	170.2921245	13.59865053	85.55224475	2.255292461	0.088644086	7.197202918	883.8638236	2253.162805	96.30331651	19.54142139	48.46907149	2.921184658	4.863412564	2.460721054	1.250818907
aligned_38075IM5-Spike-PL4_A11_01 20200803_000015.raw	1201.799467	1318.329257	530.365609	317.0830128	301.9456231	87.43152328	1041.112972	12248.76034	2473.561276	1458.376754	1878.597723	735.1545416	85.04689047	463.7306424	83.10299241	24.88319816	14.44844334	1221.502478	7428.168939	157.4470838	61.83942844	313.1916781	23.42190088	18.04037882	0.29950651	108.915323
aligned_38075IM5-Spike-PL4_A12_01 20200803_000016.raw	1228.47105	1368.261952	575.4807275	338.8904518	316.9572864	82.84356126	1180.00421	12390.85083	2418.322912	1481.376707	1890.986885	696.4758037	67.5927193	457.4619038	87.25901056	25.59973782	14.20283488	1245.204349	6850.73996	119.5500416	45.5774316	274.774753	24.70487197	16.63257807	0.66618456	109.8144092
aligned_38075IM5-Spike-PL4_B01_01 20200803_000018.raw	146.9999492	115.8960544	118.3134754	25.58380864	14.40070573	21.86537725	1536.583853	7816.532926	1651.58819	395.3563442	234.9386543	100.4218524	12.85704189	43.56590489	6.545730981		7.699397374	628.0598556	846.7908858	31.13082212	9.076713204	22.74295276	3.00285289	5.888420542	1.978245405	1.018630918
aligned_38075IM5-Spike-PL4_B02_01 20200803_000019.raw	156.3873163	124.0615382	97.67131938	10.41543539	12.63507092	23.99774588	1522.742061	9047.26798	1646.137309	443.0884708	241.8000131	121.0474014	12.32011106	36.50593414	7.026397598		9.849179112	666.6880643	779.5364446	25.70318365	10.07509451	20.73318071	3.287633518	5.197372736	2.069389797	0.810987307
aligned_38075IM5-Spike-PL4_B03_01 20200803_000020.raw	110.7989189	91.46013183	84.72707892	9.592603887	17.11203089	23.597943	1334.903037	6876.450398	1551.179728	498.5921656	181.9083715	105.7232784	9.025738677	29.4817351	5.988105435	0.029781758	8.956716048	461.1904402	531.8109342	19.42070048	7.495312512	21.02185917	3.577471568	5.687170838	2.179101587	0.052626535
aligned_38075IM5-Spike-PL4_B04_02 20200803_000101.raw	112.3613531	111.3603061	113.1216945	16.05858271	18.29003907	42.03647929	1707.21844	4126.202855	1352.436591	276.978507	155.4412937	83.59921818	7.315934111	20.85431403	5.094648504	0.057393861	9.696937541	359.4114838	530.2158731	16.73744221	5.289866912	13.85220831	2.792289371	6.674036517	0.771859716	0.357849424
aligned_38075IM5-Spike-PL4_B05_01 20200803_000022.raw	78.76532041	72.24641217	59.26988646	9.025695556	10.53436464	22.40980407	1332.249253	5766.550277	1502.324662	466.6786742	189.9384364	94.6421579	8.33522795	24.77851662	6.441732845	0.168580251	5.628399471	361.0507835	555.862364	21.56503529	6.902930171	22.46883749	4.684737261	4.92232688	1.551671841	0.530536327
aligned_38075IM5-Spike-PL4_B06_01 20200803_000023.raw	276.1016022	144.0107003	93.92803324	12.2980328	17.1071786	21.83264874	2035.618005	8735.114682	2587.212233	538.3046688	304.6060119	135.3139524	8.226412745	55.57958662	2.591249484	0.216090439	6.717636133	883.1537251	1115.982576	73.51244612	20.7044935	40.11021332	1.730292736	4.130790668	1.08193708	0.57232619
aligned_38075IM5-Spike-PL4_B07_01 20200803_000024.raw	199.5763569	126.9850525	109.8023441	8.617348942	19.14433636	36.54305619	1270.372844	6307.590253	1834.125217	418.1199943	149.3957065	88.55795906	9.423935044	37.82913374	3.391982411		10.24500953	601.1365253	803.3509769	36.68642977	9.312567305	25.08959394	2.150979504	6.942379708	3.750537981	0.639614623
aligned_38075IM5-Spike-PL4_B08_01 20200803_000025.raw	101.2564188	82.90555017	76.86408255	5.513479478	14.63482634	30.84344672	1286.005037	5511.137972	1475.272872	373.5947067	99.67652347	66.53248717	4.271748708	35.7852871	4.449298209		8.374563149	496.5075418	524.3244878	29.70466054	6.988287301	15.91906167	3.479746764	5.598685579	2.528581261	0.379772677
aligned_38075IM5-Spike-PL4_B09_01 20200803_000026.raw	59.00746806	59.57085888	70.87388429	3.857924158	12.78218717	38.47530548	3362.666174	3827.429366	1049.297405	321.6641491	61.5251049	51.88023134	6.546557866	27.66950204	6.27896585	0.136358739	10.17799181	320.5719969	353.8223512	16.3036961	3.672720161	11.88907096	4.691317711	7.00594441	1.724054843	0.466393483
aligned_38075IM5-Spike-PL4_B10_01 20200803_000027.raw	10.78667924	2.763078487	5.474601	1.826472393	0.3515709	24.28617449	15.29026922	14.72866881	7.026336016	1.225966892	0.482828505	1.049062794	5.013190739	5.570743335	7.530663989	0.159231934	5.180894346	0.329097596	1.543363731	2.971533529		0.55888982	10.25871239	4.388872908	1.241119442	0.658557537
aligned_38075IM5-Spike-PL4_C01_01 20200803_000029.raw	15.52061357	30.38948972	68.06810864	1.551004671	5.58139068	35.19344017	2301.438163	5442.192771	604.1989188	216.2753202	109.677153	71.28470496	12.94713438	19.98148194	4.283074101	0.740249121	9.955668715	235.41207	554.8349859	21.15516081	6.378053422	16.23282242	4.472782752	6.744911737	1.754346458	0.117604496
aligned_38075IM5-Spike-PL4_C02_01 20200803_000030.raw	13.88487597	25.43319267	66.75252552	1.825157937	7.686689861	28.44738719	1820.920026	4756.731939	302.5112458	226.5697879	113.0171901	75.59592739	15.93352846	18.37179607	4.967914742	0.152196834	10.29086422	145.7245285	485.0215633	19.87106269	6.708618568	15.98065539	4.572038354	6.027837504	2.121112968	
aligned_38075IM5-Spike-PL4_C03_01 20200803_000031.raw	14.378787	26.12587169	80.58305128	2.173662113	9.996716695	28.28502501	2028.468641	4759.400247	572.0081839	288.9217308	146.9086387	104.3419025	7.876605073	17.4791145	5.564920297		11.45458942	189.3112502	569.6445574	25.11887243	8.444254734	25.93391456	4.095863173	6.750940151	2.313003875	0.088817493
aligned_38075IM5-Spike-PL4_C04_01 20200803_000032.raw	16.63483883	36.9496006	53.63797581	3.337779117	19.11716402	13.28047391	2602.160605	6472.005205	1443.198966	337.1353286	338.1652797	174.6787336	4.261848752	20.44689451	3.794928408	0.223018375	5.453746345	485.0219379	817.8290762	48.5762324	18.07340051	40.43022872	3.500727809	4.981635093	1.08899644	0.212945454
aligned_38075IM5-Spike-PL4_C05_01 20200803_000033.raw	13.74999336	26.33762598	89.35648086	2.388010246	16.45055411	29.65448494	1677.208119	3770.411099	399.013923	248.5454032	159.6333519	116.0058722	4.285559528	22.32229874	5.196887757	0.323632968	9.623018002	193.3281221	518.5176078	21.06451495	7.822624147	23.20703886	4.9273719	6.900115875	2.011280756	0.215191933
aligned_38075IM5-Spike-PL4_C06_01 20200803_000034.raw	24.46460347	34.53074612	47.34082099	1.425343825	8.484795069	26.57439923	1318.59854	2412.936271	632.6247088	128.3726227	76.50959293	60.66748943	10.02473621	21.02346311	6.180617267		9.885692359	226.7652048	470.1863992	15.77461989	5.226197218	13.7438613	6.197929566	6.453067313	2.262288617	
aligned_38075IM5-Spike-PL4_C07_01 20200803_000035.raw	32.83348251	52.61207194	58.18821663	2.143277369	9.07173745	24.60339155	1921.079706	3787.941009	1880.331225	132.475073	124.354191	82.92295468	12.8285414	24.10249367	5.359216154		9.559069349	397.2569053	525.2293828	22.53773839	8.187895416	24.99760656	4.076753399	6.792338101	2.252825769	0.112413363
aligned_38075IM5-Spike-PL4_C08_01 20200803_000036.raw	37.8855277	55.91055144	51.58279746	2.275188507	13.13292024	18.33318209	1866.822332	3743.790165	1270.234732	164.1234346	177.0758851	97.7549495	6.828807825	24.43105602	6.724230037		6.659860143	435.0537827	666.6806096	26.92503987	11.99735306	31.08384654	4.211613882	5.107285494	1.517905041	0.301171153
aligned_38075IM5-Spike-PL4_C09_01 20200803_000037.raw	9.150896808	2.409435638	7.647920335	1.702545181	0.177551056	45.78476962	4.583332408	8.822406574	10.08184178	1.296764876	0.114188799	0.559444351	5.636427052	6.880822631	6.592865274	0.154976194	6.986594465	0.213213418	1.780842914	2.885683373		0.245306382	11.05292158	5.709069271	1.215416851	0.081494229
aligned_38075IM5-Spike-PL4_D01_01 20200803_000039.raw	75.09890329	72.9483443	65.66300138	5.556624851	21.53940674	19.9653979	3298.99554	5085.849625	3472.234707	437.820085	360.7316077	195.4959643	4.278415074	22.44725138	3.544983452	0.321632472	6.048223847	614.3546802	927.0125843	43.83579536	19.00829354	48.65702417	2.970496665	5.153762367	1.003110453	0.768460915
aligned_38075IM5-Spike-PL4_D02_01 20200803_000040.raw	8.286704794	2.705951073	4.468341914	3.18319845	1.586370999	21.0241442	7.073354274	10.03241896	8.68449769	0.603638859	0.580832529	4.388467126	3.380427353	8.745408236	6.81629498		5.041690034	0.521782568	1.516638782	2.794422686		0.296421511	10.91273169	4.345034131	1.03088262	0.423589256
aligned_38075IM5-Spike-PL4_D03_01 20200803_000041.raw	601.9588538	383.5784643	162.3809776	33.26669377	50.69322675	28.38364523	2268.605495	5172.733341	1947.491574	161.0948909	124.8472262	68.17679212	18.2394554	102.5388112	5.227671692	0.27768932	8.722977713	385.9931858	452.8587969	18.53507135	5.127705606	16.02341192	4.091006255	6.358404485	2.238967066	1.379844073
aligned_38075IM5-Spike-PL4_D04_01 20200803_000042.raw	604.6130608	417.5426121	164.3848986	40.2446308	52.8594139	14.82645881	946.8660416	5445.286666	1648.729945	182.6129556	188.0935172	77.265605	22.49088605	119.230715	5.616001679	0.619532793	5.010186063	447.110095	536.4769424	25.92867895	9.257637858	17.77917999	3.875691279	4.875956754	1.36036873	1.690176145
aligned_38075IM5-Spike-PL4_D05_01 20200803_000043.raw	531.2243685	374.3938116	153.9177513	32.61559478	35.64515252	17.45479588	2567.710016	5086.575421	1425.149494	176.7773375	161.4712931	68.17775713	21.08522446	111.2003945	5.261710109	0.184634882	6.482986703	392.4882021	576.8774247	20.99463202	6.766478844	15.87238707	4.236326225	5.102838139	0.638923552	0.783684895
aligned_38075IM5-Spike-PL4_D06_01 20200803_000044.raw	588.3587373	385.9864972	118.9038398	31.95021463	36.64498379	20.32334958	890.7693334	4421.912186	1392.905898	173.9369036	166.8852462	63.97581753	19.70158289	103.5037849	5.140832526		5.097976003	400.5069593	575.0654199	22.98650746	7.542673428	12.29011461	4.419398948	4.881205643	0.985517759	1.288929374
aligned_38075IM5-Spike-PL4_D07_01 20200803_000045.raw	517.1284275	391.8879689	138.2242717	30.39254525	32.51911327	19.76019804	912.3018122	4528.924927	1290.268579	189.108993	176.0729133	55.17716214	18.31750802	100.7253194	5.572395242		4.554303879	360.0539281	539.2591779	21.97952169	7.077345875	15.10015857	4.511369923	4.415993317	0.665891779	0.946100016
aligned_38075IM5-Spike-PL4_D08_01 20200803_000046.raw	126.0980068	175.8623614	104.8492346	11.30534098	16.04561411	26.37991301	1040.934778	5034.258816	1743.694776	366.7558545	165.6999559	92.93253269	8.110273496	62.86986015	4.312099129		7.78100326	497.8001412	577.2261006	30.88617313	8.916523677	19.88655342	3.021770823	5.445650118	2.268744551	0.638501657
aligned_38075IM5-Spike-PL4_D09_01 20200803_000047.raw	422.3911294	323.1709909	121.6327629	17.15105591	22.21693578	21.88156201	1269.753767	6234.133821	1753.263905	224.2976265	178.6941345	65.78062767	16.37678576	79.39896964	5.989440998		6.087051548	772.6061367	598.7046525	41.32523732	11.56229415	22.00894791	2.718658164	5.651584475	1.519437048	0.89971865
aligned_38075IM5-Spike-PL4_D10_01 20200803_000048.raw	361.4071912	279.0916301	120.2421693	17.45054172	24.06442942	27.00181151	1210.655006	6369.8873	1527.890172	261.1706718	140.0576784	54.91010291	12.97181081	72.43815933	4.76084615	0.026467475	8.908072337	704.6634575	576.8061387	29.86993847	7.23403067	16.01338943	2.818494521	5.638986769	2.583827563	0.600660011
aligned_38075IM5-Spike-PL4_D11_01 20200803_000049.raw	368.5468005	242.8607881	109.1841408	16.49752832	25.10775214	18.33562907	1651.883871	7646.654643	1982.572108	266.6708789	224.4121802	81.93392604	8.066585463	69.93796129	5.50070221	0.199503135	4.748762742	730.4912386	624.8576188	42.16029163	12.8509676	20.05731511	2.895749777	4.060018042	0.527594739	0.731801489
aligned_38075IM5-Spike-PL4_D12_01 20200803_000050.raw	297.7503356	202.4275077	119.942345	13.85244816	28.28682084	18.67654201	1435.889803	7798.288904	2623.179767	333.1868388	380.1261597	148.6083816	8.052691463	64.50231991	2.680322754	0.2911042	5.567968684	690.8716	857.4097587	50.67870895	20.93420874	47.84729303	2.472427485	4.355771514	1.38221412	0.092946383
aligned_38075IM5-Spike-PL4_E01_01 20200803_000055.raw	31.08373176	55.84729714	119.3971641	2.312676842	11.60241067	20.48060065	1128.372074	7221.597056	3285.916793	75.93386756	285.8873272	288.1457304	9.358380851	45.44308263	4.981242496	0.315964687	5.752316455	406.0779504	1906.866168	109.9904869	18.486733	72.41032796	3.229625155	5.420922978	3.463333697	0.702690084
aligned_38075IM5-Spike-PL4_E02_01 20200803_000056.raw	23.71979203	41.35564663	104.1224056	2.430420914	10.45317683	20.89373433	1678.400789	7279.314084	3280.910748	136.313928	308.7591471	258.6412985	6.220791066	34.74350892	6.172638973	0.214365476	5.700281718	456.0699574	1588.12895	101.5251557	16.92644938	61.41697974	3.032066741	5.171568262	2.810597963	1.75722061
aligned_38075IM5-Spike-PL4_E03_01 20200803_000057.raw	8.455066386	1.455034907	6.226298533	4.169431495	3.227285437	58.62085073	10.18975761	27.92002419	8.960807235	9.796679709	0.833982235	8.293568125	4.227535186	6.568563353	5.510093165	0.050210555	7.505667034	1.245020478	3.19854098	2.810783865		0.22660327	10.69374781	5.879556843	0.833996135	0.092083939
aligned_38075IM5-Spike-PL4_E04_01 20200803_000058.raw	7.089451932	1.871511126	3.999782214	39.36249082	2.495506326	68.96104855	6.170791534	12.30905665	10.58460336	21.74944679	0.036882967	5.123087582	3.188729691	6.197639914	6.124011926	0.570827854	9.626405774	0.425491105	1.670329748	2.12606257		0.34451896	9.750201217	7.049854343	0.17272549	
aligned_38075IM5-Spike-PL4_E05_01 20200803_000059.raw	5.522698393	1.575239105	5.325981451	7.243761189	4.511583459	33.55728505	9.851426797	23.52509501	5.035043811	14.02896233	0.611299339	13.18382034	4.96032862	5.796221091	6.17349518	0.996951344	4.861296548	1.412861697	2.193154021	3.696647625		0.330001	10.37884327	5.007948708	1.172599492	0.228158156
aligned_38075IM5-Spike-PL4_E06_01 20200803_000060.raw	6.472321054	1.307158995	2.956053536	7.589821982	2.373270712	24.03941969	10.01353257	21.17640326	5.210037724	8.58749007	0.758551286	18.93800432	4.517665525	6.657404631	7.279872127	0.048807519	5.872779642	0.584822087	1.929665282	3.505526832		0.429074648	12.17496762	5.811163857	1.50266561	
aligned_38075IM5-Spike-PL4_E07_01 20200803_000061.raw	211.7694145	113.6020914	134.0515416	9.68769897	15.21367124	37.97261544	892.2913233	12940.65685	1498.683234	266.8165079	203.0499724	123.1841878	8.4036816	49.6379694	6.346271189		10.2575127	701.9867519	776.3880431	24.67658436	9.278344424	25.00694718	3.068345337	6.529023799	2.585469472	0.266460306
aligned_38075IM5-Spike-PL4_E08_01 20200803_000062.raw	74.15252986	51.94294459	78.57181687	4.666631002	14.5053429	27.66597875	2174.135674	6202.198959	1384.645608	263.1136608	245.0308836	154.4719368	7.186114059	34.70300114	5.641722495	0.171139411	8.191827905	602.6992237	776.8439476	38.57136517	17.40403282	44.71597479	3.208448678	6.133692298	1.351172722	0.176339671
aligned_38075IM5-Spike-PL4_E09_01 20200803_000063.raw	471.2356254	207.1820018	172.417151	21.86657029	23.69462721	24.03099083	1515.249179	11503.33109	3113.526916	367.3127432	328.1848671	165.6173607	8.38382631	72.66148969	2.782470306	0.292858043	6.620349224	892.9191768	1028.928582	49.57132463	16.74426041	40.17542367	1.678697334	5.552154606	0.527028111	0.888812393
aligned_38075IM5-Spike-PL4_F01_01 20200803_000065.raw	882.1262026	772.950565	344.866934	72.02838739	39.82038914	40.57698803	1581.074704	5705.985244	398.9372256	130.8514517	109.8413779	54.34046724	55.42736015	233.057099	7.660834227	1.571394064	7.081886525	612.6912904	533.7164903	28.80891764	7.677140788	20.51888018	4.306828905	4.169795933	0.477255194	6.75595679
aligned_38075IM5-Spike-PL4_F02_01 20200803_000066.raw	712.4540125	606.5821427	329.8588909	57.67226531	39.26512355	35.83563239	2151.834256	5242.186508	261.9604507	130.2089457	115.5415954	59.10798097	32.25837256	228.6825829	6.189573586	1.623608444	7.011186131	592.4027179	519.2375519	26.1927558	8.19169635	23.77161999	3.370605857	4.618145922	0.266599624	5.081843955
aligned_38075IM5-Spike-PL4_F03_01 20200803_000067.raw	10.90512794	2.522873811	11.80268665	9.292081741	5.517964895	46.70630577	10.85609611	26.09084859	12.05822619	1.000078315	1.528813049	19.65232199	3.723382298	14.27688551	5.708265861	0.416868557	8.002929071	1.241240375	3.039029495	2.900104773		0.475164161	12.2382955	5.709430891	2.057012404	0.369820464
aligned_38075IM5-Spike-PL4_F05_01 20200803_000069.raw	700.4568981	1076.172703	839.1044552	35.65864611	58.28038039	80.34408914	672.5257003	3005.278595	965.786991	57.82751512	41.6325961	49.90902503	50.65728865	469.1372766	23.90780755	2.840375554	19.56998443	269.1331969	760.0498471	23.75172519	3.849936773	18.90424963	5.191534347	9.759544502	1.478304862	17.05703516
aligned_38075IM5-Spike-PL4_F06_01 20200803_000070.raw	1343.807931	1601.222221	1099.957633	84.09636448	100.5305236	44.57401226	1440.379385	5684.987317	2658.590235	69.51649168	141.4313529	131.8933098	37.7789429	700.1510105	32.79782875	2.392900183	12.2841326	623.8051665	1285.488239	58.48865495	12.47828216	39.25705651	4.118686528	6.880226297	0.886439339	24.82889317
aligned_38075IM5-Spike-PL4_F07_01 20200803_000071.raw	304.8496768	1147.789433	915.3288083	24.37458212	45.39872136	93.95247974	437.3339077	4597.715088	375.3494548	35.2524051	60.48267662	62.87255439	91.70034515	590.4717826	23.79063579	2.887089021	20.19727913	401.4124186	1763.77083	39.32286811	4.269033586	34.44087789	3.091587212	10.95207594	1.225524822	21.72324285
aligned_38075IM5-Spike-PL4_F08_01 20200803_000072.raw	196.4742399	176.6105524	174.5388288	15.42259551	19.21085583	60.7813603	974.2954534	10326.23379	2769.942842	281.9246495	174.0553221	121.3716992	2.532123212	67.93231558	5.665117346	0.115140332	15.60316001	1233.63243	1648.716519	45.98760932	12.90332782	34.36620926	1.786136675	9.758983788	2.305236282	1.450554559
aligned_38075IM5-Spike-PL4_F09_01 20200803_000073.raw	17.67394522	28.99159747	45.73546764	6.052272149	3.872928542	85.88368059	23.49442406	82.36559222	68.82701636	2.537505124	1.535518016	12.93890322	1.611552184	29.70511207	4.397179609	0.232524105	16.20017732	5.223826704	30.74699353	2.657810443		1.145689914	6.505269013	11.38224792	1.977649939	1.314295441
aligned_38075IM5-Spike-PL4_F10_01 20200803_000074.raw	387.5053952	178.723861	44.28295722	62.1855444	35.53140878	16.72470896	1451.985562	2700.061992	908.2755952	439.7383933	233.7818544	47.21047315	9.514490072	52.66487445	3.084726663		8.0426073	433.8050905	491.0028313	35.24010263	8.582181825	16.57309993	3.925458121	7.921628813	0.289807809	0.621668106
aligned_38075IM5-Spike-PL4_F11_01 20200803_000075.raw	35.98183163	128.3679167	115.3128797	20.69501181	9.709815756	124.1141196	306.4880288	3659.989722	202.7895419	61.46873751	58.175903	33.49891072	11.52852335	53.54017664	3.445182237	3.167130386	16.22813535	216.48344	948.7696556	18.07985912	3.442404702	20.2946392	2.17864975	9.329339647	0.430637732	0.879921576
aligned_38075IM5-Spike-PL4_F12_01 20200803_000076.raw	132.4760104	118.3680685	91.30336602	11.20973436	22.02004707	78.08994771	3913.995675	6279.738574	3340.335835	659.8808413	487.5819282	271.9409629	9.681832405	37.81146395	2.363591971	1.585904889	15.46978539	968.6389698	2877.849262	70.87312217	31.47019862	112.3979361	2.04420787	9.178002179	2.213184218	2.913601959
aligned_38075IM5-Spike-PL4_G01_01 20200803_000078.raw	356.8199448	966.3443707	393.4998851	79.66377191	73.97439211	62.96449106	2470.361768	7675.612841	672.434563	201.0848215	257.7599083	143.1265682	29.44583286	352.3507653	12.90987175	1.115272156	18.67519258	926.157277	1533.38507	51.20130689	15.09912809	80.04735529	2.043914718	7.235589481	1.607847217	10.72267554
aligned_38075IM5-Spike-PL4_G02_01 20200803_000079.raw	355.7848494	847.1482872	395.0364835	86.49449789	83.13910388	78.27501279	4066.796979	9116.528318	746.1820153	230.5587145	294.7042161	145.6339558	17.90279194	339.6346033	11.95255054	0.631478175	14.81187707	950.2405735	1855.668397	53.50871042	19.54854465	74.6042794	2.335873076	9.384480477	1.621004391	9.133016973
aligned_38075IM5-Spike-PL4_G03_01 20200803_000080.raw	44.23633499	76.54969705	78.14959985	4.989414555	6.420146144	32.84392111	550.3025746	2118.389498	341.1743288	29.58602494	40.11618776	32.99366241	8.518863501	60.68911187	5.593628072	0.787466622	7.388549618	140.9599181	424.3402521	16.89935875	3.160383313	16.12126335	6.4469581	4.310741662	0.947312669	1.698593853
aligned_38075IM5-Spike-PL4_G04_01 20200803_000081.raw	173.8655691	118.9582201	78.45900162	27.83873946	22.65405887	54.91920266	926.459583	9970.799374	3383.574479	568.4888861	553.0220673	304.6240957	2.412907567	26.80707232	3.919434924	0.488123402	14.78619403	584.1555978	2417.655578	41.57924248	23.95056123	85.56942274	1.332096575	11.52848393	1.03863819	2.339731673
aligned_38075IM5-Spike-PL4_G05_01 20200803_000082.raw	157.1048629	189.3903262	72.92716971	68.57311124	65.29105945	52.14077638	2049.203244	6213.157272	2502.839179	2474.977326	756.8328467	215.4037408	4.186337365	31.56176403	1.940587532	0.122392268	14.0590698	756.1805383	1824.378899	48.41391781	55.13288362	107.0206146	0.768445193	8.205295922	1.840322457	0.608461584
aligned_38075IM5-Spike-PL4_G06_01 20200803_000083.raw	182.6582841	155.4269563	106.8073683	14.06204534	22.89299101	97.63202753	1433.587737	7559.475736	2634.064266	557.8618482	178.9646489	180.2950089	7.57629633	42.62859974	2.882125836	0.264897575	18.31127682	656.0962248	1491.075344	31.4196223	10.57628628	44.45205752	2.057198286	10.50352493	3.228503941	0.522116403
aligned_38075IM5-Spike-PL4_G07_01 20200803_000084.raw	20.44118187	68.14511663	82.86832849	5.565411879	27.27308685	120.4330017	4081.984926	5193.553596	1168.589265	980.9829648	224.6518954	157.7710627	7.027275718	21.77874574	5.349818792	0.306521015	22.90756307	483.7216975	936.3917203	15.16962211	14.10035943	61.37533906	1.955365958	13.56564048	3.810106845	0.895207948
aligned_38075IM5-Spike-PL4_G08_01 20200803_000085.raw	201.3137566	385.9954531	210.3793028	21.40301382	38.78355113	80.71703792	2252.369554	5819.599981	3685.825852	357.4641361	256.9339898	262.0199577	6.17901432	213.2790374	7.703765668	0.713143611	18.07456452	494.7699315	2967.220302	59.94064853	19.38721263	111.3234143	2.336325847	10.36483088	1.697811207	8.371639693
aligned_38075IM5-Spike-PL4_G09_01 20200803_000086.raw	409.4712166	485.1542598	335.7307845	93.50027794	86.85822915	89.32033165	3839.24465	7960.230859	4162.488062	839.259652	400.3735556	263.0571884	14.32541165	183.3032468	9.525666676	1.368953878	21.74366649	693.0787328	2840.530866	55.37799999	20.99334916	131.083501	1.745856204	11.39729094	4.763564142	6.817614462
aligned_38075IM5-Spike-PL4_G10_01 20200803_000087.raw	142.8860287	249.3151386	174.1830111	10.02212532	18.61511857	77.18217179	4101.849966	11332.90389	699.9844332	466.8201367	270.4451131	143.2031035	11.11028693	61.34036495	5.168579699	2.021488705	14.93110203	1085.41586	3157.449944	61.06196809	16.15458619	59.54383319	1.438856973	7.987337431	3.038910646	4.859792437
aligned_38075IM5-Spike-PL4_G11_01 20200803_000088.raw	262.6646413	368.815042	88.3907068	26.08016673	44.05144606	16.31679296	2542.956833	3217.997555	657.6551604	204.9285405	198.6629721	77.44419043	28.47198032	113.5600556	3.038397911	0.258744037	7.183318909	356.8084841	605.7925229	38.39121523	9.978798462	17.96957407	3.574909655	7.079230443	0.041637625	1.507456188
aligned_38075IM5-Spike-PL4_G12_01 20200803_000089.raw	631.9803084	1343.370216	408.4310002	64.89197397	73.98002474	60.75322859	3407.639733	7990.887531	492.9567992	339.0290466	259.255067	114.5049871	33.32179948	320.5055382	15.76324311	1.341909081	8.283400443	830.0507945	1770.893109	49.18526636	19.81746291	67.16233683	1.858101222	4.35062673	1.21269182	10.68603359
aligned_38075IM5-Spike-PL4_H02_01 20200803_000092.raw	7.416235263	2.172677398	4.428611717	1.915741525	0.72880107	56.89494518	112.6971242	36.52383382	6.539631444	22.72668505	1.657568678	5.162837913	4.016879959	4.489187323	5.237555611	0.412223815	8.758695075	2.787472494	2.213198473	3.152695509		0.164192639	8.415742141	6.742007603		
aligned_38075IM5-Spike-PL4_H03_01 20200803_000093.raw	346.3691067	172.7609445	99.31302726	16.66413075	17.11426681	22.48507819	1392.084872	5876.970651	2812.378195	120.0592621	126.753632	72.43752351	5.859018544	51.02524567	2.412715641	0.04960704	7.178107983	381.9771155	1675.059314	87.93086763	6.901402474	17.64651783	2.879215683	7.171128247	1.36624604	0.336283659
aligned_38075IM5-Spike-PL4_H05_01 20200803_000095.raw	9.445930515	1.577726619	4.996741083	3.764146541	1.152255272	78.78047243	9.649590959	14.6818351	10.03286434	10.69070718	0.629312983	3.010937355	3.34266225	5.093157114	6.353324212	0.673824427	9.297557191	0.746563521	1.906507093	2.508321291		0.138648612	12.44005308	6.150658735	0.422722865	0.031249029
aligned_38075IM5-Spike-PL4_H06_01 20200803_000096.raw	8.336639946	2.179336547	4.951902932	2.759178872	0.487334758	56.70825025	11.3837988	19.39427466	9.802453485	6.322022963	1.436980884	2.874593257	3.483342959	5.182879091	6.514701288	0.76641894	7.950696657	1.322717965	1.876706763	2.758395537		0.248660097	11.49488055	6.611495351	0.348676954	
aligned_38075IM5-Spike-PL4_H07_01 20200803_000097.raw	9.258130128	2.165828086	7.103674557	3.36500705	3.259715321	71.66596449	9.757233164	7.8373739	11.90730004	5.321557197	0.280091819	33.22021593	4.410617354	7.701351837	6.428257368	0.806030296	10.42386809		1.27274214	2.285164173		0.122177335	9.499739163	6.561046247	2.110620479	0.166525996
aligned_38075IM5-Spike-PL4_H08_01 20200803_000098.raw	11.25022383	2.462361959	4.575560378	38.59186427	0.73139502	45.6987733	11.35436117	15.17568194	7.127864163	5.481493697	0.415717722	9.888044028	5.234417796	5.094145064	5.188719007	0.255510203	7.524978989	1.839771171	1.372055063	2.764993438		0.28733761	11.15869535	5.779522897	0.945478909	
aligned_38075IM5-Spike-PL4_H09_01 20200803_000099.raw	128.5030477	104.4564675	85.45761059	16.54187637	6.889662349	42.68068224	1991.900379	4828.334524	357.2419559	186.2117525	64.84023563	22.77039376	5.075476163	28.84028532	5.057238082		9.74638303	840.182792	478.2955134	23.17547131	4.323176729	8.490530292	5.660454895	6.974329279	1.346670003	0.02997767
aligned_38075IM5-Spike-PL4_H10_01 20200803_000100.raw	2397.704785	1376.985591	783.295787	165.1400383	127.0098626	45.01817097	3230.131959	6952.714108	1536.290259	229.3788002	290.4353335	134.7572379	110.9621431	364.9666088	20.527414	4.490245651	9.58601821	1021.875136	1646.024701	91.72507973	25.40442706	71.58835307	5.8464169	6.587685396	3.190910372	18.3410452
aligned_38075IM5-Total-PL4_A01_02 20200805_000111.raw	610.6475164	414.79499	80.82563962	80.33655635	46.67222107	22.22634716	11105.04874	13526.96739	878.6025577	1386.069212	1512.472341	143.8865051	15.74008283	87.00979278	6.213054368	5.662404987	8.156755584	2492.948015	2325.989405	166.0533637	135.1113438	76.52966337	3.158448015	11.41799229	0.527753658	6.283298868
aligned_38075IM5-Total-PL4_A02_01 20200805_000112.raw	681.2485341	431.2088241	100.7650335	88.75876227	59.2586817	23.55967213	10916.00572	14068.54503	968.9827991	1688.822926	1754.260443	129.1766662	15.45478063	86.44294829	7.393637952	5.16590885	8.301477749	3300.700698	2483.213625	165.1426154	150.2838205	101.0399563	3.655691786	11.0054281	0.959982828	11.5252871
aligned_38075IM5-Total-PL4_A03_01 20200805_000113.raw	692.4512762	469.5661299	91.49439474	98.28938787	65.57559871	30.23192677	10406.3322	13267.15206	906.5208671	1681.190069	1782.491351	180.5458635	17.30224319	94.0472134	9.534504041	4.910108874	7.861689539	2974.481492	2644.150778	178.6119874	155.020115	110.6372496	4.453658302	8.766500389	0.302666637	9.946657586
aligned_38075IM5-Total-PL4_A04_01 20200805_000114.raw	720.7901635	620.1528143	121.8041269	141.6867118	79.67302167	31.68630929	3515.050062	12637.26963	1440.797544	1781.271403	2180.213392	429.4613914	32.94618007	163.0585561	17.39706304	9.702786681	12.10459119	2582.829107	3591.201628	274.5498639	220.2761808	220.637056	11.27800199	15.88065853	0.614401353	22.04642752
aligned_38075IM5-Total-PL4_A05_01 20200805_000115.raw	674.3810291	521.3637682	136.2908667	145.2892233	96.82810927	28.06772999	3983.397858	13570.84388	2219.590552	1793.724585	2301.336502	505.5508228	34.46237674	181.5285556	19.19157264	12.37487447	11.41441944	2267.668826	4535.383963	222.2205642	183.2971505	205.5321922	13.27656661	13.94301008	0.622048629	29.5812118
aligned_38075IM5-Total-PL4_A06_01 20200805_000116.raw	431.4917792	691.9460866	355.8832382	165.145934	168.2033619	48.26397911	2038.669139	9910.311678	1710.645016	1036.097763	2000.56809	797.1230775	44.31325072	377.9309847	39.44690273	12.14952133	17.16016528	1166.245775	5008.752699	172.8357131	151.3550695	299.3778369	14.79460257	20.94309166	0.389923742	51.86656072
aligned_38075IM5-Total-PL4_A07_01 20200805_000117.raw	283.4863861	247.4188645	75.41634008	49.15976971	51.19013437	17.86146124	5212.922886	10591.18151	765.0117503	1637.636601	1610.374238	201.3147157	15.60978707	66.68913221	8.560857891	1.73963841	5.303480114	2321.630283	1438.652685	75.80736793	110.5751889	84.11372061	2.630506926	6.627759602	1.048528572	5.011435811
aligned_38075IM5-Total-PL4_A08_01 20200805_000118.raw	1544.242524	1299.236105	305.02843	284.430513	89.7188769	47.0224158	4027.148368	10428.0509	1570.005428	776.5374047	1353.140836	233.7565295	42.87252413	354.3165908	22.45587955	8.692617544	7.121002216	2238.99674	3267.13492	255.4556353	105.1680842	167.9751781	9.09681171	8.978135325	1.285525069	25.86021457
aligned_38075IM5-Total-PL4_A09_01 20200805_000119.raw	1154.531365	628.7978171	325.4721455	253.1998676	97.19950912	44.1764044	4693.355278	10987.43324	1544.617841	1105.140263	1362.463969	291.4643808	45.13297292	460.1712389	22.88588466	7.345706809	8.14613039	2158.350263	3296.167843	217.8540319	99.4387071	170.7804432	10.68040743	8.599249714	1.176142236	24.23787734
aligned_38075IM5-Total-PL4_A10_01 20200805_000120.raw	1221.026164	973.2294558	275.2528031	247.0141135	90.27593558	51.78882981	4484.916179	11905.47942	1687.947981	1307.374331	1614.11569	290.1715303	44.70185306	430.6086626	21.23599915	9.857333492	8.03250614	2364.106596	3348.021062	218.4636812	111.0163522	186.3083013	9.422979818	8.652127432	1.829743274	28.45182688
aligned_38075IM5-Total-PL4_B01_01 20200805_000122.raw	1274.055958	670.847763	158.8402413	161.5512163	60.74205406	25.92891437	7625.732202	16246.79144	2031.645652	2195.321745	1624.534149	212.6037834	29.82389145	198.2316016	12.96590235	5.540713879	5.044055114	2171.277021	2606.149881	116.2012154	129.1235873	99.54298361	4.636814403	6.928761557	0.744081222	11.38267274
aligned_38075IM5-Total-PL4_B02_01 20200805_000123.raw	1417.380312	706.8717202	172.8303184	183.2673057	71.16367916	25.41401138	7312.481444	14316.77182	2183.29232	2634.694993	1970.361092	191.4266275	27.75227404	217.9858191	10.61370852	4.85896308	7.278409213	2521.523298	2326.622696	95.31559334	127.3854712	95.30176813	4.657824709	6.415038402	0.95482741	10.58125726
aligned_38075IM5-Total-PL4_B03_01 20200805_000124.raw	1444.232562	847.7914115	213.2834658	192.3677962	102.7488117	29.01993408	7188.628645	12996.57389	2337.092236	2477.478542	1879.905584	230.4704978	35.75492734	331.507236	10.55658586	10.30935439	5.124491537	2009.585204	2511.901533	105.064578	124.4392281	91.8851213	6.151720942	6.352243611	0.890355311	12.51996467
aligned_38075IM5-Total-PL4_B04_01 20200805_000125.raw	1377.692231	775.0647365	225.6950767	212.7167008	99.98928148	23.66223676	6565.857786	15099.07584	2168.825713	1719.366778	1743.835809	209.9898706	39.80990855	276.6968335	11.93976886	5.160692789	5.71820933	1752.286396	2173.575944	86.56942519	116.4786212	74.72378815	6.843284389	7.296005032	0.404110835	10.36871984
aligned_38075IM5-Total-PL4_B05_01 20200805_000126.raw	1534.890483	861.0118777	230.8254126	240.7040246	97.9290019	25.65837111	6915.37819	13760.293	2212.592655	1700.741531	1962.11312	221.6990245	43.52644438	337.7974412	14.27439019	7.321285468	9.196604486	1942.108565	2280.020765	114.9165668	153.2637781	86.30368143	6.835260866	6.726157686		14.02128332
aligned_38075IM5-Total-PL4_B06_01 20200805_000127.raw	1345.790127	826.5315255	241.3137155	152.8557941	87.28939355	27.44630956	3968.27036	14992.61355	1670.581601	1301.647611	1314.223036	249.4650585	61.55105733	490.9483668	35.4387855	11.30392125	11.16006609	2649.814237	6093.82798	404.1598151	164.1858418	170.3324151	7.31254708	14.41303016	0.737342341	43.53574762
aligned_38075IM5-Total-PL4_B07_01 20200805_000128.raw	1030.997903	783.2191502	247.5033646	152.0503098	70.13802804	27.36917124	4067.547995	13361.64002	1631.467825	1266.924651	1371.518033	250.0796685	54.32527018	457.8706033	35.61269847	11.91517083	9.754468108	2439.360235	5080.749399	344.3357465	136.8753377	163.9414895	7.754067089	12.7253299	0.350745301	40.55844686
aligned_38075IM5-Total-PL4_B08_01 20200805_000129.raw	1773.539471	1005.563719	276.5906348	210.2511025	119.6286158	26.30274188	7162.459427	12716.29381	2127.091998	1857.305892	1443.984694	175.3918182	66.8633866	327.1905286	17.22025219	13.08119123	9.075590243	2127.693269	2858.049341	132.6150153	121.5991264	95.20106394	8.844891359	10.06891582	0.556959326	25.86675215
aligned_38075IM5-Total-PL4_B09_01 20200805_000130.raw	1661.613311	1048.150541	245.791214	237.1322791	130.9468481	32.98525107	6354.70511	12574.28889	2026.363827	1900.694866	1723.703088	196.1953829	60.75604896	356.0584386	22.00857958	19.93361848	7.482735775	2542.938618	2752.442715	153.2269231	150.9116037	106.7800251	12.86147324	10.03808255	0.397006981	26.8176557
aligned_38075IM5-Total-PL4_B10_01 20200805_000131.raw	7.358772777	2.954889852	6.565242265	1.243939282	0.783876545	8.575001734	145.4237993	100.6669	26.50669114	15.47740183	9.740558955	2.193749785	5.146171625	5.641896925	6.627934192	1.877330033	6.33652588	12.46931103	10.79894558	2.258244828	0.070846825	1.353363129	12.01342464	6.090190105	1.493945602	0.881869725
aligned_38075IM5-Total-PL4_C01_01 20200805_000133.raw	118.8635562	205.7720979	122.1644843	33.66608008	39.37409122	27.01014491	4070.040331	16590.41225	1025.493801	1153.013757	1470.716643	506.9553235	10.29357145	118.7931151	14.66293652	3.760848144	9.404094712	1781.324193	4379.238954	171.8448067	99.37113009	212.4127091	5.04325773	9.160993675	0.710586815	20.76157912
aligned_38075IM5-Total-PL4_C02_01 20200805_000134.raw	126.7442516	319.346065	132.0776587	41.59109843	41.85683954	23.29458488	4927.558395	18540.30053	2390.533872	1590.092867	2028.911719	598.9156789	13.41428094	125.3509439	15.18611365	6.044619281	9.657964578	2006.13834	5113.961553	213.9177088	142.1405384	255.9735994	4.538788793	10.70711461	0.131212492	21.04693724
aligned_38075IM5-Total-PL4_C03_01 20200805_000135.raw	142.5327121	293.1961183	107.6473669	54.76736528	52.14707618	34.87613136	3237.741423	15463.12155	1087.386413	2313.54321	2417.534336	565.1917936	17.58658934	141.1819184	15.13283456	5.696027068	13.01471229	2155.297643	4748.829196	217.6010792	174.2329746	248.6257184	6.574822833	11.66349093		16.90451878
aligned_38075IM5-Total-PL4_C04_01 20200805_000136.raw	182.3973898	325.7139784	113.0116156	57.87419674	52.27819326	30.88797012	3979.085837	15631.27408	1819.58036	2165.987451	2737.133624	643.2720116	19.62616612	141.9500134	13.38820468	7.047902087	10.0386976	2091.945915	4953.702859	202.1403681	201.9160925	252.6442721	8.770647273	12.68026763		15.99185993
aligned_38075IM5-Total-PL4_C05_01 20200805_000137.raw	192.7961813	385.2419471	122.8871192	50.29850789	65.51197376	40.22621362	3432.224749	16299.73759	1013.088589	2375.128643	2663.225035	494.6961729	13.30075396	142.1124016	16.59154764	7.630443727	11.95358512	2025.446704	4115.894444	189.5611592	199.2883209	238.4477845	8.058337804	13.84337674	0.103889046	20.4329013
aligned_38075IM5-Total-PL4_C06_01 20200805_000138.raw	925.4806497	1259.458765	337.6289028	148.2947096	123.9981475	27.69201541	2558.665775	11442.55921	2036.883559	894.0664106	1287.590598	194.8327782	60.53195423	573.3236829	15.96045781	3.922853068	8.997068167	2113.144706	2913.471541	170.2076669	128.6179904	99.59942665	4.613589217	8.08145157	0.181577937	19.08241711
aligned_38075IM5-Total-PL4_C07_01 20200805_000139.raw	916.0738277	847.1208618	320.6843102	134.1851684	119.0809091	22.61916818	2562.819048	10656.78491	2047.363605	924.5896762	1261.183747	227.5349344	60.99927727	458.7157892	16.89085058	3.812980419	7.732332752	2062.779315	2481.6871	191.6227973	101.9008956	89.78341481	6.302250342	8.922435145	0.671336616	17.95062761
aligned_38075IM5-Total-PL4_C08_01 20200805_000140.raw	1192.952755	1060.039453	315.0012697	194.7083401	118.1428215	42.39265374	2603.048545	10425.31584	1611.983007	1421.020784	1544.062757	223.9173709	67.73596614	558.9044301	19.55832046	7.282139692	12.8267127	2364.696735	3279.993511	173.5512205	173.4570235	131.3285999	7.388075514	12.3092102	0.537851991	18.39522148
aligned_38075IM5-Total-PL4_C09_01 20200805_000141.raw	8.705997503	4.37496007	7.011371823	1.448704479	1.321238797	5.759655048	128.2858595	139.9657565	45.81866998	27.07163053	16.21680266	3.147796297	6.439441679	6.170265803	6.435313965	0.238872932	6.866932065	13.61750904	30.69008218	2.542481793	0.874508118	2.286841524	8.133919862	6.676131724	0.980291513	0.36772451
aligned_38075IM5-Total-PL4_D01_01 20200805_000143.raw	431.1491809	349.22024	96.50549648	102.1023293	70.68311341	26.00908431	6359.633917	13863.48035	1606.240901	2732.188471	2697.186681	391.2729647	22.27367509	103.7429197	17.23354655	11.36618324	11.55670928	1709.412161	2508.001979	120.0401734	173.6077571	151.4000768	11.50023169	15.78648084	0.992752128	28.41355887
aligned_38075IM5-Total-PL4_D02_01 20200805_000144.raw	296.0164352	545.6575656	332.5898985	132.2115329	136.4577966	42.23635	2122.311325	10678.37258	2542.602438	1038.673999	1811.77544	697.3082468	34.66765585	306.4423288	38.63046784	13.77774642	15.35771708	876.800712	4152.749598	170.2979296	139.1587912	275.661485	12.26504371	22.3111945	0.590392089	57.04525152
aligned_38075IM5-Total-PL4_D03_01 20200805_000145.raw	1868.571965	1918.967751	577.6638288	226.5534436	122.1373881	48.162315	3687.684577	14271.19547	2503.260197	876.3614357	1430.432194	336.8061342	109.8570871	549.0747757	37.81041988	15.61489551	13.37123192	1726.791086	5703.580823	228.4949476	134.5206336	239.8193648	14.05338683	14.31440668		43.59857236
aligned_38075IM5-Total-PL4_D04_01 20200805_000146.raw	2197.724342	1807.39108	789.7301966	226.324005	197.9007899	46.64391241	3330.076971	14486.34183	2642.356361	885.7016882	1460.004959	395.9950247	101.0967827	811.1043594	33.02240985	16.10106899	20.09723527	1403.827866	6523.445144	262.3586453	149.3950942	254.8588362	12.50993982	16.48237302	0.433995323	43.22370171
aligned_38075IM5-Total-PL4_D05_01 20200805_000147.raw	2334.264073	2653.856637	875.4871279	261.3302366	198.7243405	54.49907789	3710.454832	13478.7436	2306.297952	780.6486482	1624.019014	344.4892849	113.6788224	897.945846	42.43533125	14.98103711	19.06707607	1350.105683	6245.156925	229.7752945	155.5821893	290.213234	14.78538804	17.65052856	0.432620274	51.07420689
aligned_38075IM5-Total-PL4_D06_01 20200805_000148.raw	1870.642836	1711.454121	803.4669298	237.7097585	137.3461183	54.37813686	3058.704917	12441.75281	2523.62184	838.8568573	1677.336201	391.8351872	104.6770268	791.3301811	39.67540123	16.110691	17.04399256	1384.188319	5432.14668	194.5933283	143.327145	246.5233973	13.07403995	16.14252678	0.374844585	47.3178775
aligned_38075IM5-Total-PL4_D07_01 20200805_000149.raw	1658.262238	1629.299043	686.0112985	199.7309935	141.8257538	51.58778526	3139.661884	12344.45612	2521.954599	1148.59828	1489.40788	417.4505318	98.43302397	739.0025817	33.69531434	17.1845313	14.05306509	1140.145289	3864.590276	169.9069708	125.2384123	223.2557513	14.04933614	16.22759115	0.863337222	44.14610117
aligned_38075IM5-Total-PL4_D08_01 20200805_000150.raw	1190.584788	1110.961125	277.4824036	285.8020192	189.1289975	56.26721443	3414.630146	6100.162348	1723.622288	1706.430274	2203.530967	454.4668661	56.66765786	334.6013592	27.16931064	15.21593695	14.70376327	1299.651596	3675.810415	191.1930148	154.4536242	184.0978745	14.46073614	15.87226053	0.164007955	34.09299323
aligned_38075IM5-Total-PL4_D09_01 20200805_000151.raw	898.6124578	589.9647277	123.1546793	122.5152593	51.79551042	20.07235199	5967.026834	13169.91576	1012.559824	1317.850364	1497.786321	208.8165415	31.26501153	164.62775	8.032329019	6.627464753	12.44375793	2406.688434	3584.115154	166.7521975	112.0453205	96.22456454	3.746643095	16.50094152	1.087879647	10.68498949
aligned_38075IM5-Total-PL4_D10_01 20200805_000152.raw	900.9062956	518.1658306	121.7400908	111.1526175	42.73797846	16.14224233	6668.599258	13979.02035	2303.018235	1291.022283	1384.635107	204.8753126	26.94769959	159.3450232	7.037893891	4.684365728	11.59377073	2717.845781	3443.121169	160.1044696	118.3466587	85.13838888	4.234778317	17.42770939	0.219285673	7.08404788
aligned_38075IM5-Total-PL4_D11_01 20200805_000153.raw	907.2353126	588.3950926	111.4465283	102.1012081	47.34388884	20.77694223	5893.521317	13230.20107	1547.016301	1314.520246	1646.884302	226.3438578	22.66315251	145.9569724	10.92245702	4.949703052	14.84257646	2339.238729	3471.790099	210.952202	153.1652102	112.4200634	6.634116488	19.38557348	0.894099593	13.99547631
aligned_38075IM5-Total-PL4_D12_01 20200805_000154.raw	664.473233	464.2266109	125.9634908	85.71324831	47.07315855	17.24180898	5383.833145	15706.67632	1265.199255	1512.611286	1912.971658	294.3558495	17.56894148	139.7238946	10.69381453	7.228176493	10.74773076	2327.348194	3140.954452	168.3729605	121.2104582	143.7552771	4.767512844	11.65079221	1.467734032	12.73016288
aligned_38075IM5-Total-PL4_E01_01 20200805_000159.raw	196.7408696	589.437343	316.6276722	56.63571528	73.27217536	46.50184106	943.6567354	10337.25591	1710.377017	651.5098199	1329.676977	613.5002089	20.23395225	274.4015531	39.26594449	6.927618719	13.42901993	1093.62823	7725.012109	418.9615399	107.4461817	306.6694272	7.289091025	11.06119263	1.348504238	52.53752939
aligned_38075IM5-Total-PL4_E02_01 20200805_000160.raw	119.4042819	407.9717444	276.7915712	36.89598078	63.82620124	34.02026393	1186.244863	13313.94108	4134.353446	667.1230912	1200.107275	643.5389216	14.34686983	216.0653972	45.88041291	7.555373351	11.66296448	1025.953049	7151.176672	221.2576768	90.78131501	250.4063247	6.128727683	10.99175837	1.615289174	61.88519765
aligned_38075IM5-Total-PL4_E03_01 20200805_000161.raw	892.6998935	753.8569422	130.525935	198.630597	94.87412626	36.85610939	2575.573216	10954.61817	1614.582984	1685.633873	2669.283232	441.0285417	33.76169873	243.931812	15.14555058	13.82812446	9.330498296	2511.785903	4431.639205	251.8167951	199.1399388	277.5305101	9.350347073	12.80723829	2.118081034	23.4844235
aligned_38075IM5-Total-PL4_E04_01 20200805_000162.raw	1007.929024	804.8376118	171.3541846	216.461424	99.74176358	39.60415897	2799.070062	11551.10961	1762.985975	1614.056274	2430.602431	510.2104177	33.68433111	234.4407941	17.95864891	12.64774883	10.87436776	2402.055822	5185.526966	249.6917755	203.2769541	227.574473	9.573830195	13.70185913	1.463261038	19.81001051
aligned_38075IM5-Total-PL4_E05_01 20200805_000163.raw	846.8677548	657.1303193	129.7009886	182.1632266	118.2642671	36.0306022	2591.210153	11135.04321	1775.171797	1427.710922	2389.0456	469.3962576	33.68591308	213.7270813	16.06976152	12.68523814	10.2540846	2380.195357	4356.593613	258.0792019	179.5535208	245.7622399	8.791092584	11.52217005	0.908420276	19.71093916
aligned_38075IM5-Total-PL4_E06_01 20200805_000164.raw	925.0180726	853.0111909	133.9735616	198.0360011	112.5145086	38.08911788	2697.785498	11517.42989	1950.265005	1504.02503	2269.94856	449.0302887	30.64677293	200.6757208	17.68109379	12.15324394	8.356317273	2290.05304	4888.62696	291.6841945	204.870412	214.9422129	11.10911048	9.42651607	0.597691248	22.43337758
aligned_38075IM5-Total-PL4_E07_01 20200805_000165.raw	1231.645441	869.7717376	128.7469933	176.6389382	66.11286994	20.3601154	5308.12442	16091.44042	2349.157906	1184.366607	1577.335867	213.24714	23.5723068	179.6510696	9.456985265	5.047869178	6.101946838	1859.330397	2422.436972	135.679584	106.1849351	84.37418838	4.174238617	6.55675511	0.428708138	11.10404321
aligned_38075IM5-Total-PL4_E08_01 20200805_000166.raw	1078.177713	1750.143795	410.9571457	199.8735724	152.4539461	37.31033507	2295.022565	10116.35289	2126.699125	1243.275126	1679.46311	237.9481716	69.11316821	574.3914842	22.94195687	12.97773951	15.89647984	2073.892797	3205.416413	234.1434114	174.9505813	126.5851074	8.064254179	15.03305251		22.88570081
aligned_38075IM5-Total-PL4_E09_01 20200805_000167.raw	789.3810731	581.3613291	112.4061148	87.29777167	46.08676956	19.58836747	3817.702745	13339.51249	1115.960812	868.3659158	1753.205792	297.736183	20.04952598	122.0889638	10.18829099	4.275675713	9.072863839	2025.556184	3387.164654	167.247737	126.0181484	105.2235465	5.812019847	12.28061487	1.168754193	13.98828045
aligned_38075IM5-Total-PL4_F01_01 20200805_000169.raw	977.0692059	1422.007718	219.5304815	161.9450844	106.0911264	47.16081329	1070.684019	11945.68319	1119.962879	682.0372602	1457.303949	453.6999424	57.57046375	343.2314283	18.19461258	7.981169479	10.83180044	1979.986828	4787.904934	344.1062338	151.1979504	232.9288099	9.001883788	9.432592922	0.702611396	24.91526981
aligned_38075IM5-Total-PL4_F02_01 20200805_000170.raw	734.897468	1207.193608	183.7511301	142.432618	120.7179079	33.00179183	1260.955759	10685.68438	1091.437404	665.5991326	1452.146025	442.2806517	47.49083607	289.1009353	15.97573527	7.251279501	6.711162496	2115.894004	3773.556742	231.0624937	126.1234753	170.8318826	7.517832328	7.803482968	1.125694407	15.89806093
aligned_38075IM5-Total-PL4_F03_01 20200805_000171.raw	465.5398252	954.078418	289.3147771	154.2659177	147.5213379	42.21648126	1458.165704	9627.705019	1258.916354	955.1575132	1892.163806	809.7061307	35.68337669	377.5439137	39.71593385	13.98633761	14.87207335	955.2524953	4648.889652	173.6342194	152.611209	241.1147163	13.4917471	19.37686055		50.5067342
aligned_38075IM5-Total-PL4_F04_01 20200805_000172.raw	7.74450603	7.254819104	7.286970335	1.556998434	2.548496513	5.598200397	113.2029819	172.4734315	59.40542972	23.57363726	21.40833599	5.927817437	6.184385941	4.916031734	6.786137477	1.168788842	7.334758803	20.47349677	33.485932	6.044629349	0.366644958	1.181784418	9.982157321	7.324726496	0.73991235	1.336583892
aligned_38075IM5-Total-PL4_F05_01 20200805_000173.raw	1241.519327	1837.230866	308.0890665	201.0696633	129.2959054	34.79066312	1001.11731	11793.0801	1241.93268	889.9924234	1397.51375	388.9335291	98.65431289	529.0532632	36.24263708	15.72843768	12.17423928	1513.59782	4005.539279	302.2392551	139.3957188	155.474375	12.38416001	15.16358815		38.88837072
aligned_38075IM5-Total-PL4_F06_01 20200805_000174.raw	1066.246318	1568.075036	326.9324618	147.9529305	111.9446065	25.22226033	1029.471525	9606.367691	1395.310225	755.8989828	1250.487453	307.7295087	93.67437241	415.2491137	25.89472269	10.2552254	10.22071034	1436.774549	3485.212539	224.0322909	95.73452776	130.5522053	10.00448189	11.01464326		29.37626818
aligned_38075IM5-Total-PL4_F07_01 20200805_000175.raw	6.116225385	9.315072713	6.121318042	0.56952753	2.43104358	2.608561731	116.7686907	144.6945015	51.60061665	19.1965889	17.21759776	6.312756201	5.862227862	5.00080341	4.822160255	0.11857635	7.488458315	14.78172417	47.00388785	4.060765338	0.843537103	1.369494745	10.35267614	7.273968514	0.619754051	
aligned_38075IM5-Total-PL4_F08_01 20200805_000176.raw	9.336145493	6.280450655	5.386744522	1.04056386	1.925645027	2.655567316	108.1943659	140.0671216	57.80345888	15.90955403	14.92925369	3.753925818	8.278744277	4.612618033	6.499156417	0.441488895	8.548882359	13.33951459	33.29467389	3.556472594	1.238249495	1.697275707	11.19648128	8.17548637	0.622641677	0.462931336
aligned_38075IM5-Total-PL4_F09_01 20200805_000177.raw	6.573458693	7.724407887	7.384782481	0.590579056	0.952302255	3.269783503	142.2199764	157.4215887	54.04700055	17.96360888	27.64195735	4.786785058	5.690756496	5.506780239	5.840062097	0.470242046	7.571291447	21.31574895	38.39045181	3.05058078	0.082898554	1.43651863	10.44286171	7.766022075	1.038050749	0.497492617
aligned_38075IM5-Total-PL4_F10_01 20200805_000178.raw	6.723462445	5.081901097	6.886602121	6.169649469	2.014093198	4.119485892	107.2149902	228.6420357	46.73731447	20.25658487	18.27206818	6.744045877	6.625354684	5.874478706	9.655818324	0.863745236	7.532488324	13.07925256	37.75220365	4.4337029	0.453555485	0.435718824	9.296152566	8.284982904	0.603580604	0.50806045
aligned_38075IM5-Total-PL4_F11_01 20200805_000179.raw	6.30839636	3.977372741	5.574420359	1.94190683	1.627808443	2.263877904	105.8353051	190.8108263	42.29458387	18.1719826	22.23350523	3.460862135	7.501578574	6.125157893	7.604756017	0.088488969	6.016162789	11.92724099	30.52712799	3.541928487	0.126405775	1.742632019	9.848375733	5.756633176	0.783616487	1.010210988
aligned_38075IM5-Total-PL4_F12_01 20200805_000180.raw	6.05071232	5.280839207	5.186632818	1.727257766	1.753529704	2.448124084	118.1526192	209.2451005	50.55799829	14.10373127	14.6349148	5.657708973	5.131373466	6.873321178	5.570568346	0.557655647	8.207556034	12.75791245	29.96618947	3.708977476	0.187687532	0.970341737	12.13954604	7.835866827	0.704264249	0.420781365
aligned_38075IM5-Total-PL4_G01_01 20200805_000182.raw	639.3614238	440.2123354	327.0454095	71.53527933	80.22815064	19.63428339	1162.773543	12431.42044	1208.021402	532.4239596	1019.813274	300.4955746	41.73748879	198.337017	8.145917137	5.134958386	5.494258128	1086.093616	2063.364615	108.5602987	57.95636712	149.0198749	6.486844305	5.813619767	2.461209882	6.503588707
aligned_38075IM5-Total-PL4_G02_01 20200805_000183.raw	1285.21625	762.9499735	408.5145832	144.2620254	85.9248972	38.65506174	1275.723579	14467.98448	1275.250243	688.4560702	1378.649258	409.9991454	52.85860764	304.4203155	15.67622253	7.653641305	7.686085907	1525.582314	3520.476419	169.038036	108.6944139	210.0654346	7.141323888	8.790885319	3.335125014	15.62816462
aligned_38075IM5-Total-PL4_G03_01 20200805_000184.raw	1109.35171	975.6614873	393.594751	214.194525	236.4979242	60.77145324	4389.806382	10178.44943	1528.8232	758.0527605	1518.81068	617.3052656	46.56999002	455.1965876	26.89016242	13.4703429	15.93734974	1154.165574	4714.790376	318.5717179	126.1052583	234.8837322	9.278574463	14.25251678		28.58116473
aligned_38075IM5-Total-PL4_G04_01 20200805_000185.raw	1939.85193	934.2717676	252.5250942	276.1326468	166.7387654	49.97696894	3052.98978	16099.51643	3694.277379	1463.763839	2503.87691	496.012099	39.28997496	295.1473563	31.75069182	20.42051283	16.32051466	1857.289618	4466.842897	208.0923155	211.2012894	270.2335971	21.37987255	22.0209632	0.401229569	42.13617128
aligned_38075IM5-Total-PL4_G05_01 20200805_000186.raw	1072.36285	550.1191669	141.1257703	201.6494018	86.61551609	18.34423265	4299.061635	9552.120859	1481.527616	2939.918432	2157.047475	318.9357862	36.34583764	174.6225922	7.407433638	5.10261259	6.860253732	1341.777251	1396.869674	65.97569025	163.1742728	118.4584827	7.172273936	7.53186177	0.059909487	6.676702721
aligned_38075IM5-Total-PL4_G06_01 20200805_000187.raw	837.7985534	391.5543093	128.9578217	105.6726277	53.14710383	16.9443639	4688.829547	11889.5568	1245.915411	1212.587851	1348.943407	252.9948325	23.683042	113.8172326	11.51847346	4.688527385	6.183473284	1156.561722	1668.451744	78.85061021	84.89698091	83.11621851	5.974289105	6.48532486		13.65760102
aligned_38075IM5-Total-PL4_G07_01 20200805_000188.raw	319.408184	336.7521188	83.48371544	131.9521169	91.43190826	16.69554108	2928.36985	8173.560424	1312.627295	1771.960811	1711.170474	393.103944	23.13083422	117.8256284	7.606824848	8.718576528	6.108885936	1114.903054	1385.388111	87.01727482	119.0775436	114.9227559	11.40413686	6.277001227		8.562161965
aligned_38075IM5-Total-PL4_G08_01 20200805_000189.raw	352.7684736	567.7946704	228.8226096	123.9826987	96.30342993	21.79168389	3354.617951	7129.631507	1986.7386	866.0506423	1485.622323	595.8048883	44.31313834	299.1312301	26.32975585	13.23423913	10.5004379	827.9338749	2700.242435	129.7101703	132.1363822	201.8141715	11.87998875	11.31470053		38.77480405
aligned_38075IM5-Total-PL4_G09_01 20200805_000190.raw	859.414504	1284.902176	462.8603364	319.3537775	219.3896802	61.46271421	944.2341315	9973.798647	1628.209188	1126.260802	1620.976767	668.3078623	69.34065898	542.8382522	77.59743631	25.14557385	26.91266965	1377.205121	7302.858649	400.2001006	163.6634256	276.5641829	25.07170021	31.67903592	0.733174389	99.40376999
aligned_38075IM5-Total-PL4_G10_01 20200805_000191.raw	546.2629424	746.4746224	231.1940966	163.1854367	131.4621249	28.40630266	1669.956727	12525.00992	3522.13787	957.5642157	1530.257416	484.8898874	31.82422514	278.1599998	32.65148712	11.72881124	14.32969793	1814.03295	5891.957878	387.0422132	129.0284687	182.0028864	9.765086775	16.87374808	0.143926033	41.29442879
aligned_38075IM5-Total-PL4_G11_01 20200805_000192.raw	790.0004701	765.6261308	320.1604705	141.0944702	97.78082091	30.25386749	1400.032614	12523.90891	1385.475466	717.7310756	1361.221995	439.0396968	52.8725587	298.9218074	17.16832332	5.659131902	9.330985012	1750.623121	3456.440137	239.8860773	96.31323865	202.8649813	6.713617491	7.421013444	1.795446693	17.96238579
aligned_38075IM5-Total-PL4_G12_01 20200805_000193.raw	828.2833654	864.6826354	288.0276156	163.9956208	106.3196457	38.03505707	1284.234794	13105.98603	1252.33297	914.8301451	1352.535549	395.7124961	79.82051276	318.4353914	17.25982839	6.04939314	8.419116311	1589.330091	3530.801116	204.7825696	118.7715746	205.3676405	6.652830073	9.75148296	1.558895436	17.78254379
aligned_38075IM5-Total-PL4_H01_01 20200805_000195.raw	1067.273058	435.9319466	111.1403759	116.4549596	61.70230686	12.49179002	7860.001416	9696.349926	788.4728853	587.9242957	693.5911701	103.707912	16.9423688	113.8796595	7.857492435	2.930874801	5.862835577	1469.117631	1420.30765	87.89631323	50.12430137	54.34019697	4.553897761	7.483636291	1.925053137	9.652046918
aligned_38075IM5-Total-PL4_H02_01 20200805_000196.raw	1174.4025	524.2935109	139.4119997	148.2756217	77.67381417	16.0905936	7480.895343	9763.454438	963.4337951	669.3984904	761.3082993	113.4161375	19.54780121	141.0049271	12.76176686	5.198266571	9.195589362	1812.581276	1486.765882	106.4907073	62.42424264	70.33029957	5.404126052	10.4609694	0.515031351	14.46401174
aligned_38075IM5-Total-PL4_H03_01 20200805_000197.raw	1025.744952	530.5163451	133.3712333	158.935007	85.30189187	20.36639259	7160.854217	8789.765557	935.2059508	639.0776872	786.0395612	114.1110392	17.08259916	140.4155977	13.74058919	4.186002332	7.051497672	1346.072631	1312.328131	99.21759349	69.04771229	72.04656661	5.915769942	10.55729232	1.730386242	13.57630182
aligned_38075IM5-Total-PL4_H04_01 20200805_000198.raw	862.0062683	455.1266178	123.413303	131.2696375	81.5207951	16.57618071	7249.309922	8515.936681	979.6511562	660.60036	793.1331656	134.5600437	18.44443446	152.2237005	13.48024481	4.074327229	7.659484971	1303.650335	1424.610917	87.42991748	57.94828266	62.2136298	5.570698516	11.22152327	0.475547056	17.26739194
aligned_38075IM5-Total-PL4_H05_01 20200805_000199.raw	967.7956324	530.3639795	173.2896286	164.5615195	91.01189315	21.26588546	7034.918149	8327.030817	1108.636946	719.1195982	842.0398248	176.4909074	22.19313999	174.5358592	17.66594803	5.686735557	6.812992969	1246.565531	1452.631119	104.5029798	69.36074697	84.36234653	6.25573819	9.951293802	1.885925987	17.05685859
aligned_38075IM5-Total-PL4_H06_01 20200805_000200.raw	795.8531383	454.8867146	163.8251537	159.1480381	98.78587475	16.25277904	6487.52592	8098.724337	985.1935599	686.2504451	787.6067512	174.6810335	20.77666845	209.9942779	15.46924401	5.477607697	6.785559573	1154.193734	1422.942533	84.0320227	60.41014881	76.21190173	6.798370831	9.006175582	1.508297079	18.66308466
aligned_38075IM5-Total-PL4_H09_01 20200805_000201.raw	351.2900536	195.6715977	51.79666612	54.53093123	18.93415446	4.470198765	8803.71883	9995.433112	1389.551961	856.0696443	569.7385861	77.39250422	13.67907774	45.16050768	5.320848099	1.295809962	7.386688396	3288.935923	1383.617701	146.6755491	77.42117916	44.97704029	3.317831184	7.403359292	0.318619906	5.543529127
aligned_38075IM5-Total-PL4_H10_01 20200805_000202.raw	1789.022592	1456.288716	284.6268358	214.6161419	146.7760162	27.3285481	1572.298393	17665.78506	2453.963038	682.8463049	1175.375295	274.110948	86.16124412	383.6420247	37.78385619	7.506350612	9.613551925	1980.25357	4644.127921	454.0391763	154.8151885	243.6508154	8.648050508	10.15379722		32.48651132
aligned_38075IM5-Spike-PL5_A01_01 20200804_000005.raw	486.1733352	278.8795204	108.2061567	47.33351306	72.37632274	105.9171157	3125.931598	4764.007353	1357.454107	1657.233529	254.4999572	95.70743699	7.249207711	38.83265599	1.9888975	0.207465206	33.95812904	381.9081804	783.437657	11.83570993	13.39337818	27.64546785	1.810640445	19.21512342	1.743472898	1.412249818
aligned_38075IM5-Spike-PL5_A01_02 20200804_000088.raw	159.1070656	373.5765042	63.33764523	44.64630854	46.97252496	63.16212901	2601.769884	3119.704116	1162.239896	971.8375317	240.2532771	88.29572559	5.945904936	30.23062773	4.16820564		20.20368615	396.9567814	722.9016467	13.17241364	12.3790649	15.64259951	1.490213272	12.64543984	1.133919008	1.372223725
aligned_38075IM5-Spike-PL5_A02_01 20200804_000006.raw	466.6764241	418.6151303	154.296741	16.44481718	24.56389371	100.6936477	935.3448896	9829.866619	3913.346315	287.0202549	286.670484	328.0154785	3.303089993	82.53072512	1.909243971	0.287274192	16.05285906	581.654408	4188.021932	50.01393674	14.85279045	113.7371953	0.91205853	9.294293776	1.882915264	2.369130644
aligned_38075IM5-Spike-PL5_A03_01 20200804_000007.raw	515.3725927	405.6137249	121.0990475	56.34120604	57.53533695	113.6941779	1453.424393	10439.14997	3512.06078	1111.936509	532.240852	283.8157215	3.031146753	58.44027418	2.679140515	0.388318624	21.94091969	835.6535995	3714.954644	52.30310464	23.63483425	126.4049179	1.255526633	13.28506318	3.973085032	1.786279891
aligned_38075IM5-Spike-PL5_A04_01 20200804_000008.raw	544.7168577	298.6278701	113.3050806	27.84597727	45.99162251	101.9936109	1467.059564	9720.14359	3561.997537	949.528084	582.4325824	303.5202389	6.80573269	76.61396573	2.533198845	0.544420887	20.12990652	1289.95345	4220.253068	82.82474306	35.76331579	141.7894502	0.308703699	11.62856308	2.758763048	2.975552733
aligned_38075IM5-Spike-PL5_A05_01 20200804_000009.raw	169.564916	198.7824881	110.2683501	18.94647924	33.79330898	99.95272475	996.1865173	5798.052764	2197.938218	693.4249568	181.0244611	131.5303045	3.081500282	64.94124277	1.390259142	0.049826806	27.9094917	566.8697892	1432.129504	24.89182113	9.061407561	37.82614922	1.681927514	15.32809463	2.294702105	0.858211109
aligned_38075IM5-Spike-PL5_A06_01 20200804_000010.raw	34.51007951	63.05662802	114.0756213	8.688729796	25.61766906	105.5329851	2058.053451	6471.399651	2107.504295	563.5709025	601.0098006	450.7860841	1.378993872	34.7888974	1.576818219	0.824560673	21.57345745	359.6906991	3004.072459	36.76715884	26.95083838	185.0085705	2.054722751	11.55733622	1.94961333	2.291747158
aligned_38075IM5-Spike-PL5_A07_01 20200804_000011.raw	213.6908063	295.9659576	108.9138141	26.130269	31.00348585	115.3894397	1251.689016	9310.359523	1027.91302	999.8167624	451.6458853	306.294489	6.6544609	71.02514282	4.045871185	0.474756231	18.13733324	1123.938272	3324.731777	45.37636455	24.7072023	144.7779118	0.557670149	10.89514358	1.767904405	3.884740548
aligned_38075IM5-Spike-PL5_A08_01 20200804_000012.raw	491.475762	463.5763178	244.5643247	29.66531787	26.16173052	105.9589964	783.7295964	9576.931536	2384.667064	368.6015178	232.5261038	131.1108281	5.360165778	166.4810335	11.50081558	0.44961009	18.9633693	1001.630538	2614.906306	52.54175842	13.92258012	67.26125213	1.268140814	12.74319384	3.46159503	7.682934523
aligned_38075IM5-Spike-PL5_A09_01 20200804_000013.raw	6.522737348	5.100250018	17.13592807	8.33178379	14.62049369	100.2572492	53.69671278	123.1304432	38.23488563	33.3439888	3.22373524	31.54637449	1.44979054	23.46700574	4.587786495	0.649603772	18.65245105	5.747255705	16.41461689	3.100810708		1.432914809	5.854925982	11.88844068	2.519358398	0.902611522
aligned_38075IM5-Spike-PL5_A10_01 20200804_000014.raw	5.563054699	2.455822232	14.54608786	15.39888847	14.7488093	220.1510236	35.42688356	71.54641854	29.3282823	49.68035804	0.754693504	28.85098694	0.806812868	10.94829649	4.451327929	0.480826015	46.62077356	3.068984696	6.261376277	2.380156085		1.146586224	7.248852304	25.97076641	0.799425064	1.140672683
aligned_38075IM5-Spike-PL5_B01_01 20200804_000017.raw	762.7453487	1182.872137	228.515121	73.65375785	61.42136495	99.67208446	3028.982617	9014.624467	759.3140446	287.5345176	306.4736851	183.4541441	23.45056885	286.6610819	9.533219019	0.777624972	14.74418042	1133.376883	2522.960877	56.11245521	18.44108372	78.55282671	1.306745016	9.221613031	0.973706012	7.485253866
aligned_38075IM5-Spike-PL5_B02_01 20200804_000018.raw	793.4205865	1214.803229	246.4470532	72.64672677	70.85771139	91.71153642	3049.978829	10302.73602	1013.749361	290.1264703	374.0756695	169.5460398	15.29693795	255.5033849	8.728504179	0.482731365	13.70139269	1280.748145	2746.251223	55.50971687	22.49834246	93.35068231	1.342508824	7.742068636	1.107649412	6.804218679
aligned_38075IM5-Spike-PL5_B03_01 20200804_000019.raw	9.113893101	4.455972996	72.04755605	6.033703107	8.082687384	191.9387482	33.00418614	52.71187124	24.94798598	48.72171739	0.994893083	33.27004355	2.239211164	16.15382644	5.040259068	0.886059388	42.86416883	3.128660211	5.43368273	2.274400027		0.956080549	4.987334111	21.3431213	0.696912289	0.321892287
aligned_38075IM5-Spike-PL5_B04_01 20200804_000020.raw	7.582515115	4.602311731	77.43708094	6.663162503	7.967659991	170.024279	31.3295472	53.01980639	27.95271683	27.50157723	1.607982671	38.95471672	2.059691177	16.79334256	4.414723337	0.911348093	39.18996973	2.243981482	6.769331575	2.554821298		2.130103973	7.748181001	21.82176389	2.035167605	0.473056797
aligned_38075IM5-Spike-PL5_B05_01 20200804_000021.raw	5.080343647	3.369269914	84.98401241	6.416683744	11.27693913	169.0789837	31.51270963	32.56499473	24.78122608	57.08111217	0.870853256	26.36515802	1.294168332	18.46968828	4.64760844	0.324441224	33.97519034	1.997296731	5.571906741	2.446084674		1.291706148	7.988078819	18.36886957	1.022492739	0.442083261
aligned_38075IM5-Spike-PL5_B06_01 20200804_000022.raw	8.147497402	2.903749539	59.87710403	8.256457714	7.641016027	204.1664446	34.08391526	43.01501233	26.73249639	41.00557716	0.632293644	28.11594741	1.839361643	13.62381372	4.201994427	0.896797103	40.98113634	3.008768208	6.633189506	2.736947585		0.523886056	5.981864347	24.1175382	1.510498166	0.20728351
aligned_38075IM5-Spike-PL5_B07_01 20200804_000023.raw	6.651636738	4.297475401	14.15740432	4.822493747	10.04761603	136.9133947	42.07554317	61.61618772	22.46752823	22.40569038	1.478096118	42.16484913	3.163219644	18.67257674	4.877863237	1.244796759	25.30418709	2.333882703	5.690421699	2.396392479		1.258099809	5.866591121	14.6100339	1.891197834	0.838525077
aligned_38075IM5-Spike-PL5_B08_01 20200804_000024.raw	6.1671572	4.00787241	11.67661771	7.243208135	11.37935732	162.0456901	26.11360629	38.97681813	38.6173717	73.69400819	0.882102393	27.6653561	2.348559503	13.00241199	4.906952723	0.382435372	36.25196986	2.368210144	4.303331575	2.642740928		0.703902542	7.510737868	19.57194522	0.680305965	0.533094563
aligned_38075IM5-Spike-PL5_B09_01 20200804_000025.raw	5.92966021	3.715004855	7.668027123	4.417860717	10.94599561	177.8680367	31.18652261	44.87055866	29.50407847	80.64879127	0.832256843	32.46242851	2.144786111	11.38264382	6.738575152	0.468275464	40.71683466	2.431601485	4.891163729	2.448591156		1.234634612	6.699060135	19.22471731	1.574509891	0.442601889
aligned_38075IM5-Spike-PL5_B10_01 20200804_000026.raw	5.894147607	4.650377887	6.592802514	5.199073699	8.257231837	195.9263895	27.57125461	49.71740441	27.86696782	52.59563361	0.666928258	26.5672693	2.924523191	11.13231638	4.734655288	1.286672836	36.6861216	2.645491878	7.593146148	3.121796683		1.793526168	5.261169954	20.31445143	1.587667621	0.587347994
aligned_38075IM5-Spike-PL5_B12_01 20200804_000028.raw	5.334844291	5.160998758	7.395682465	5.388357085	10.29764393	133.6698059	36.22116567	66.10682333	23.47055578	25.59260119	1.079336649	34.08983805	2.631948911	9.656957498	7.887700774	1.608638332	35.63601676	3.77910106	4.953260717	3.288853486		0.93795977	6.054484161	18.71275323	2.351589674	0.59208483
aligned_38075IM5-Spike-PL5_C01_01 20200804_000030.raw	3.860316219	5.828821451	42.76789303	6.346678352	6.318656063	135.5799515	31.18197955	55.84129105	23.3707997	24.39584553	1.088645476	18.03364758	1.120382108	14.72429797	5.586219435	1.008045868	38.28008426	3.394694704	10.09162053	3.144247441		1.35681501	5.063077426	21.55177577	0.732767799	0.728536362
aligned_38075IM5-Spike-PL5_C02_01 20200804_000031.raw	7.371471623	6.097674989	77.61448505	5.884983338	4.902392721	179.8484847	30.35195267	39.70153677	33.84149021	27.82302522	0.859988272	16.15547321	1.30406431	17.45460677	4.80122295	1.024771788	47.74467113	2.552841178	6.986510451	2.130459502		0.650954256	5.834688417	23.75539645	0.627347568	0.508154139
aligned_38075IM5-Spike-PL5_C04_01 20200804_000033.raw	6.279674793	5.807055667	19.66344527	6.553105779	7.17733808	116.3227324	47.88109121	59.81992936	27.88125726	30.35693033	2.061296796	18.24139009	1.72263482	13.79446315	3.668506092	1.106502344	28.72168887	4.02871465	12.1388069	2.878831428		1.898933899	6.175553801	15.16789837	1.119282796	0.900949696
aligned_38075IM5-Spike-PL5_C05_01 20200804_000034.raw	5.757385796	4.788358237	53.11522121	5.833047734	7.121417525	129.7258755	28.20800337	41.01224312	25.2867722	34.17254443	1.147181367	19.51536151	1.412181388	21.12995719	4.52873881	0.757368907	35.8939841	1.967911466	6.623988322	2.427095975	0.060708959	1.204038894	6.814150976	21.3297653	0.909497032	0.471520111
aligned_38075IM5-Spike-PL5_C06_01 20200804_000035.raw	4.668215877	3.827390703	31.70731424	9.847358687	6.068351102	170.8801594	29.47359857	45.40725148	20.14329979	31.73618041	0.850783253	20.72086492	4.951330947	12.73346595	4.21756481	0.552514506	39.9671821	2.713461003	6.589041168	2.598500284		1.91271431	5.554552381	25.67098242	1.648356185	1.003788972
aligned_38075IM5-Spike-PL5_C07_01 20200804_000036.raw	4.600837379	3.824204984	31.1801258	4.474890495	9.767515928	172.6653093	25.80353307	40.54091261	24.07510319	39.49734071	0.848813639	28.92053172	4.451208441	12.54549046	5.95336367	0.237675656	40.3381124	4.070287295	4.707869906	2.369570092		1.186690673	5.647432629	23.56100782	2.028157588	0.665048484
aligned_38075IM5-Spike-PL5_C08_01 20200804_000037.raw	5.269814568	4.304290295	7.583603031	6.600264028	6.685029478	95.0364096	42.31247976	61.94458001	29.61565162	21.07990998	1.974598875	38.26380006	7.580414401	12.80139832	4.935657108	0.914775324	18.45574618	2.616600143	7.166576815	3.224240375		1.467561143	6.055061878	13.35255122	1.636256109	0.280708554
aligned_38075IM5-Spike-PL5_C09_01 20200804_000038.raw	5.762726043	3.606342459	26.13741988	8.791125476	7.585709987	166.5512406	29.72855195	42.56633223	17.6704875	40.4448477	0.617596543	20.91912891	4.523397722	13.00794404	4.496706998	0.681001384	34.57156757	2.658730613	5.162737742	2.372741687		0.746035266	7.886530315	21.95195218	0.59171353	1.02922281
aligned_38075IM5-Spike-PL5_C11_01 20200804_000040.raw	5.767116233	6.227826374	18.29835273	6.355875092	5.626499357	92.84628965	34.28533599	58.11829346	31.72977354	3.124186141	2.060206772	31.6866623	2.808785285	18.99946256	6.19219835	0.940934886	27.31313327	3.369333834	7.879677982	3.136487525		1.645647547	7.584030904	15.53040443	2.377918974	1.324266945
aligned_38075IM5-Spike-PL5_D02_01 20200804_000043.raw	7.211099091	6.650585393	16.78355606	6.27388565	8.16585198	90.72525676	36.43063883	59.16825383	21.33057239	18.12754541	1.901054603	36.26272729	3.420902575	14.91902927	4.853263108	0.836443242	28.32513189	1.637660469	7.368237041	3.208296655		1.269918442	5.583120354	15.89353763	2.954873981	2.049441617
aligned_38075IM5-Spike-PL5_D03_01 20200804_000044.raw	7.018727699	4.259890433	11.09745173	5.313142841	7.163247781	60.85103425	46.6669098	79.09575559	27.96423969	18.81724446	3.112051848	53.9648602	2.953589995	18.71677023	4.000853323	0.943068956	15.43190682	4.227700215	10.64259858	2.566247601	0.044479963	0.822145328	6.314859089	10.44377182	3.137128165	0.704745443
aligned_38075IM5-Spike-PL5_D04_01 20200804_000045.raw	7.507703928	6.151045142	11.30139344	8.874926776	5.083748618	93.3612283	39.34027306	64.22694892	31.45378707	20.3365863	2.002565073	34.92189744	2.489345067	18.98586801	4.056406759	1.656068566	28.48588246	2.993309622	8.088328514	2.585667806		1.545014343	5.82924995	15.48712107	3.398966835	0.74117162
aligned_38075IM5-Spike-PL5_D05_01 20200804_000046.raw	8.01139011	5.527828711	19.20218725	8.017382005	7.080369816	111.3042484	40.04278502	54.24956643	24.69180339	28.06877002	1.202602474	39.11800406	2.34191232	16.12090485	4.122215023	0.83354999	34.84740961	2.382111506	8.69608618	2.073561955		0.86627754	7.437462872	16.79060218	3.113922574	1.140311168
aligned_38075IM5-Spike-PL5_D06_01 20200804_000047.raw	7.615839148	6.906325622	6.518308541	11.17633721	16.05352753	119.9059523	42.5158233	79.02536654	22.04308821	37.16711102	1.81648623	37.66609779	2.018281066	14.47861738	5.538713285	1.250514689	22.2376693	4.16727637	9.103567517	2.67194594		1.630529879	8.012770597	12.59360466	0.661705496	0.588568859
aligned_38075IM5-Spike-PL5_D07_01 20200804_000048.raw	7.046702555	5.639850793	15.24365926	7.9415225	12.27755951	111.5811901	42.8227485	61.28957881	23.67757863	42.55254145	1.822340534	31.94629388	2.367335126	14.26053131	5.316451031	0.612165521	33.47635686	3.409331969	6.01136115	3.496198106		2.002539793	6.404725994	17.84849469	2.167058665	0.418358625
aligned_38075IM5-Spike-PL5_D08_01 20200804_000049.raw	7.700145814	9.55148891	8.283833206	7.543536075	11.5480339	119.5915685	40.44175483	56.36566372	16.04911209	24.7541396	2.080842246	29.14093967	1.784235547	11.01222693	4.344267847	1.219568925	25.79392127	3.679124303	7.97425777	3.146893393		1.484914411	4.055339253	14.62624724	0.860749761	0.610633536
aligned_38075IM5-Spike-PL5_D10_01 20200804_000051.raw	6.366061924	6.423715033	14.46842151	8.726732078	8.552376797	128.9931744	51.72818913	87.07029413	28.06501449	24.23997886	1.752600842	30.57350086	1.758461275	12.6921643	4.798083838	0.710155686	33.40012173	3.651216439	11.4013591	2.639884753		1.859135865	4.442166385	19.41825357	2.129621053	0.512131996
aligned_38075IM5-Spike-PL5_E01_01 20200804_000057.raw	11.38900884	3.258347444	39.44348139	4.826895255	5.533340016	151.1509415	53.62219179	52.33033491	25.44128113	21.29107139	0.852817542	11.69610155	1.830224126	18.46923147	4.353807086	0.784448839	41.76936898	4.910013895	7.685603513	2.64855419		1.780713781	6.508657349	21.37571824	0.464779204	0.372788913
aligned_38075IM5-Spike-PL5_E02_01 20200804_000058.raw	8.464937943	3.389910502	13.79293966	4.446761774	11.35792302	89.38161178	50.86425914	69.57623272	29.71140491	25.05172143	2.854687374	18.06125897	3.541646598	18.48825954	3.380844312	1.469230893	24.65619011	4.343446888	10.71184428	3.060238636	0.012136867	0.607381031	6.086733155	14.89960215	0.714897841	1.031086665
aligned_38075IM5-Spike-PL5_E03_01 20200804_000059.raw	8.920201582	2.455597637	60.09524068	4.874266348	4.880721944	197.9335539	41.31915366	42.64924372	27.00244827	21.98485737	0.825713725	11.48607444	1.42021525	13.40362215	5.486288155	1.092955964	47.92006825	3.40408182	5.736523303	3.009986061		2.227152861	5.943227956	25.81893941	0.306797655	0.623031422
aligned_38075IM5-Spike-PL5_E05_01 20200804_000061.raw	9.435410107	4.283596392	13.80258392	7.509056278	7.784422986	54.62233071	55.12762888	63.78976335	27.74236889	15.87573528	2.538084201	15.62624105	1.924340032	21.16126518	4.602808377	1.525602119	23.06574666	3.963402872	10.22932688	2.963087916		2.781425603	8.77986329	13.15780369	0.85709661	0.423164904
aligned_38075IM5-Spike-PL5_E06_01 20200804_000062.raw	8.3914523	3.87271458	8.271139607	6.411239122	11.12911949	72.18813154	39.72107928	60.66895194	21.75219465	32.54074718	1.212142194	66.91712351	3.442842443	11.03056005	5.68348762	0.779369633	32.51220567	4.444179754	9.009557482	2.656771497		1.494949177	6.165107754	18.40871497	2.991455103	0.773867174
aligned_38075IM5-Spike-PL5_E07_01 20200804_000063.raw	6.601794537	3.55532979	49.94068483	634.2391406	14.34655459	70.41565866	34.90822416	33.35494747	25.21607259	27.38133899	1.255888481	55.65988384	3.321186661	10.2841244	4.912949864	0.939038747	39.17071431	3.399177322	8.719978764	3.404314906		1.324934938	7.823199014	24.02816511	2.339421075	1.159415394
aligned_38075IM5-Spike-PL5_E08_01 20200804_000064.raw	8.158624091	3.858553333	8.987094371	7.222791268	9.697553161	82.57519764	32.85470807	55.39396461	23.94510164	33.60577028	1.25405274	52.70189492	3.180422232	12.01861242	3.96921964	1.259932783	34.36883301	3.982520663	7.847323701	2.85616299		1.24447211	6.431060679	20.32038541	3.727840403	1.342691879
aligned_38075IM5-Spike-PL5_E10_01 20200804_000066.raw	7.3533959	5.639039231	10.17612011	8.392761675	7.723813638	90.16820319	47.72155554	77.56581379	23.16359706	24.45632586	1.671670282	54.17788772	4.912183612	9.815396033	4.993305204	0.632944787	38.23167507	2.933307762	7.865106616	2.606814884		2.137917624	5.428495742	20.27499983	3.710301966	0.766028265
aligned_38075IM5-Spike-PL5_E11_01 20200804_000067.raw	5.476706323	9.036945591	53.12880769	91.24108529	5.079069394	114.5685957	29.34045133	38.46572515	29.74694017	4.362169428	0.902141434	14.80550823	0.818658289	19.75174943	5.704157821	0.880602972	48.83577384	3.51267134	7.893692191	2.638410267		1.325526599	7.253737446	26.25537735	0.420008359	0.33939398
aligned_38075IM5-Spike-PL5_F01_01 20200804_000069.raw	11.21884151	18.4165893	20.48487516	12.39783195	7.736130004	50.70346439	133.2126537	327.9025991	144.8782593	32.67070857	11.37596071	51.20400671	0.815394623	20.43586632	3.983502276	0.584004504	16.003804	24.5309467	80.68602618	2.408702208	0.916273146	6.49091276	5.179989475	9.137631008	3.928283669	1.106510236
aligned_38075IM5-Spike-PL5_F02_01 20200804_000070.raw	4.552475768	5.674011487	25.26401951	278.1604419	6.520236948	75.65755822	44.83194251	45.13574161	27.25719924	18.25931146	3.007877145	29.46643503	1.020657818	13.80063562	4.886008576	1.73433939	45.78006729	4.559410654	20.57344167	2.640515083		2.561148566	4.938902076	19.72071993	0.590848814	0.894724804
aligned_38075IM5-Spike-PL5_F03_01 20200804_000071.raw	8.438000109	5.791649753	13.27421208	8.438647498	8.902121547	62.63097555	55.7937761	79.97654465	50.8916577	24.00331409	5.837668543	53.87122328	3.224543411	16.41996775	4.489015511	1.274461248	23.96768479	5.817088014	19.3677013	2.421606883	0.166118762	2.486941507	5.664956741	16.3934345	2.601254349	1.202258293
aligned_38075IM5-Spike-PL5_F04_01 20200804_000072.raw	5.442164492	6.14728981	19.66050123	12.68088657	11.02729136	70.53179513	56.78857594	85.41843988	39.46400627	20.06994935	2.969338133	64.25287233	2.897463534	25.65384878	5.176220665	1.139439313	26.02595302	7.256281865	22.06772663	2.418655167		4.610464383	6.491019512	14.91420406	4.325690651	1.158081568
aligned_38075IM5-Spike-PL5_F05_01 20200804_000073.raw	6.007920825	4.766544351	28.73349367	8.611306782	9.342727671	87.96203463	45.71903412	83.35638118	29.63148418	36.91770339	2.762616903	46.5344192	2.436757334	16.83857768	4.926913641	0.392170488	40.19444111	5.609055375	18.50778264	2.462004711		2.002628371	6.233768192	21.84009592	2.69052099	0.705802379
aligned_38075IM5-Spike-PL5_F06_01 20200804_000074.raw	6.445551359	2.573524797	8.249339418	7.873992554	6.85470043	63.37926678	43.97485994	63.44104935	25.68324098	20.14358191	1.912397072	49.84366021	4.2132959	15.04441756	4.022720989	0.691315058	26.19740044	4.051429665	5.446788153	2.534160843	0.204615795	1.389775174	6.327474248	15.07327911	2.576389636	0.740624116
aligned_38075IM5-Spike-PL5_F07_01 20200804_000075.raw	9.214803981	3.097993975	9.415493236	7.783731536	4.93782295	68.61801774	40.9321209	54.35575185	21.54438407	27.98315033	1.427022369	57.91377059	5.895016211	11.63712439	4.070432482	1.058690128	32.23477911	2.851032733	8.392436522	2.197316277		1.143564193	7.105631785	18.2513403	3.150761934	1.083249097
aligned_38075IM5-Spike-PL5_F08_01 20200804_000076.raw	7.636676103	4.376353152	12.85642361	12.28316892	5.953758454	31.7256376	60.07446239	62.13068586	25.30946405	17.38688155	2.957210748	48.1346448	3.701472122	11.70157094	4.654546081	0.977672922	16.93715532	4.583340387	10.42730819	1.42087505	0.084559396	1.556031808	9.188815028	8.452040139	3.733988043	0.945986634
aligned_38075IM5-Spike-PL5_F09_01 20200804_000077.raw	7.061469201	3.159597703	24.25742428	475.2907423	19.94565718	129.0110352	60.03919099	37.4417294	32.92754512	19.10892787	1.363694956	46.87425734	3.130980496	11.85357692	5.127175814	0.502382394	66.45705558	3.570140951	6.367333346	3.229375909		2.151440032	5.00746708	29.63599882	1.53406616	0.854322486
aligned_38075IM5-Spike-PL5_F10_01 20200804_000078.raw	7.13439082	2.363147815	37.30166451	9.767259567	8.459389571	156.9233397	36.58546521	35.99055621	25.56747778	54.56913666	0.781278598	44.07726154	2.715156124	9.192518994	4.145922614	0.935593252	48.95980993	1.709900785	6.506709131	2.377865732		1.109767915	5.628761544	24.57627003	4.18832897	0.198125933
aligned_38075IM5-Spike-PL5_F11_01 20200804_000079.raw	6.912130385	2.421612767	10.87158763	3.937748892	1.132783838	189.0183931	31.35498326	48.26522854	31.77579738	3.713276541	0.948891562	3.504469906	2.923478811	5.451651331	6.473865521	0.965740332	42.27430093	3.926585531	5.431139423	1.87091866		1.306967106	7.87781239	22.38840924		0.742717218
aligned_38075IM5-Spike-PL5_G01_01 20200804_000081.raw	13.29508951	8.3545819	45.6367873	8.679298624	12.38327513	169.7888184	30.12920253	59.9580658	27.10298569	26.72940224	1.405384287	15.42262473	1.446965402	14.81786119	4.503955237	0.792962547	40.74404442	1.955081168	7.92526377	2.316749695		1.309873945	7.702479816	22.62423229	0.393698703	0.161014727
aligned_38075IM5-Spike-PL5_G03_01 20200804_000083.raw	9.114949098	8.208571206	11.71818144	10.10556474	8.907770568	101.8951247	37.33526625	91.64282101	26.81023377	23.02481567	2.289855468	25.98731884	2.816841355	13.74948719	4.883546636	1.487628349	18.98221163	5.1437624	9.153359785	3.416311285		1.217804087	9.025151851	10.61040412	1.968907556	0.799610503
aligned_38075IM5-Spike-PL5_G04_01 20200804_000084.raw	9.391246873	13.04149871	16.92790453	12.74566123	12.73061451	69.7933583	45.13794442	103.2421796	36.18609894	25.32612349	3.597062437	26.01455495	2.465042094	18.80008532	7.268801331	1.425024554	23.05555621	5.333216277	9.10986172	3.754655724	0.509143216	2.648198413	6.049802435	11.22720625	1.845825464	0.742681913
aligned_38075IM5-Spike-PL5_G05_01 20200804_000085.raw	14.46542023	13.20578014	16.87562753	16.02943477	8.094874449	77.30414275	49.07581643	144.3320841	41.14430918	30.97972252	3.691154256	34.98733512	2.212349699	17.53361419	7.0449135	1.57455727	18.93645972	6.434763548	12.16133075	4.160436051	0.04120377	0.957840296	7.239247023	11.42275728	1.663015379	1.249582964
aligned_38075IM5-Spike-PL5_G06_01 20200804_000086.raw	6.406685755	4.454521963	19.27953751	11.48263429	6.090388697	130.9653891	33.80977047	58.79687977	21.82598181	5.467891353	2.309245294	9.292512848	2.107255143	22.84586211	5.261900163	1.024106143	27.4415986	4.214092427	9.428257885	2.760136468		1.984557181	6.605966326	16.05912197	0.457805052	0.432503505
aligned_38075IM5-Total-PL5_A01_01 20200806_000097.raw	884.9038312	377.8623138	127.5823344	175.9052251	85.30702731	27.2778058	5278.013334	10900.93569	1983.448141	1611.367974	1440.373497	258.62442	16.5184725	103.0024148	6.805536503	4.737060039	6.80713528	1079.503305	2342.956065	103.6258734	112.004981	115.4028737	6.53168967	7.577167545	0.55239595	7.238978533
aligned_38075IM5-Total-PL5_A02_01 20200806_000098.raw	1307.272702	847.5081521	266.1316694	248.2820111	153.9833943	52.61463267	2737.817773	10138.41489	1448.826651	855.4654081	1260.559343	380.4871867	31.99825645	329.8678291	29.53066437	11.75533371	11.83868754	899.0803703	2289.281984	127.8690718	94.8745612	125.5315657	10.66994726	14.78027153	2.031683471	37.32902682
aligned_38075IM5-Total-PL5_A03_01 20200806_000099.raw	1905.773584	658.6539569	260.6709963	221.1798397	119.0187899	54.5889168	2989.804897	11709.90878	1215.695014	1167.198512	1660.245289	363.3695409	26.82108031	366.9476376	19.84799462	10.28983643	10.12951319	1167.959732	2885.847613	201.602362	129.4571434	194.5934335	8.814293561	9.716681162	0.601147887	24.81873248
aligned_38075IM5-Total-PL5_A04_01 20200806_000100.raw	1279.729376	578.3307813	213.1311295	184.2001475	98.76558789	30.1214819	2657.834917	10519.07347	1392.546458	1310.831579	1447.125464	343.1973535	39.546807	319.7152346	29.43381382	15.06486836	13.7746775	1238.465786	2863.726485	189.1371768	117.2534011	143.0317647	10.49106435	11.57247794		46.90520961
aligned_38075IM5-Total-PL5_A05_01 20200806_000101.raw	2142.799345	817.8707616	258.1293005	305.1400676	142.606881	38.74370995	3325.940497	11362.66949	1955.47028	1747.603991	1597.330733	264.5220612	49.23183838	338.7420893	20.16670514	16.77849973	10.75386603	1164.439621	2343.477535	149.8962069	125.9910273	105.9551164	14.48858355	9.902000782		25.45646259
aligned_38075IM5-Total-PL5_A06_01 20200806_000102.raw	154.4839031	283.6740138	132.2608239	56.35042484	87.97772907	43.48225828	2524.156641	13734.74826	2794.076139	1679.03094	2345.955258	770.0574951	9.680782967	156.210845	18.14143669	5.767117246	11.147382	799.6930179	4661.606309	131.7157307	157.8244671	244.5026095	9.54305585	13.03201158	0.11477499	28.50172307
aligned_38075IM5-Total-PL5_A07_01 20200806_000103.raw	570.6263828	360.2878119	122.4548737	117.1636101	73.35389355	27.13063122	2180.616462	14810.89496	1273.489408	1330.269545	2010.83387	475.300943	32.36898963	182.0610654	37.46220228	15.24991193	15.33220535	1352.904043	3828.388552	172.4743984	175.2412247	221.4913946	17.50706308	15.34183095	0.167648659	54.77676823
aligned_38075IM5-Total-PL5_A08_01 20200806_000104.raw	1386.868333	818.5764116	179.1395897	241.1703161	168.2130887	39.10662884	2345.138944	18217.44917	1762.238742	1058.281805	1852.294763	367.8402855	40.99932841	293.0175201	24.71904358	17.08215535	15.77545264	1319.069306	3465.563426	158.2619358	132.5084915	187.6400239	14.48849991	15.30893456	0.186976715	32.34358625
aligned_38075IM5-Total-PL5_A09_01 20200806_000105.raw	811.9519625	941.2291169	561.1629039	230.2523087	242.9998219	46.12111507	1164.646326	15046.85876	2161.899775	624.6660554	1800.612234	605.6429808	37.78233939	345.8499476	22.37402831	8.298528123	12.25135161	624.8778909	3527.922573	156.9875307	121.0800883	221.4905188	7.923544059	10.53323905		24.45717708
aligned_38075IM5-Total-PL5_A10_01 20200806_000106.raw	441.8083442	268.6763766	104.2038235	105.2039071	85.81234451	15.18417743	2804.966189	11724.8666	2654.116509	1114.149838	1395.281422	289.8710429	13.73019139	111.8695636	9.881395336	4.268509362	9.513828669	776.5909739	1772.034037	66.65053458	84.4995238	115.4656055	7.731455504	9.040040476	0.463785452	8.334521015
aligned_38075IM5-Total-PL5_A11_01 20200806_000107.raw	17.73159877	6.924658126	9.350246126	68.32305055	3.480304523	2.921519354	155.2816944	356.761533	109.5713353	28.02423045	30.5400723	8.813376783	9.306631528	7.89749048	5.87453265	0.431111063	8.012279629	17.62094103	51.457614	5.681634617	0.745868626	1.749743468	9.67881412	7.466913756	0.697178708	0.556624156
aligned_38075IM5-Total-PL5_B01_01 20200806_000109.raw	1082.779286	800.75035	298.7061871	218.6135979	120.209611	41.12415299	1254.73002	10163.33122	1588.801175	674.3508642	1422.63557	443.78923	43.90920523	250.1221307	15.2780897	9.065700695	8.556073573	1154.253105	3571.103387	200.7787569	124.2731529	194.7787635	8.646590657	8.964992118	1.257474175	15.7317848
aligned_38075IM5-Total-PL5_B02_01 20200806_000110.raw	1014.538757	739.2318712	309.7628127	151.0566842	134.0594134	41.42329482	1250.208327	14154.9546	2197.491702	661.0410845	1477.397803	365.9742984	40.62021995	246.1797632	10.80211511	4.864403355	7.440730977	1135.413271	4015.966813	144.7381948	100.8406361	189.3800722	6.24373087	7.767110031	0.955311234	14.9539727
aligned_38075IM5-Total-PL5_B03_01 20200806_000111.raw	751.0020564	424.8112889	190.3878308	162.1120315	129.6924452	32.45859323	2394.595193	10974.90745	3451.800903	1336.228171	2471.365723	631.5027307	34.27416715	176.9776866	28.33964818	15.28586591	29.24271516	706.6620513	2985.593259	90.77247757	135.208039	213.7024964	14.55810549	39.8902573	0.167700435	37.21082237
aligned_38075IM5-Total-PL5_B04_01 20200806_000112.raw	946.0778632	846.8397283	525.5687405	313.6383325	252.7634842	93.97150664	1179.553072	7849.770254	1999.362001	1589.953982	2523.249017	859.6981655	41.26847764	438.5715962	48.17228039	17.99536614	27.09222341	568.4101857	4206.552221	198.5037798	181.480095	385.5943448	16.46292284	33.31547846		54.73244715
aligned_38075IM5-Total-PL5_B05_01 20200806_000113.raw	876.9577194	934.0631577	518.4681462	332.18221	281.1580177	100.9382368	1095.711608	8537.741809	2013.92871	1660.031101	2584.782189	910.0406604	41.4196322	455.1773106	37.99236803	21.68272412	29.26727638	460.7948433	3750.050146	197.734562	154.6420692	370.11894	22.33517255	37.47020354		52.58352698
aligned_38075IM5-Total-PL5_B06_01 20200806_000114.raw	900.5400659	550.727919	203.2836391	212.6681856	159.0630625	41.08414069	1897.801536	11316.84961	2076.424325	1331.708978	2174.736648	545.4490294	34.01612343	182.6026483	26.69132065	15.84780081	21.44013132	773.3582551	2947.174302	151.3886922	163.8266555	246.037305	19.10688075	32.4629002	0.253688678	37.56744551
aligned_38075IM5-Total-PL5_B07_01 20200806_000115.raw	903.3812223	579.7499902	178.5489908	186.9995715	155.367215	36.87016759	1888.70262	11560.69664	2027.1642	1297.343681	2207.599301	552.8871661	33.81044724	226.4202284	29.46234969	13.94917996	20.93426312	739.945624	2692.108768	123.8975927	144.8555983	197.6268263	16.4780595	28.56906962	0.45621805	33.3965585
aligned_38075IM5-Total-PL5_B08_01 20200806_000116.raw	3000.577495	1465.896358	398.4154876	560.7719921	346.8501932	74.04252648	2135.107989	8646.111614	1962.707094	1225.744983	2241.553386	501.5084745	40.10516633	312.2299778	32.25226602	16.0777211	20.84755126	771.032475	3344.628541	146.2407517	154.875462	197.5533535	17.15938371	25.90970434		45.25937356
aligned_38075IM5-Total-PL5_B09_01 20200806_000117.raw	2659.939492	1462.72725	348.6881185	594.1441891	345.7285373	71.86210464	2116.286613	6262.505093	1966.232722	1214.513552	2094.613582	517.6217426	45.54153605	333.7958764	33.99942856	17.14919051	22.36317926	773.5364089	3504.16007	155.9537398	138.2035586	181.7012419	17.29889639	23.58868979	0.043005951	41.41732099
aligned_38075IM5-Total-PL5_B10_01 20200806_000118.raw	2497.865045	1456.832175	308.5105372	482.570946	319.5874483	67.58199342	1938.67561	6313.541165	1812.815216	1151.369597	2177.622923	506.3579982	46.46689884	299.4276062	34.64309369	16.49994926	21.8714848	765.206297	2999.874084	146.0083714	145.372354	174.9715084	15.5476697	22.19151072	0.019669291	37.31521113
aligned_38075IM5-Total-PL5_B11_01 20200806_000119.raw	2155.384752	1764.367083	335.3451614	498.2009636	307.6404625	68.91065577	1848.66438	7700.078003	2011.465112	1102.324308	2119.827726	486.0499242	45.65937545	274.0973094	32.81973577	19.21766823	19.60159607	742.284097	2985.344067	136.2695183	139.9873601	176.28792	16.45017404	21.36263322	0.068188899	41.16418219
aligned_38075IM5-Total-PL5_B12_01 20200806_000120.raw	2249.969268	1718.16458	392.3735472	483.6481031	201.1053591	62.41739095	1985.02358	6592.152298	1928.644869	1124.394408	2173.195578	475.8085735	50.07439319	240.5116251	31.7484493	20.5922897	19.61246778	717.5119101	2770.531868	120.9381276	135.5341481	173.7405294	19.99163649	24.26363974		41.87787244
aligned_38075IM5-Total-PL5_C01_01 20200806_000122.raw	714.6163912	1065.478251	464.9011097	161.2662971	246.068822	52.46280435	1084.164774	10402.27886	2260.405212	599.509894	1455.547235	552.8398556	35.98243918	259.673054	19.55547486	8.516972795	10.03977488	622.4484482	2787.320383	154.7817518	111.097833	192.4797541	7.862077016	9.210324166		18.2861821
aligned_38075IM5-Total-PL5_C02_01 20200806_000123.raw	663.8045693	1123.190401	544.589033	171.7689739	248.367199	40.87434273	1203.227147	9942.169686	1995.648176	597.6196368	1508.764504	588.4397291	40.74068494	330.8412233	17.39515013	8.143814979	9.164973085	605.8733199	3027.568508	168.7757507	97.89308088	202.7344524	9.837415171	8.99846818		20.28305517
aligned_38075IM5-Total-PL5_C03_01 20200806_000124.raw	1024.318196	1686.193583	421.8671845	229.0601356	233.3660533	43.43841297	1157.699404	10877.50577	2271.884018	616.8364487	1567.701926	585.9962101	43.95796206	352.0499773	17.52391179	9.929798948	13.22430802	654.2176339	3642.62407	193.4038342	132.0929788	174.9983392	10.00554307	10.70793443	0.050294696	21.15464841
aligned_38075IM5-Total-PL5_C04_01 20200806_000125.raw	1173.898902	1272.18251	485.6349019	249.5245043	258.1815147	57.58287007	980.5591419	12256.2887	1611.358914	666.7567341	1619.341179	640.8114689	45.25846459	396.0162267	23.73756333	10.55615406	14.64316542	663.218958	4549.808778	282.8603575	134.3269418	191.5995226	8.538862381	13.63015113	0.035561796	27.48882914
aligned_38075IM5-Total-PL5_C05_01 20200806_000126.raw	993.8361028	996.7002955	505.7047492	399.4727105	273.5057863	110.5863982	1068.291106	8457.148417	2057.243788	1573.928085	2469.018358	948.3847109	44.82999968	439.4835926	45.90441021	21.73629701	35.86853948	489.3735488	3941.838407	203.4207916	175.5254392	369.7262661	17.4601138	39.15706255		62.16271715
aligned_38075IM5-Total-PL5_C06_01 20200806_000127.raw	628.017166	762.9858898	414.3055865	228.5101953	210.4363158	67.29421358	1112.255202	9791.028709	1219.752095	1586.367322	1942.983407	791.1345032	46.60747112	379.3343746	59.642527	23.12360827	28.13273121	669.947529	4570.166374	266.1949269	160.0245006	316.5888749	21.25667229	32.56011756		91.20241767
aligned_38075IM5-Total-PL5_C07_01 20200806_000128.raw	759.5657568	827.7885375	419.1462977	353.2046216	204.5122135	70.0697533	1211.597832	14481.64334	1826.839557	1704.474003	2092.41681	934.0863569	49.94381041	383.9977178	73.36783384	24.52096736	34.74093838	678.4545518	4975.174595	259.545475	174.7016248	360.9000872	23.44655982	39.38684084	0.382485666	108.7767846
aligned_38075IM5-Total-PL5_C08_01 20200806_000129.raw	468.2749025	599.0654953	305.9934388	256.3040823	239.0474669	55.53575438	1243.756874	8698.479798	1828.329212	1396.696014	1764.184147	626.2747817	41.11847753	322.0969172	60.17188017	22.28785888	28.74936128	533.0714859	3675.159432	207.99534	141.8356987	301.5975503	20.2232782	29.83677567	0.017145425	87.53071535
aligned_38075IM5-Total-PL5_C09_01 20200806_000130.raw	688.1891033	783.5148932	448.356997	418.0114487	213.6540302	69.23042437	1213.960165	7937.884366	1104.202592	1710.382442	2086.406291	858.1420409	45.43267471	390.5730178	74.57625052	23.94205436	37.11867901	658.5293493	4304.071525	254.7661289	187.6058238	326.2201751	21.91156665	43.76619941		99.42919491
aligned_38075IM5-Total-PL5_C10_01 20200806_000131.raw	485.6934915	688.7782703	539.8421091	407.4538334	209.7919052	62.16243412	1272.751109	9258.204411	1229.074758	1662.077964	2066.777376	866.6260697	46.48540461	422.3303087	75.18061369	26.07069786	27.48047589	598.0166814	4412.564503	266.5093134	166.4455431	315.2361824	21.59196788	38.49083318		97.29081944
aligned_38075IM5-Total-PL5_C11_01 20200806_000132.raw	368.6432817	491.2370455	292.8025645	198.908763	94.35206511	36.33981906	1196.423798	8402.008986	1281.036009	846.2710439	1755.764332	665.6857973	25.80428297	290.7466674	31.76913966	13.05429012	15.15898362	634.9052275	3702.05065	193.2170123	135.0929484	240.2961073	11.49827675	19.08099024	0.02906299	41.9990744
aligned_38075IM5-Total-PL5_D01_01 20200806_000134.raw	400.5660671	373.0274957	138.5710636	209.0033618	103.2564632	41.70751662	4195.201391	16627.51727	2957.848418	1235.512913	3741.807677	491.859579	14.26442761	130.2162326	26.52489384	10.41402738	12.47857022	1724.802931	1076.060389	69.78279345	206.9976911	155.5491862	12.93624869	20.45911983	0.076582559	37.02214069
aligned_38075IM5-Total-PL5_D02_01 20200806_000135.raw	364.3472	392.3710602	118.2545657	155.1762536	97.56678292	42.31421963	5298.319827	16697.47189	3263.445901	1324.219479	3424.743186	523.0888712	17.09779464	138.6420327	28.66719456	13.65544835	13.53744624	1629.902221	1330.02462	82.66979278	204.1102637	178.4377585	11.82051259	23.80337349		38.29109619
aligned_38075IM5-Total-PL5_D03_01 20200806_000136.raw	329.5333532	356.506701	93.83540787	131.5991359	104.263292	35.28971151	5357.14262	18823.3897	3044.302478	1334.905429	3500.091784	512.6252762	15.22589233	132.0178088	35.29393744	11.97311934	14.7920076	1504.423529	1086.077342	69.97753301	207.3193684	153.5854707	12.46647456	20.71662065	0.298560345	46.50911053
aligned_38075IM5-Total-PL5_D04_01 20200806_000137.raw	329.8443419	343.2199908	103.6013971	137.8567896	91.64519085	42.1545217	5416.034053	16423.55835	3056.601248	1235.83955	3310.105734	412.5095763	15.98996519	101.0322025	26.90130962	13.82215545	9.823225697	1520.313009	820.709457	61.94971793	173.7655885	146.5393662	13.65750147	16.06649773	0.306703239	39.95515773
aligned_38075IM5-Total-PL5_D05_01 20200806_000138.raw	284.4235702	375.8620575	96.68354998	119.3957252	88.04887613	38.53428395	5410.120905	19081.92538	2864.748562	1255.536626	3232.318638	505.1129355	14.81736643	114.0331347	25.40392671	11.45047848	14.00971254	1571.188588	941.3780387	64.71329656	188.8281211	198.8305161	12.52748197	20.50126412		35.77363735
aligned_38075IM5-Total-PL5_D06_01 20200806_000139.raw	565.7285875	536.6728408	229.5863296	380.6154061	376.300927	50.75630131	4499.009644	4191.250981	1934.314314	1617.072688	1986.482416	520.5755644	37.97180912	183.4520365	19.53991935	18.11626947	15.69628164	424.0653895	1107.818614	58.73448336	113.2599087	148.3632473	18.56254226	18.24708976	0.442472394	24.27362858
aligned_38075IM5-Total-PL5_D07_01 20200806_000140.raw	836.1967716	1066.218216	353.1473594	541.4623218	433.8967613	77.26839328	4422.088981	5633.371205	1273.525385	1908.636165	2683.948617	678.2874268	88.59288834	248.9455447	28.47876742	32.8693347	26.55609941	629.5632908	2374.833528	105.0062457	200.0763867	209.5420327	28.54189529	33.35713612	1.033228336	40.77495941
aligned_38075IM5-Total-PL5_D08_01 20200806_000141.raw	544.9548399	529.6914345	247.7882825	324.2770618	185.9021696	40.53636381	3295.733177	4529.34358	1105.789561	1578.099839	1961.826957	538.4557106	38.56940105	214.9661019	13.27364809	19.20226975	18.75188317	417.6951102	1109.783319	55.84048832	110.0265427	143.8645388	16.71685431	15.85983416	0.863785579	22.92181768
aligned_38075IM5-Total-PL5_D09_01 20200806_000142.raw	479.7496225	466.0000927	215.9215331	287.6590468	185.8108891	40.43847575	3175.376182	3897.254447	1226.685393	1072.821059	1831.477525	552.0947697	42.95852354	156.7646083	17.16061636	20.24503765	14.68375792	443.0334259	1103.576928	52.75712085	113.2397161	126.4880766	21.15398719	17.90254285	1.111641439	18.3606825
aligned_38075IM5-Total-PL5_D10_01 20200806_000143.raw	549.8833507	560.5615216	226.466978	317.4122352	203.2172172	36.97528494	2964.834422	4072.515894	1082.598787	1075.426896	1775.736823	496.7806463	35.22030868	151.993501	13.91352987	16.81815284	16.17370165	436.0943058	967.4061159	55.40272559	91.38456425	137.106441	19.46935298	16.86583785	0.632249063	18.68596218
aligned_38075IM5-Total-PL5_D11_01 20200806_000144.raw	7.80639943	8.562915348	6.583796887	1.810176357	2.990357061	0.845166378	127.2134886	227.3987679	134.7149203	27.24425228	40.50371345	9.434503235	6.9487768	6.283219239	6.002556489	0.191838007	6.11950781	14.92934315	52.25264847	3.437899297	0.697528032	1.343066929	11.05458718	8.407654403	0.681601947	0.27001111
aligned_38075IM5-Total-PL5_E01_01 20200806_000149.raw	570.474298	855.1713548	228.044997	209.2216303	156.1187327	45.36641084	1830.931154	11308.79256	2454.434951	1457.894657	2462.981006	782.4881791	31.35504435	252.294087	43.88968594	19.01691275	22.28087746	617.2761497	3662.55672	170.1695581	167.2999458	273.4405214	25.08913196	29.14342887		68.82665861
aligned_38075IM5-Total-PL5_E02_01 20200806_000150.raw	337.4285464	552.4869869	169.8754592	135.2751775	158.9644228	30.56651474	1936.646787	8841.646157	3558.344768	1335.816221	2041.762776	734.3265219	29.53209344	184.1004743	28.24341571	15.03717509	15.94831589	530.0988089	2139.426585	110.4633344	113.5909283	211.6259188	20.86139514	20.72214916		38.13199052
aligned_38075IM5-Total-PL5_E03_01 20200806_000151.raw	568.1512992	779.9286378	237.1875056	198.6985788	170.7908166	38.71200316	1817.472566	11678.51812	2280.798187	1354.135694	2248.471142	739.1037191	29.63977881	250.4396094	40.4466058	22.64117201	18.14605516	695.2947587	3206.137653	164.5373671	152.0695666	231.4763769	24.32171017	25.07642386		61.94519016
aligned_38075IM5-Total-PL5_E04_01 20200806_000152.raw	513.3835769	813.733638	233.7569335	184.6294424	156.1070641	41.13192119	1803.696241	11657.59987	2348.184784	1394.532286	2200.868206	720.1339469	29.39409911	191.0771564	39.44561219	19.40936716	19.83536761	667.0989064	3191.908605	173.7399431	153.4547944	236.3737397	23.05527633	22.17827726		60.9585144
aligned_38075IM5-Total-PL5_E05_01 20200806_000153.raw	686.4857813	962.2028663	274.9394395	238.2925347	176.3591222	45.09817303	1692.534791	12373.2906	2440.699085	1560.092863	2585.896941	822.5147725	33.78699926	261.4265565	52.20024991	21.91034927	23.81543983	728.6471831	4048.802374	221.9940085	192.7916593	280.9708006	26.0623587	28.714471	0.018318837	78.81066173
aligned_38075IM5-Total-PL5_E06_01 20200806_000154.raw	461.0254935	553.3106905	203.6712352	149.3539103	161.4230693	28.98867218	1078.853847	5702.233218	1611.310037	819.9272705	1339.367272	545.5133186	31.69795152	186.9213498	32.1467993	16.77978234	13.60022364	447.6228894	2794.962151	132.8065375	93.49362745	148.5467607	16.14643597	19.34737955	0.637070613	45.42827509
aligned_38075IM5-Total-PL5_E07_01 20200806_000155.raw	606.3511506	749.3692869	225.5869437	195.5578906	188.2034591	37.39131334	1061.327517	5429.739127	1681.293684	843.1406852	1585.248124	580.9843723	35.0720715	206.9659099	41.76856693	20.0641999	15.72109951	520.3523418	3922.613934	172.6543123	109.3093341	186.6985126	20.13795852	21.25866227	0.317070238	63.23993525
aligned_38075IM5-Total-PL5_E08_01 20200806_000156.raw	713.4326165	738.2173175	250.0819342	232.3801846	218.8739637	42.12887807	1042.902678	5808.952351	1706.903574	887.4768125	1750.464565	696.5291879	37.12957736	180.3472949	43.45866234	26.84710693	21.52868047	563.3494851	5407.1518	190.8271594	123.3496749	233.7679199	23.76480988	30.20711364	0.098752899	60.92300022
aligned_38075IM5-Total-PL5_E09_01 20200806_000157.raw	606.6366852	565.4744098	206.7683746	187.1248378	187.2479871	34.40624978	1043.433949	5371.698781	1635.967073	869.8819605	1541.706554	624.5307741	31.83712916	206.5355976	37.53776544	19.60017469	14.55305612	527.2425991	3589.020805	164.8462323	114.3747154	185.4919044	18.73668569	20.58651567	0.219965098	48.57730335
aligned_38075IM5-Total-PL5_E10_01 20200806_000158.raw	695.6583017	676.2793279	219.5585399	215.4215225	217.6607703	41.83959577	1066.936126	5730.487608	1646.38783	897.5050753	1768.733433	634.3774734	37.36604085	199.2875498	42.32607839	21.73064099	17.81388714	646.9832648	4301.665565	186.2121013	116.0102321	196.6541351	20.35753154	21.95903177	0.126146051	52.24560004
aligned_38075IM5-Total-PL5_E11_01 20200806_000159.raw	311.7367662	299.0745238	292.8415228	77.68030768	103.3812202	21.99029568	1080.112949	7377.743777	1159.421755	759.1420423	1220.896277	525.4471158	25.27258096	209.6503077	15.41096949	9.745025307	11.08645068	550.5254363	2010.515476	102.0490512	90.90532272	154.6415644	9.458623182	8.825160586	0.131568143	22.880026
aligned_38075IM5-Total-PL5_F01_01 20200806_000161.raw	528.2627709	521.6784621	285.2908687	147.4241945	155.1454794	41.53527779	3756.756488	12253.75676	1467.822493	711.1279111	1467.665547	630.8009027	27.54118278	290.7745747	29.80061415	9.684601695	12.27715888	620.4870504	4566.72743	280.6389081	110.034938	248.1398732	7.089694923	12.67271642	0.105530359	41.54070475
aligned_38075IM5-Total-PL5_F02_01 20200806_000162.raw	595.3420271	562.1183037	314.870528	155.1622591	180.7586496	41.42342972	4024.814391	14279.53016	1614.370158	722.2029362	1566.093979	802.8947312	30.14961656	294.3406652	30.24662477	11.44430631	15.83340965	636.596208	6048.23834	319.2318266	112.6601915	294.206197	7.053846186	14.60709329	0.162098893	45.54823121
aligned_38075IM5-Total-PL5_F03_01 20200806_000163.raw	576.5884522	702.2435468	289.9514024	161.9792351	200.6636388	44.14158941	3522.224138	13867.54126	1530.335976	797.3021056	1549.901701	656.1116903	30.469615	277.3718149	39.93892639	9.610552958	15.4687666	662.2469019	5290.536199	344.3070836	101.2913451	243.3562481	8.843653743	16.99045988	0.350218584	46.29554163
aligned_38075IM5-Total-PL5_F04_01 20200806_000164.raw	470.7841748	490.0588662	264.947179	121.1933061	172.636019	35.52191721	3293.420607	13643.77932	1472.218671	738.3520326	1399.052592	736.672434	29.21427886	284.3657295	30.86790893	7.699211793	12.62463947	602.9072076	5221.586829	325.4388498	97.54690883	249.4911037	7.515172549	11.47644757	0.22639727	37.27157288
aligned_38075IM5-Total-PL5_F05_01 20200806_000165.raw	625.3217875	596.030483	333.9455046	172.1140471	189.6326312	41.9076273	3850.069367	13883.12451	1512.738064	764.4655144	1521.803313	772.1769123	26.90521435	327.4558972	37.7151597	10.03903347	13.86841951	595.5128693	5420.102822	437.6853295	108.5819303	297.3777048	8.004821885	16.03207061	0.280750554	55.3544851
aligned_38075IM5-Total-PL5_F06_01 20200806_000166.raw	718.3618367	718.051856	700.1347829	112.8042353	206.1205577	55.5668335	2496.383755	6042.083137	1047.362054	669.5425339	1146.929362	689.7329316	43.46641508	376.485808	55.06511081	13.798321	22.94105283	298.4573663	2989.622242	139.8017808	77.32951986	203.9021575	12.68514006	24.71144366		70.12056444
aligned_38075IM5-Total-PL5_F07_01 20200806_000167.raw	754.072556	752.1711304	726.0157982	131.7912689	221.1083597	58.25748566	2445.229593	6586.830662	1180.655839	685.1011564	1106.610753	719.1831546	45.83462377	384.338207	60.26805541	15.72958675	23.26411234	297.9025837	3097.1493	143.8633068	85.10520857	188.8502554	12.78121245	28.72893369		80.57828203
aligned_38075IM5-Total-PL5_F08_01 20200806_000168.raw	641.1681753	598.3394619	553.9677971	92.89202081	226.2339651	46.06463327	2193.727229	6157.191918	1070.56906	592.7826381	1051.931542	599.1661059	41.02744791	290.4820688	42.62474709	11.28453926	18.72334331	283.5685568	2410.471217	122.6793133	69.23939202	168.3845657	10.67945075	24.50538817		56.62672537
aligned_38075IM5-Total-PL5_F09_01 20200806_000169.raw	404.0602886	367.3247368	451.6442231	63.38328235	187.0773633	31.28666168	1560.702575	5065.697919	1033.782258	525.1771894	813.158222	440.1705931	34.21561547	289.1306672	31.27748902	8.685549104	14.8400417	230.1366275	1443.293734	72.61634307	43.50911331	120.2389343	9.42283931	16.28298144	0.208456648	40.95950054
aligned_38075IM5-Total-PL5_F10_01 20200806_000170.raw	738.321529	760.0142788	722.9069891	109.0244842	234.017103	58.0674924	2404.784442	6216.281642	1071.445849	696.2570747	1078.7432	623.2239654	45.42156614	362.2121418	48.75710858	13.85646116	25.43379556	312.6631445	2891.581034	130.0749705	76.62274343	212.856679	12.14832443	28.49372539		68.32433856
aligned_38075IM5-Total-PL5_F11_01 20200806_000171.raw	8.234026448	6.345835144	7.384977059	1.135763277	2.650927839	2.03561068	109.3352765	227.7716658	90.4788697	22.50371949	34.67443508	12.32852484	7.973509674	6.89038373	6.71582701	0.052330212	9.132620084	15.47559528	51.76926241	4.425684513	0.699768847	1.987029364	12.64717593	9.048748117	0.502108978	0.297223393
aligned_38075IM5-Total-PL5_G01_01 20200806_000173.raw	520.3756671	615.3133624	398.2738223	178.8365905	183.4639279	32.78623429	968.757076	6329.879608	1784.005374	432.2251593	974.2593557	409.1459054	38.18799355	279.1784972	12.65061633	9.750936209	8.133700683	453.1595597	1377.55185	66.95658181	66.54575805	120.9736807	9.414752359	8.229370619		17.79590141
aligned_38075IM5-Total-PL5_G02_01 20200806_000174.raw	1012.307842	1223.562011	553.9116856	373.4182041	374.5439332	67.07517438	1038.438576	8202.799078	1599.196478	572.1179358	1407.237913	630.8519527	46.41817866	358.7134265	27.99742187	16.67644037	17.77443137	642.509384	3102.636282	174.5717121	119.3112379	191.4470923	10.68394787	19.03462266		35.23073921
aligned_38075IM5-Total-PL5_G03_01 20200806_000175.raw	999.001568	1753.194356	552.2714434	431.0244635	418.3419671	73.12833399	1079.18525	8065.777961	1624.589855	603.9428748	1519.359066	615.9210067	57.51828445	429.458553	29.92976648	15.1170938	17.79560072	711.9424737	3166.142786	180.2989532	123.0433242	189.0797226	14.41607312	19.87583229	0.358860074	35.93305117
aligned_38075IM5-Total-PL5_G04_01 20200806_000176.raw	1319.312236	2190.311463	686.6886552	488.9645747	403.0484524	97.62679808	1089.227085	9025.448355	1615.31089	690.1488964	1618.687184	612.9710973	73.50354892	491.8594686	33.60616588	17.35833827	25.39409155	935.9571141	3288.2031	205.6965953	138.1108086	209.1656943	15.15773671	25.57451999	0.03820076	39.66765209
aligned_38075IM5-Total-PL5_G05_01 20200806_000177.raw	946.8890737	1769.194251	617.24117	375.1648898	378.7449853	83.66712666	994.4753173	9153.311892	1024.368521	621.5014573	1533.139842	663.5341387	63.36087903	431.6410732	26.19138837	18.71789596	23.35255149	825.5305199	3536.172328	187.5628017	134.5294975	168.5053536	14.94313817	20.90204432	0.112887309	35.21831326
aligned_38075IM5-Total-PL5_G06_01 20200806_000178.raw	127.1373561	177.6537586	133.0343157	28.23375527	81.75128881	9.77410132	1105.086588	3485.396856	1089.223753	457.7799714	631.0414228	257.7554246	14.60270574	84.28188483	5.77313389	3.870745984	8.798204589	179.6703049	954.5486153	46.17144988	31.70477799	62.08309139	7.257387132	10.58802904		8.899651129
